city,bedrooms,bathrooms,sqft_living,sqft_lot,sqft_above,sqft_basement,floors,waterfront,view,condition,yr_built,yr_renovated,was_renovated,date,price
Shoreline,3,1.5,1340,7912,1340,0,1.5,0,0,3,1955,0,0,2014-05-02,313000.0
Seattle,5,2.5,3650,9050,3370,280,2.0,0,4,5,1921,0,0,2014-05-02,2384000.0
Kent,3,2.0,1930,11947,1930,0,1.0,0,0,4,1966,0,0,2014-05-02,342000.0
Bellevue,3,2.25,2000,8030,1000,1000,1.0,0,0,4,1963,0,0,2014-05-02,420000.0
Redmond,4,2.5,1940,10500,1140,800,1.0,0,0,4,1976,0,0,2014-05-02,550000.0
Seattle,2,1.0,880,6380,880,0,1.0,0,0,3,1938,1994,1,2014-05-02,490000.0
Redmond,2,2.0,1350,2560,1350,0,1.0,0,0,3,1976,0,0,2014-05-02,335000.0
Maple Valley,4,2.5,2710,35868,2710,0,2.0,0,0,3,1989,0,0,2014-05-02,482000.0
North Bend,3,2.5,2430,88426,1570,860,1.0,0,0,4,1985,0,0,2014-05-02,452500.0
Seattle,4,2.0,1520,6200,1520,0,1.5,0,0,3,1945,0,0,2014-05-02,640000.0
Lake Forest Park,3,1.75,1710,7320,1710,0,1.0,0,0,3,1948,0,0,2014-05-02,463000.0
Seattle,4,2.5,2920,4000,1910,1010,1.5,0,0,5,1909,0,0,2014-05-02,1400000.0
Sammamish,3,1.75,2330,14892,1970,360,1.0,0,0,3,1980,0,0,2014-05-02,588500.0
Seattle,3,1.0,1090,6435,1090,0,1.0,0,0,4,1955,0,0,2014-05-02,365000.0
Seattle,5,2.75,2910,9480,2910,0,1.5,0,0,3,1939,0,0,2014-05-02,1200000.0
Kent,3,1.5,1200,9720,1200,0,1.0,0,0,4,1965,0,0,2014-05-02,242500.0
Bellevue,3,1.5,1570,6700,1570,0,1.0,0,0,4,1956,0,0,2014-05-02,419000.0
Auburn,4,3.0,3110,7231,3110,0,2.0,0,0,3,1997,0,0,2014-05-02,367500.0
Des Moines,3,1.75,1370,5858,1370,0,1.0,0,0,3,1987,0,0,2014-05-02,257950.0
North Bend,3,1.5,1180,10277,1180,0,1.0,0,0,3,1983,0,0,2014-05-02,275000.0
Seattle,3,1.75,2240,10578,1550,690,2.0,0,0,5,1923,0,0,2014-05-02,750000.0
Bellevue,4,1.0,1450,8800,1450,0,1.0,0,0,4,1954,0,0,2014-05-02,435000.0
Seattle,3,2.25,1750,1572,1470,280,2.5,0,0,3,2005,0,0,2014-05-02,626000.0
Bothell,4,2.5,2730,12261,2730,0,2.0,0,0,3,1991,0,0,2014-05-02,612500.0
Seattle,4,1.75,1600,6380,1130,470,1.0,0,0,3,1959,0,0,2014-05-02,495000.0
Federal Way,3,2.5,2090,10834,1360,730,1.0,0,0,4,1987,0,0,2014-05-02,285000.0
Seattle,3,1.75,2360,7291,1360,1000,1.0,0,0,4,1948,0,0,2014-05-02,615000.0
Kirkland,4,2.25,2200,11250,1300,900,1.5,0,0,5,1920,0,0,2014-05-02,698000.0
Issaquah,5,2.5,2820,67518,2820,0,2.0,0,0,3,1979,0,0,2014-05-02,675000.0
Seattle,3,2.5,2600,4750,1700,900,1.0,0,0,4,1951,0,0,2014-05-02,790000.0
Kirkland,4,1.75,1560,8700,1560,0,1.0,0,0,4,1967,0,0,2014-05-02,382500.0
Woodinville,4,2.5,2860,3345,2190,670,2.0,0,0,3,2004,0,0,2014-05-02,499950.0
Seattle,4,2.0,1820,5000,1640,180,1.5,0,1,3,1945,0,0,2014-05-02,650000.0
Shoreline,4,2.5,2820,8408,2820,0,2.0,0,0,3,2014,0,0,2014-05-02,625000.0
Auburn,4,2.5,3630,42884,2300,1330,1.5,0,0,3,1979,0,0,2014-05-02,400000.0
Federal Way,3,2.5,3240,33151,3240,0,2.0,0,2,3,1995,0,0,2014-05-02,604000.0
Seattle,2,1.0,800,4850,800,0,1.0,0,0,4,1944,0,0,2014-05-02,440000.0
Maple Valley,3,3.0,1850,19966,1090,760,1.0,0,0,4,1992,0,0,2014-05-02,287200.0
Normandy Park,3,2.0,1960,13100,1650,310,1.0,0,2,5,1957,0,0,2014-05-02,403000.0
Seattle,3,2.5,2390,6550,1440,950,1.0,0,2,4,1955,0,0,2014-05-02,750000.0
Fall City,3,2.25,1580,16215,1580,0,1.0,0,0,4,1978,0,0,2014-05-02,335000.0
Renton,4,2.0,1480,8625,1480,0,1.0,0,0,4,1974,0,0,2014-05-02,260000.0
Shoreline,2,1.0,850,6174,850,0,1.0,0,0,4,1950,0,0,2014-05-02,308500.0
Seattle,3,2.5,1770,2875,1770,0,2.0,0,0,3,1990,0,0,2014-05-02,439950.0
Seattle,2,1.0,1210,9400,1210,0,1.0,0,0,2,1949,0,0,2014-05-02,235000.0
Woodinville,3,1.0,1160,9180,1160,0,1.0,0,0,3,1968,0,0,2014-05-02,315000.0
Issaquah,3,2.25,1970,35100,1970,0,2.0,0,0,4,1977,0,0,2014-05-02,437500.0
Renton,3,2.5,1930,10460,1930,0,2.0,0,0,3,1996,0,0,2014-05-02,407500.0
Seattle,3,2.5,1270,1180,1270,0,3.0,0,0,3,2001,0,0,2014-05-02,445700.0
Redmond,4,2.5,3310,42998,3310,0,2.0,0,0,3,2001,0,0,2014-05-02,838000.0
Issaquah,4,2.75,2710,37277,2710,0,2.0,0,0,3,2000,0,0,2014-05-02,630000.0
Sammamish,3,1.75,2910,35200,2910,0,1.5,0,0,3,1979,0,0,2014-05-02,550000.0
Seattle,3,2.0,2710,4500,1880,830,1.5,0,0,4,1929,0,0,2014-05-02,805000.0
Carnation,3,1.75,1800,23103,1800,0,1.0,0,0,3,1968,0,0,2014-05-02,284000.0
Bothell,5,2.5,2210,9655,1460,750,1.0,0,0,3,1976,0,0,2014-05-02,470000.0
Bellevue,4,1.5,1920,10000,1070,850,1.0,0,0,4,1954,0,0,2014-05-02,430000.0
Auburn,4,1.75,2190,125452,2190,0,1.0,0,2,3,1968,0,0,2014-05-02,491500.0
Snoqualmie,5,3.25,3660,11995,3660,0,2.0,0,2,3,2006,0,0,2014-05-02,785000.0
Seattle,3,3.25,1320,1327,1040,280,2.0,0,0,3,2008,0,0,2014-05-02,385000.0
Seattle,2,2.5,1630,1368,1280,350,2.0,0,0,3,2009,0,0,2014-05-02,295000.0
Snoqualmie,4,2.5,3310,6500,3310,0,2.0,0,0,3,2012,0,0,2014-05-02,555000.0
North Bend,3,2.5,2680,5539,2680,0,2.0,0,0,3,2013,0,0,2014-05-02,459990.0
Renton,4,3.25,2730,54014,1560,1170,1.0,0,0,3,2007,0,0,2014-05-02,625000.0
Kent,3,2.5,2540,5050,2540,0,2.0,0,0,3,2006,0,0,2014-05-02,300000.0
Renton,4,2.75,2920,6605,2920,0,2.0,0,0,3,2012,0,0,2014-05-03,625000.0
Seattle,2,1.0,900,5000,900,0,1.0,0,0,3,1944,0,0,2014-05-03,553000.0
Issaquah,3,2.5,1650,14054,1130,520,1.0,0,0,4,1986,0,0,2014-05-03,379880.0
Snoqualmie,3,1.0,1010,9945,1010,0,1.0,0,0,4,1973,0,0,2014-05-03,310000.0
Redmond,2,2.5,2680,7392,2680,0,1.0,0,0,3,2004,0,0,2014-05-04,775000.0
Renton,3,2.5,2200,7350,1570,630,1.0,0,0,5,1988,0,0,2014-05-04,365000.0
Auburn,4,2.5,2530,9933,2010,520,2.0,0,2,3,1990,0,0,2014-05-04,331950.0
Seattle,3,2.5,2850,7130,1990,860,2.0,0,0,3,1980,0,0,2014-05-04,783500.0
Seattle,4,2.0,2280,6010,1140,1140,1.0,0,0,3,1900,0,0,2014-05-04,628000.0
Sammamish,3,2.5,1900,8744,1900,0,2.0,0,0,3,1987,0,0,2014-05-05,560000.0
Kirkland,3,1.0,1330,77972,1330,0,1.0,0,0,3,1928,1954,1,2014-05-05,900000.0
Seattle,2,3.0,1270,1175,1110,160,2.0,0,0,3,2000,0,0,2014-05-05,531000.0
Seattle,4,3.0,2170,4000,1610,560,2.0,0,0,4,1982,2011,1,2014-05-05,831000.0
Sammamish,4,2.5,2730,10281,2730,0,2.0,0,2,3,1996,0,0,2014-05-05,780000.0
Bellevue,4,2.5,2120,10202,1620,500,1.0,0,0,4,1960,0,0,2014-05-05,755000.0
Issaquah,3,2.5,2490,4343,2490,0,2.0,0,0,3,2003,0,0,2014-05-05,705380.0
Issaquah,4,2.25,1990,7712,1210,780,1.0,0,0,3,1973,0,0,2014-05-05,627000.0
Sammamish,4,3.0,3690,9892,3690,0,2.0,0,0,3,1998,0,0,2014-05-05,865000.0
Seattle,2,1.0,2540,7000,1320,1220,1.0,0,0,5,1942,0,0,2014-05-05,580000.0
Issaquah,3,2.25,1800,36704,1360,440,1.0,0,0,4,1978,0,0,2014-05-05,410000.0
Kirkland,4,3.0,2340,7048,1340,1000,1.0,0,0,4,1979,0,0,2014-05-05,485000.0
Shoreline,2,1.75,2110,9519,2110,0,1.0,0,0,2,1948,0,0,2014-05-05,400000.0
Seattle,2,1.0,1140,5400,1140,0,1.0,0,0,5,1908,0,0,2014-05-05,549000.0
Kirkland,3,1.75,1480,2185,1480,0,2.5,0,0,3,2005,0,0,2014-05-05,620000.0
Seattle,2,3.0,1410,1240,1140,270,2.0,0,0,3,2006,0,0,2014-05-05,405000.0
Des Moines,2,1.0,1200,8063,1200,0,1.0,0,0,4,1958,0,0,2014-05-05,232000.0
Kirkland,5,2.5,3180,13806,3180,0,2.0,0,0,4,1990,0,0,2014-05-05,800866.0
Seattle,3,1.5,2160,9000,1400,760,1.0,0,2,4,1949,0,0,2014-05-05,650000.0
Seattle,6,1.75,2920,5000,2780,140,2.5,0,0,4,1908,0,0,2014-05-05,823000.0
Seattle,3,2.0,2350,5700,1810,540,1.5,0,0,4,1939,0,0,2014-05-05,770000.0
Seattle,3,1.75,1560,5520,780,780,1.0,0,0,4,1944,0,0,2014-05-05,524000.0
Bellevue,5,2.75,2740,8426,1370,1370,1.0,0,0,4,1960,0,0,2014-05-05,541125.0
Seattle,3,2.5,1680,2000,1680,0,3.0,0,0,3,1909,1998,1,2014-05-05,670000.0
Federal Way,5,2.5,3090,12750,1750,1340,1.0,0,0,3,1968,0,0,2014-05-05,384900.0
Seattle,3,2.25,1410,1332,1410,0,3.0,0,0,3,2005,0,0,2014-05-05,406100.0
Seattle,5,3.5,4010,8510,2850,1160,2.0,0,1,5,1971,0,0,2014-05-05,1395000.0
Renton,4,2.5,3180,21904,3180,0,2.0,0,3,3,2000,0,0,2014-05-05,736500.0
Redmond,3,2.25,2010,6000,1330,680,1.0,0,0,3,1975,0,0,2014-05-05,570000.0
Bellevue,3,1.75,1330,7500,1330,0,1.0,0,0,3,1961,0,0,2014-05-05,787000.0
Auburn,4,2.5,2370,6500,2370,0,2.0,0,0,3,1998,0,0,2014-05-05,328000.0
Seattle,5,2.0,1840,9240,1540,300,1.0,0,0,4,1942,1958,1,2014-05-05,435000.0
Snoqualmie,4,2.5,2910,6479,2910,0,2.0,0,0,3,2006,0,0,2014-05-05,499000.0
Bellevue,4,1.0,2070,7519,1160,910,1.0,0,0,3,1963,0,0,2014-05-05,501000.0
Redmond,4,2.5,4340,141570,4340,0,2.5,0,0,3,1992,0,0,2014-05-05,1090000.0
Seattle,2,1.0,840,5510,840,0,1.0,0,0,3,1955,0,0,2014-05-05,400000.0
Federal Way,4,1.5,1240,9600,1240,0,1.0,0,0,3,1971,0,0,2014-05-05,220000.0
Seattle,4,1.0,1390,4240,1050,340,1.0,0,0,3,1924,0,0,2014-05-05,657100.0
Maple Valley,4,2.75,2310,5000,2310,0,2.0,0,0,3,2006,0,0,2014-05-05,309950.0
Duvall,3,2.0,1050,10072,1050,0,1.0,0,0,3,1986,0,0,2014-05-05,300000.0
Issaquah,5,1.75,2550,71874,1810,740,1.0,0,0,5,1960,0,0,2014-05-05,525888.0
Seattle,4,1.75,2010,3600,2010,0,1.5,0,0,3,1902,0,0,2014-05-05,740000.0
Kirkland,5,1.0,1120,9022,1120,0,1.5,0,0,4,1962,0,0,2014-05-05,340000.0
Seattle,3,2.5,2230,4000,2230,0,2.0,0,0,3,1954,0,0,2014-05-05,398750.0
Burien,2,1.0,810,7158,810,0,1.0,0,0,5,1944,0,0,2014-05-05,206000.0
Bellevue,5,2.75,3190,16920,1690,1500,1.0,0,3,3,1976,0,0,2014-05-05,1030000.0
Sammamish,3,1.75,1670,39639,1670,0,1.0,0,0,4,1976,1992,1,2014-05-05,600000.0
Shoreline,4,1.75,1970,9389,1140,830,1.0,0,0,5,1960,0,0,2014-05-05,379950.0
Seattle,3,1.0,1450,6000,1450,0,1.0,0,0,4,1953,0,0,2014-05-05,287000.0
Redmond,7,8.0,13540,307752,9410,4130,3.0,0,4,3,1999,0,0,2014-05-05,2280000.0
Renton,3,2.5,1880,7838,1880,0,2.0,0,0,3,1994,0,0,2014-05-05,309950.0
Seattle,3,1.75,1880,6360,1040,840,1.0,0,0,4,1945,0,0,2014-05-05,600000.0
Seattle,3,2.0,1410,6030,1410,0,1.5,0,0,4,1930,0,0,2014-05-05,418000.0
Seattle,4,2.0,1480,3844,1480,0,1.5,0,0,5,1928,0,0,2014-05-05,449250.0
Seattle,2,1.0,1140,5250,1140,0,1.5,0,0,4,1949,0,0,2014-05-05,329950.0
Auburn,3,1.75,1920,9306,1000,920,1.0,0,0,3,1984,0,0,2014-05-05,245000.0
Renton,4,2.5,2910,6338,2910,0,2.0,0,0,3,2008,0,0,2014-05-05,549000.0
Sammamish,3,2.5,3240,7857,3240,0,2.0,0,0,3,1994,0,0,2014-05-05,800000.0
Renton,3,2.0,1550,15040,1550,0,1.0,0,0,4,1958,0,0,2014-05-05,249950.0
Des Moines,5,2.0,2050,10200,1430,620,1.0,0,0,3,1956,0,0,2014-05-05,210000.0
Seattle,2,2.5,2220,4000,2220,0,2.0,0,0,3,2000,0,0,2014-05-05,1425000.0
Seattle,2,1.0,1770,8640,1520,250,1.5,0,0,3,1949,0,0,2014-05-05,585000.0
Redmond,4,1.75,2300,11700,1960,340,1.0,0,0,4,1977,0,0,2014-05-05,615000.0
Seattle,3,2.0,1800,5000,1080,720,1.0,0,0,4,1942,0,0,2014-05-05,618500.0
Kirkland,4,1.75,2010,9211,1470,540,1.0,0,0,3,1977,0,0,2014-05-05,487585.0
Issaquah,3,2.5,1790,2700,1790,0,2.0,0,0,3,2010,0,0,2014-05-05,509900.0
Seattle,4,2.5,2440,6651,2440,0,2.0,0,0,3,2014,0,0,2014-05-05,631625.0
Issaquah,3,2.5,1940,3211,1940,0,2.0,0,0,3,2009,0,0,2014-05-05,555000.0
Seattle,2,1.5,1160,1438,1160,0,2.0,0,0,3,2001,0,0,2014-05-05,340000.0
Redmond,4,2.5,3400,9692,3400,0,2.0,0,0,3,2007,0,0,2014-05-05,830000.0
Issaquah,4,4.25,4420,5750,3410,1010,2.0,0,0,3,2006,0,0,2014-05-05,890000.0
Seattle,3,3.0,1571,2017,1571,0,3.0,0,0,3,2008,0,0,2014-05-05,366750.0
Issaquah,3,2.25,1620,998,1540,80,2.5,0,0,3,2010,0,0,2014-05-05,415000.0
Seattle,3,2.5,1408,989,1408,0,3.0,0,0,3,2005,0,0,2014-05-05,416286.0
Renton,3,2.5,3040,4535,3040,0,2.0,0,0,3,2007,0,0,2014-05-05,478000.0
Issaquah,5,3.5,4490,6000,3200,1290,2.0,0,0,3,2006,0,0,2014-05-05,890000.0
Issaquah,2,2.5,1590,1426,1590,0,2.0,0,0,3,2014,0,0,2014-05-05,419190.0
Redmond,4,2.5,2450,4247,2450,0,2.0,0,0,3,2013,0,0,2014-05-05,712198.0
Kirkland,4,2.0,1440,7680,1200,240,1.0,0,0,3,1971,0,0,2014-05-06,397000.0
Seattle,2,2.0,1100,3000,1100,0,1.5,0,0,3,1912,2005,1,2014-05-06,450000.0
Seattle,3,1.0,1350,7740,860,490,1.0,0,0,4,1947,0,0,2014-05-06,353000.0
Redmond,4,2.5,2150,37981,2150,0,2.0,0,0,3,1985,0,0,2014-05-06,609000.0
Covington,3,1.75,1490,8366,1010,480,1.0,0,0,4,1975,0,0,2014-05-06,234000.0
Seattle,3,2.0,2000,7000,2000,0,2.0,0,0,3,1916,1986,1,2014-05-06,561000.0
Seattle,2,1.0,1030,4400,1030,0,1.0,0,0,3,1924,0,0,2014-05-06,469000.0
Seattle,2,1.0,720,6687,720,0,1.0,0,0,3,1942,0,0,2014-05-06,329350.0
Seattle,5,2.0,2020,5000,2020,0,1.5,0,0,4,1938,0,0,2014-05-06,488000.0
Des Moines,3,1.75,1580,8151,1100,480,1.0,0,1,4,1962,0,0,2014-05-06,279900.0
Issaquah,4,2.5,2110,13850,2110,0,2.0,0,0,3,1987,0,0,2014-05-06,606000.0
Seattle,4,2.0,1300,7054,1300,0,1.0,0,0,3,1950,2013,1,2014-05-06,312000.0
Seattle,3,1.5,1630,7475,1160,470,1.0,0,1,3,1940,0,0,2014-05-06,650000.0
Seattle,4,2.75,3370,8103,1970,1400,1.0,0,3,3,1970,2014,1,2014-05-06,1135000.0
Seattle,4,2.5,1890,6156,980,910,1.0,0,0,3,1980,0,0,2014-05-06,325000.0
Inglewood-Finn Hill,4,2.0,1520,7983,1520,0,1.0,0,0,5,1967,0,0,2014-05-06,425000.0
Seattle,2,1.0,900,5160,900,0,1.0,0,0,3,1952,0,0,2014-05-06,219000.0
Shoreline,3,1.0,1050,6874,1050,0,1.0,0,0,3,1954,0,0,2014-05-06,250000.0
Bellevue,3,1.75,1260,6500,1260,0,1.0,0,0,4,1966,0,0,2014-05-06,390000.0
Kenmore,6,3.0,3470,117612,3470,0,1.5,0,0,3,1924,0,0,2014-05-06,475000.0
Bellevue,4,2.5,2290,12047,2290,0,2.0,0,0,4,1988,0,0,2014-05-06,736000.0
Des Moines,4,2.25,2810,23400,1710,1100,1.0,0,1,3,1958,0,0,2014-05-06,407000.0
Carnation,3,2.5,1650,13816,1650,0,2.0,0,0,3,1998,0,0,2014-05-06,272000.0
Burien,3,2.25,1640,14374,1140,500,1.0,0,0,4,1963,0,0,2014-05-06,362000.0
Kirkland,3,2.5,1850,10109,1850,0,2.0,0,0,3,1991,0,0,2014-05-06,535000.0
Kent,4,2.5,2000,5390,2000,0,2.0,0,0,3,2003,0,0,2014-05-06,284000.0
Shoreline,3,1.5,1410,9647,1410,0,1.0,0,0,3,1961,0,0,2014-05-06,367500.0
Kenmore,4,1.75,1500,11600,1000,500,1.0,0,0,4,1955,0,0,2014-05-06,379900.0
Renton,3,2.5,2460,54885,2460,0,2.0,0,0,4,1980,0,0,2014-05-06,520000.0
Renton,3,1.0,1010,7034,1010,0,1.0,0,0,3,1954,0,0,2014-05-06,175000.0
Seattle,2,2.25,1230,929,1020,210,2.0,0,0,3,2004,0,0,2014-05-06,460000.0
Renton,4,2.5,2331,3826,2331,0,2.0,0,0,3,2007,0,0,2014-05-06,345000.0
Kirkland,5,2.5,2240,7770,1340,900,1.0,0,0,3,1978,0,0,2014-05-06,455000.0
Bellevue,4,3.0,2450,10117,1580,870,1.0,0,0,5,1967,0,0,2014-05-06,610000.0
Kenmore,4,3.0,3100,15480,2400,700,2.0,0,0,3,1996,0,0,2014-05-06,563000.0
Seattle,4,2.0,2060,5000,1030,1030,1.0,0,0,3,1949,2013,1,2014-05-06,612500.0
Federal Way,3,1.75,1850,7684,1320,530,1.0,0,0,3,1979,0,0,2014-05-06,218000.0
Bellevue,4,1.75,1840,10720,960,880,1.0,0,0,3,1958,0,0,2014-05-06,404000.0
Redmond,4,2.0,3740,32417,3740,0,2.0,0,0,3,2000,0,0,2014-05-06,860000.0
Federal Way,3,1.5,1420,8580,1420,0,1.0,0,0,3,1962,0,0,2014-05-06,136500.0
Seattle,3,1.0,1510,6083,860,650,1.0,0,0,4,1940,0,0,2014-05-06,313950.0
Seattle,3,1.75,2130,6500,1170,960,1.0,0,2,3,1954,0,0,2014-05-06,575000.0
Seattle,4,2.25,3490,6906,2280,1210,2.0,0,0,4,1928,0,0,2014-05-06,1225000.0
North Bend,3,1.75,1630,11800,1630,0,1.0,0,0,4,1971,0,0,2014-05-06,280000.0
Sammamish,3,2.5,1790,7167,1790,0,2.0,0,0,3,1989,0,0,2014-05-06,515000.0
Kenmore,4,2.5,2000,5684,2000,0,2.0,0,0,3,1996,0,0,2014-05-06,513000.0
Bellevue,4,2.25,2260,29930,1400,860,2.0,0,0,4,1977,0,0,2014-05-06,599000.0
Sammamish,4,2.5,3030,7864,3030,0,2.0,0,0,3,1999,0,0,2014-05-06,685000.0
Seattle,3,1.5,1310,8160,1310,0,1.0,0,0,3,1950,0,0,2014-05-06,365000.0
Sammamish,4,2.5,3880,14550,3880,0,2.0,0,0,3,1987,0,0,2014-05-06,762300.0
Seattle,4,3.25,3760,10920,2400,1360,1.5,0,0,5,1950,0,0,2014-05-06,1580000.0
Redmond,5,2.25,3040,8111,3040,0,2.0,0,0,3,1984,0,0,2014-05-06,562000.0
Bellevue,5,2.5,2910,9636,1690,1220,1.0,0,0,4,1964,0,0,2014-05-06,530000.0
Sammamish,3,2.5,2970,11985,1770,1200,1.0,0,0,3,1995,0,0,2014-05-06,525000.0
Seattle,2,1.75,1660,6000,1160,500,1.0,0,0,3,1942,0,0,2014-05-06,484000.0
Newcastle,4,2.5,3200,12369,3200,0,2.0,0,0,3,1998,0,0,2014-05-06,725126.0
Auburn,4,2.0,2680,18768,2680,0,1.0,0,0,5,1965,0,0,2014-05-06,360000.0
Newcastle,3,1.0,1230,9568,1230,0,1.0,0,0,5,1962,0,0,2014-05-06,387000.0
Woodinville,4,2.5,2740,45732,2740,0,2.0,0,0,3,1995,0,0,2014-05-06,483500.0
Shoreline,4,3.5,3380,8330,3380,0,2.0,0,0,3,2000,0,0,2014-05-06,655500.0
Seattle,3,1.0,1110,6250,1110,0,1.0,0,0,3,1956,0,0,2014-05-06,345000.0
Seattle,5,2.75,1800,3780,1400,400,1.5,0,0,3,1926,0,0,2014-05-06,533000.0
Seattle,3,1.75,1900,5520,1280,620,1.0,0,0,3,1982,0,0,2014-05-06,385000.0
Bellevue,2,1.0,930,36478,930,0,1.0,0,2,3,1951,0,0,2014-05-06,675000.0
Auburn,3,1.75,1690,7735,1060,630,1.0,0,0,4,1976,0,0,2014-05-06,197000.0
Seattle,3,2.0,1420,4080,1420,0,1.5,0,0,3,1905,2013,1,2014-05-06,485000.0
Mercer Island,5,4.0,4510,15175,4510,0,2.0,0,0,3,1969,2002,1,2014-05-06,1870000.0
Federal Way,3,2.25,1980,8000,1560,420,1.0,0,0,4,1974,0,0,2014-05-06,295000.0
Seattle,2,1.75,1170,2400,740,430,1.0,0,0,4,1903,0,0,2014-05-06,499000.0
Seattle,3,2.5,2200,1970,1610,590,2.0,0,0,3,2008,0,0,2014-05-06,1050000.0
Federal Way,3,1.5,800,8850,800,0,1.0,0,0,4,1959,0,0,2014-05-06,191000.0
Seattle,3,2.5,1480,1171,1480,0,3.0,0,0,3,2006,0,0,2014-05-06,500000.0
Seattle,5,3.75,2890,5000,1310,1580,1.0,0,0,3,2006,0,0,2014-05-06,390000.0
Seattle,3,2.5,2690,4047,2690,0,3.0,0,0,3,2014,0,0,2014-05-06,979000.0
Renton,4,3.25,3569,8327,3569,0,2.0,0,0,3,2013,0,0,2014-05-06,580000.0
Seattle,3,2.0,1270,1320,1270,0,3.0,0,0,3,2006,0,0,2014-05-06,369950.0
Bellevue,5,5.0,4490,10279,3930,560,2.0,0,0,3,2013,0,0,2014-05-06,1800000.0
Redmond,4,2.5,3040,6425,3040,0,2.0,0,0,3,2008,0,0,2014-05-06,776000.0
Seattle,3,2.25,1170,1249,1170,0,3.0,0,0,3,2014,0,0,2014-05-07,519950.0
Burien,5,2.25,2060,8632,1030,1030,1.0,0,0,3,1962,0,0,2014-05-07,255000.0
Seattle,3,1.0,990,6000,990,0,1.0,0,0,3,1943,0,0,2014-05-07,495000.0
Shoreline,4,2.5,2430,5203,2430,0,2.0,0,0,3,2003,0,0,2014-05-07,510000.0
Redmond,4,4.0,4460,103382,4460,0,2.0,0,0,3,2001,0,0,2014-05-07,1150000.0
Black Diamond,3,1.75,1250,10122,1250,0,1.0,0,0,3,1994,0,0,2014-05-07,253000.0
Kirkland,3,2.75,1540,6760,1210,330,1.0,0,0,5,1980,0,0,2014-05-07,503000.0
Maple Valley,3,2.5,1600,7000,1600,0,2.0,0,0,4,1993,0,0,2014-05-07,275000.0
Burien,3,1.0,1110,8423,1110,0,1.0,0,0,3,1952,0,0,2014-05-07,249000.0
Renton,3,1.75,1840,10723,1220,620,1.0,0,0,4,1974,0,0,2014-05-07,310000.0
Seattle,3,2.75,2520,5401,1360,1160,1.0,0,0,4,1946,0,0,2014-05-07,750000.0
Ravensdale,3,2.5,2680,327135,2680,0,2.0,0,0,3,1995,0,0,2014-05-07,630000.0
Seattle,9,4.5,3830,6988,2450,1380,2.5,0,0,3,1938,0,0,2014-05-07,599999.0
Kirkland,4,2.75,2410,9549,1780,630,1.0,0,0,4,1956,0,0,2014-05-07,758000.0
Covington,4,1.75,1720,10018,1720,0,1.0,0,0,5,1960,0,0,2014-05-07,248500.0
Kent,3,1.75,2070,37904,1420,650,1.0,0,0,4,1973,0,0,2014-05-07,310000.0
Redmond,3,2.0,1760,9055,1760,0,2.0,0,0,4,1985,0,0,2014-05-07,460000.0
Bellevue,3,1.75,1680,10500,1680,0,1.0,0,0,4,1959,0,0,2014-05-07,675000.0
Seattle,2,2.0,1550,2400,1550,0,1.5,0,0,4,1900,0,0,2014-05-07,526000.0
Carnation,3,3.0,4120,60392,3180,940,2.0,0,2,3,1994,0,0,2014-05-07,560000.0
Bothell,4,3.0,1830,9548,1830,0,2.0,0,0,3,1991,0,0,2014-05-07,415000.0
Burien,3,1.0,1400,7410,1400,0,1.0,0,0,3,1944,0,0,2014-05-07,246000.0
Federal Way,3,1.75,1870,12381,1870,0,1.0,0,0,4,1957,0,0,2014-05-07,314500.0
Seattle,7,4.5,6210,8856,4760,1450,2.5,0,2,5,1910,0,0,2014-05-07,3200000.0
Seattle,2,1.5,1040,3500,1040,0,1.5,0,0,4,1904,0,0,2014-05-07,420000.0
Carnation,3,1.75,2720,149410,2720,0,1.5,0,0,3,1988,0,0,2014-05-07,535000.0
Kirkland,3,1.0,1010,9360,1010,0,1.0,0,0,3,1981,0,0,2014-05-07,350000.0
Bellevue,3,1.75,1580,9147,1210,370,1.0,0,1,4,1967,0,0,2014-05-07,515000.0
Seattle,4,2.75,2600,6050,1960,640,2.0,0,0,5,1949,0,0,2014-05-07,749950.0
Renton,3,2.5,1920,9180,1920,0,2.0,0,0,3,1988,0,0,2014-05-07,230000.0
Seattle,3,2.0,2350,5080,1780,570,1.5,0,0,3,1929,0,0,2014-05-07,568000.0
Burien,1,1.0,1100,4373,820,280,1.0,0,0,2,1947,0,0,2014-05-07,250000.0
Kirkland,4,2.0,2510,13695,1280,1230,1.0,0,0,4,1961,2001,1,2014-05-07,581000.0
Kent,3,2.5,3240,108366,3240,0,2.0,0,0,4,1991,0,0,2014-05-07,651000.0
Issaquah,3,2.5,2460,108900,1860,600,1.0,0,0,4,1977,0,0,2014-05-07,600000.0
Seattle,2,1.0,1010,3885,1010,0,1.5,0,0,4,1906,1990,1,2014-05-07,500000.0
Seattle,2,1.0,820,2723,820,0,1.0,0,0,3,1921,0,0,2014-05-07,475000.0
Seattle,5,2.5,2420,8560,1620,800,1.0,0,2,3,1978,0,0,2014-05-07,352000.0
Kirkland,3,2.25,1770,8165,1770,0,2.0,0,0,3,1977,0,0,2014-05-07,420000.0
Redmond,2,2.0,1350,3900,1350,0,1.0,0,0,3,2003,0,0,2014-05-07,428000.0
Seattle,3,1.75,1960,4788,1090,870,1.0,0,0,4,1920,0,0,2014-05-07,599000.0
Shoreline,4,2.5,3305,16164,2245,1060,1.5,0,0,5,1922,1956,1,2014-05-07,492000.0
Renton,2,2.25,2550,5663,1720,830,1.0,0,0,3,2011,0,0,2014-05-07,630000.0
Woodinville,5,3.75,4130,226076,3170,960,2.0,0,0,3,1985,0,0,2014-05-07,900000.0
Clyde Hill,4,1.5,2310,13300,1890,420,1.0,0,0,3,1950,0,0,2014-05-07,1110000.0
Seattle,4,2.0,1650,5000,1650,0,1.0,0,0,3,1955,0,0,2014-05-07,575000.0
Seattle,4,2.5,2650,4316,1520,1130,1.5,0,0,3,1905,2013,1,2014-05-07,705000.0
Seattle,4,2.25,1890,5940,1470,420,1.0,0,1,3,1963,0,0,2014-05-07,940000.0
Federal Way,3,1.75,2190,8000,2190,0,1.0,0,0,4,1967,0,0,2014-05-07,313000.0
Issaquah,3,2.5,2030,6500,2030,0,2.0,0,0,3,1988,0,0,2014-05-07,618080.0
Renton,3,3.0,2270,5175,2130,140,2.0,0,0,3,2002,0,0,2014-05-07,640000.0
Seattle,3,2.0,1610,4160,1010,600,1.0,0,0,4,1917,0,0,2014-05-07,485000.0
Seattle,2,1.0,760,3001,760,0,1.0,0,0,3,1913,0,0,2014-05-07,300000.0
Redmond,2,1.0,1640,17335,840,800,1.0,0,0,3,1978,0,0,2014-05-07,379500.0
Renton,3,2.25,1630,12295,1630,0,2.0,0,0,4,1985,0,0,2014-05-07,339950.0
Seattle,6,2.5,3560,6480,3560,0,2.5,0,0,4,1914,0,0,2014-05-07,1500000.0
Seattle,3,3.0,2960,5500,2440,520,2.0,0,2,3,1937,1990,1,2014-05-07,1340000.0
Issaquah,3,2.5,1940,37565,1940,0,1.0,0,0,4,1987,0,0,2014-05-07,500000.0
Kent,3,2.0,1410,7566,1410,0,1.0,0,0,3,1985,0,0,2014-05-07,239900.0
Renton,3,1.0,1040,16986,1040,0,1.0,0,0,4,1968,0,0,2014-05-07,314950.0
Seattle,2,1.0,820,6400,820,0,1.0,0,0,4,1944,0,0,2014-05-07,361280.0
Algona,2,1.0,910,22000,910,0,1.0,0,0,3,1956,0,0,2014-05-07,100000.0
Lake Forest Park,7,5.75,3700,7647,3700,0,2.0,0,1,3,1948,1984,1,2014-05-07,540000.0
Woodinville,4,2.5,2180,11200,2180,0,1.0,0,0,4,1968,0,0,2014-05-07,480500.0
Auburn,3,2.5,1600,4271,1600,0,2.0,0,0,3,2000,0,0,2014-05-07,280000.0
Seattle,3,1.75,1500,6180,1060,440,1.0,0,0,4,1947,0,0,2014-05-07,440000.0
Seattle,3,1.0,1340,4284,1080,260,1.0,0,0,3,1910,0,0,2014-05-07,530000.0
Issaquah,3,2.0,1860,13374,1860,0,1.0,0,0,3,1985,0,0,2014-05-07,560000.0
Seattle,3,2.0,2540,7200,1600,940,1.5,0,3,4,1905,0,0,2014-05-07,775000.0
Kent,2,1.0,1040,13100,1040,0,1.0,0,0,5,1912,0,0,2014-05-07,160000.0
Federal Way,3,1.5,1380,11130,1380,0,1.0,0,0,3,1960,0,0,2014-05-07,209950.0
Covington,3,1.75,1640,10762,1130,510,1.0,0,0,3,1988,0,0,2014-05-07,226500.0
Seattle,5,1.75,3000,6000,1500,1500,1.0,0,0,5,1958,0,0,2014-05-07,380000.0
Kenmore,4,2.75,2140,13000,1320,820,1.0,0,0,3,1968,0,0,2014-05-07,409500.0
Seattle,3,2.0,1760,6428,980,780,1.0,0,0,4,1942,0,0,2014-05-07,690000.0
Shoreline,3,2.25,1660,8307,1660,0,1.0,0,0,4,1961,0,0,2014-05-07,405000.0
Maple Valley,3,2.5,1830,13042,1830,0,2.0,0,0,3,1990,0,0,2014-05-07,375000.0
Seattle,4,2.0,2210,8556,1210,1000,1.0,0,1,4,1954,0,0,2014-05-07,794154.0
Burien,4,1.0,1490,6600,1490,0,1.0,0,0,3,1969,0,0,2014-05-07,185000.0
Seattle,3,1.5,1260,1270,1040,220,2.0,0,0,3,2005,0,0,2014-05-07,245000.0
Kirkland,5,4.5,4270,8076,3400,870,2.0,0,0,3,2007,0,0,2014-05-07,1532500.0
Kirkland,4,3.5,3900,8391,3900,0,2.0,0,0,3,2006,0,0,2014-05-07,1040000.0
Seattle,2,2.5,1150,1027,1150,0,3.0,0,0,3,2008,0,0,2014-05-07,425000.0
Auburn,4,2.75,2656,21195,2656,0,2.0,0,0,3,2014,0,0,2014-05-07,495000.0
Seattle,5,2.75,2410,5003,1410,1000,1.0,0,0,3,2008,0,0,2014-05-07,365000.0
Seattle,3,2.25,1606,1452,1606,0,3.0,0,0,3,2009,0,0,2014-05-07,417250.0
Seattle,2,1.0,820,681,820,0,3.0,0,0,3,2006,0,0,2014-05-07,339950.0
Seattle,2,1.0,1540,6872,820,720,1.0,0,0,4,1946,0,0,2014-05-08,615000.0
Duvall,3,2.75,2090,8354,2090,0,2.0,0,0,3,2012,0,0,2014-05-08,403000.0
Mercer Island,5,2.5,3160,11470,1780,1380,1.0,0,0,4,1971,0,0,2014-05-08,980000.0
Federal Way,4,1.75,1730,8320,1230,500,1.0,0,0,3,1977,0,0,2014-05-08,258000.0
Seattle,3,1.0,1670,4080,1170,500,1.0,0,0,3,1967,0,0,2014-05-08,533000.0
Sammamish,4,2.5,2550,4630,2550,0,2.0,0,0,3,2005,0,0,2014-05-08,537500.0
Mercer Island,5,3.0,3040,9601,1970,1070,1.0,0,0,5,1968,0,0,2014-05-08,830000.0
Seattle,3,1.0,1250,4620,1150,100,1.5,0,0,4,1900,0,0,2014-05-08,712000.0
Algona,4,2.5,2020,6236,2020,0,2.0,0,0,3,2002,0,0,2014-05-08,262000.0
Issaquah,4,2.5,2660,5500,2660,0,2.0,0,2,3,2003,0,0,2014-05-08,753888.0
Skykomish,2,1.5,980,5000,980,0,2.0,0,0,3,1922,2003,1,2014-05-08,134000.0
Kirkland,3,2.5,1960,8000,1290,670,1.0,0,0,4,1977,0,0,2014-05-08,402000.0
Seattle,2,1.0,720,5040,720,0,1.0,0,0,3,1955,0,0,2014-05-08,205000.0
Seattle,2,2.5,1360,1349,1050,310,2.0,0,0,3,1997,0,0,2014-05-08,553650.0
Redmond,2,2.0,1870,4950,1870,0,1.0,0,0,3,2006,0,0,2014-05-08,559950.0
Kent,4,1.5,2130,8800,1100,1030,1.0,0,0,3,1962,0,0,2014-05-08,260000.0
Kent,4,2.5,1810,6509,1810,0,2.0,0,0,3,1994,0,0,2014-05-08,270000.0
Issaquah,2,1.75,2200,89298,1100,1100,1.0,0,0,3,1973,0,0,2014-05-08,295000.0
Seattle,3,2.5,1690,4500,1690,0,1.5,0,1,4,1928,0,0,2014-05-08,719000.0
Kent,3,2.5,1940,8547,1460,480,1.0,0,0,3,1989,0,0,2014-05-08,266000.0
Kent,4,2.5,2320,6270,2320,0,2.0,0,0,3,2004,0,0,2014-05-08,325900.0
Normandy Park,4,1.75,2060,26036,1160,900,1.0,0,0,4,1947,0,0,2014-05-08,647500.0
Seattle,4,1.0,3410,5000,2190,1220,2.0,0,0,5,1910,0,0,2014-05-08,1039000.0
Redmond,4,2.25,2250,41688,2250,0,2.0,0,0,3,1980,0,0,2014-05-08,569000.0
Kent,3,1.75,1390,7399,1390,0,1.0,0,0,4,1975,0,0,2014-05-08,246000.0
Seattle,2,1.0,1060,4960,1060,0,1.0,0,0,3,1926,0,0,2014-05-08,515000.0
Seattle,3,1.0,1490,8995,1490,0,1.0,0,0,4,1954,0,0,2014-05-08,207000.0
Bellevue,4,1.75,2480,9195,1390,1090,1.0,0,0,3,1950,0,0,2014-05-08,780000.0
Kent,5,2.25,2440,20828,2440,0,1.5,0,0,4,1975,0,0,2014-05-08,489990.0
Auburn,3,1.5,2240,87625,1480,760,1.5,0,0,2,1980,0,0,2014-05-08,335000.0
Federal Way,3,2.5,1920,7229,1920,0,2.0,0,0,3,1993,0,0,2014-05-08,295000.0
Seattle,3,1.75,1890,9920,1230,660,1.0,0,0,3,1944,0,0,2014-05-08,385000.0
Kent,4,1.75,2250,13515,2150,100,1.0,0,0,4,1940,0,0,2014-05-08,350000.0
Seattle,2,1.0,1270,3008,650,620,1.0,0,0,4,1923,0,0,2014-05-08,235000.0
Seattle,2,1.5,960,1808,960,0,2.0,0,0,3,1993,0,0,2014-05-08,358000.0
Sammamish,4,2.5,3290,6465,3290,0,2.0,0,0,3,2002,0,0,2014-05-08,716500.0
Seattle,4,1.75,2000,6120,1100,900,1.0,0,0,3,1965,0,0,2014-05-08,228000.0
Seattle,2,1.0,1020,8155,1020,0,1.0,0,0,4,1948,0,0,2014-05-08,405000.0
Redmond,4,1.75,1840,9600,1220,620,1.0,0,0,3,1967,0,0,2014-05-08,538000.0
Bellevue,3,1.75,1980,6760,1980,0,1.0,0,0,4,1973,0,0,2014-05-08,530000.0
Seattle,6,3.0,3510,5760,3510,0,2.5,0,0,4,1906,0,0,2014-05-08,1750000.0
Seattle,2,1.75,1230,3600,1230,0,1.5,0,0,5,1925,0,0,2014-05-08,636000.0
Woodinville,4,2.5,2280,65836,2280,0,2.0,0,0,3,2004,0,0,2014-05-08,535000.0
Bellevue,3,1.75,2430,12757,1340,1090,1.0,0,2,4,1952,0,0,2014-05-08,1500000.0
Renton,3,2.5,2920,3942,2920,0,3.0,0,0,3,2008,0,0,2014-05-08,868500.0
Seattle,4,2.75,2280,2850,1540,740,1.5,0,0,4,1930,0,0,2014-05-08,530000.0
Woodinville,3,2.0,1510,43560,1510,0,1.0,0,0,3,1954,0,0,2014-05-08,450000.0
Seattle,3,1.75,950,6000,790,160,1.0,0,0,3,1939,0,0,2014-05-08,230000.0
Tukwila,3,2.5,1190,3000,1190,0,2.0,0,0,3,2002,0,0,2014-05-08,229000.0
Redmond,3,1.75,1310,9282,1310,0,1.0,0,0,4,1976,0,0,2014-05-08,437000.0
Seattle,5,3.25,2800,3200,1910,890,1.5,0,0,5,1932,2002,1,2014-05-08,1307000.0
Kirkland,3,2.5,1750,3354,1750,0,2.0,0,0,4,1991,0,0,2014-05-08,595000.0
Seattle,3,1.75,1320,5750,1320,0,1.5,0,0,5,1918,0,0,2014-05-08,660000.0
Federal Way,4,2.5,2460,7350,2460,0,2.0,0,0,3,1989,0,0,2014-05-08,347500.0
Renton,3,2.0,1240,10800,1240,0,1.0,0,0,3,1967,2010,1,2014-05-08,297950.0
Des Moines,3,1.5,1260,7964,1260,0,1.0,0,0,4,1955,0,0,2014-05-08,245000.0
Burien,6,2.25,2820,15600,1970,850,1.5,0,2,5,1940,0,0,2014-05-08,543200.0
Mercer Island,4,3.25,3820,24166,3310,510,2.0,0,1,4,1990,0,0,2014-05-08,1250000.0
Seattle,3,2.5,1540,1614,1470,70,3.0,0,0,3,2008,0,0,2014-05-08,413450.0
Snoqualmie,2,2.0,1550,435600,1550,0,1.5,0,0,2,1972,0,0,2014-05-08,330000.0
Redmond,3,1.75,1460,7700,1460,0,1.0,0,0,3,1979,0,0,2014-05-08,424500.0
Algona,3,1.0,1390,16000,1390,0,1.0,0,0,4,1960,0,0,2014-05-08,230000.0
Seattle,3,3.25,2640,4080,1840,800,2.0,0,0,3,1912,2000,1,2014-05-08,930000.0
Renton,3,1.75,1590,9620,1590,0,1.0,0,0,3,1988,0,0,2014-05-08,349000.0
Seattle,4,2.0,1910,6960,1910,0,1.5,0,0,5,1941,0,0,2014-05-08,835000.0
Burien,3,2.75,2015,16807,2015,0,2.0,1,4,3,2007,0,0,2014-05-08,988500.0
Seattle,3,1.75,1410,1197,1410,0,3.0,0,0,3,2012,0,0,2014-05-08,500000.0
Seattle,2,1.5,1110,957,930,180,2.0,0,0,3,2005,0,0,2014-05-08,499000.0
Seattle,2,1.25,860,1277,860,0,2.0,0,0,3,2007,0,0,2014-05-08,321950.0
Kenmore,3,2.5,2310,4729,2310,0,2.0,0,0,3,2011,0,0,2014-05-08,494000.0
Seattle,2,1.5,1020,1060,1020,0,3.0,0,0,3,2008,0,0,2014-05-08,441750.0
Seattle,2,1.0,980,1179,980,0,2.0,0,0,3,2010,0,0,2014-05-08,438000.0
Woodinville,4,2.25,4230,37769,4230,0,2.0,0,0,3,1989,0,0,2014-05-09,985000.0
Renton,3,2.25,1640,11050,1640,0,1.0,0,0,4,1972,0,0,2014-05-09,352000.0
Renton,4,3.5,3810,13592,2560,1250,1.0,0,1,3,2013,0,0,2014-05-09,839900.0
Issaquah,4,2.75,2790,10819,2790,0,2.0,0,0,3,1996,0,0,2014-05-09,765000.0
Seattle,4,1.75,1750,5500,1050,700,1.5,0,0,5,1926,0,0,2014-05-09,460000.0
Auburn,4,1.0,1430,8355,1430,0,1.5,0,0,4,1983,0,0,2014-05-09,224500.0
Covington,3,2.5,1850,4597,1850,0,2.0,0,0,3,2003,0,0,2014-05-09,254000.0
Vashon,2,1.0,960,28717,960,0,1.0,0,0,4,1984,0,0,2014-05-09,255000.0
Woodinville,3,3.0,2480,45302,1620,860,1.0,0,0,4,1976,0,0,2014-05-09,610000.0
Sammamish,4,3.0,3750,11025,3750,0,2.0,0,0,3,1976,0,0,2014-05-09,920000.0
Federal Way,4,2.5,2600,11951,2600,0,2.0,0,0,3,1988,0,0,2014-05-09,402500.0
Renton,3,1.75,1390,8700,840,550,1.0,0,3,4,1912,0,0,2014-05-09,280950.0
Issaquah,4,2.5,2260,7753,2260,0,2.0,0,0,3,1989,0,0,2014-05-09,604000.0
Lake Forest Park,4,2.25,2470,7447,2470,0,2.0,0,0,3,1984,0,0,2014-05-09,565000.0
Seattle,2,1.0,810,7980,810,0,1.0,0,0,1,1928,0,0,2014-05-09,255000.0
Seattle,4,2.0,1650,6000,1000,650,1.0,0,0,5,1959,0,0,2014-05-09,445000.0
Sammamish,3,2.25,3000,11665,3000,0,1.5,1,4,3,2001,0,0,2014-05-09,2400000.0
Seattle,2,1.0,720,18000,720,0,1.0,0,0,3,1950,0,0,2014-05-09,195000.0
Fall City,3,1.5,1390,48257,1390,0,1.0,0,0,3,1922,2013,1,2014-05-09,275000.0
Issaquah,3,2.25,1445,1606,1300,145,2.0,0,0,3,2003,0,0,2014-05-09,387000.0
Seattle,2,1.0,1840,3300,1130,710,1.5,0,0,4,1910,0,0,2014-05-09,490000.0
Snoqualmie,3,2.5,2100,5824,2100,0,2.0,0,2,3,1999,0,0,2014-05-09,505000.0
Kirkland,3,1.5,1060,10464,1060,0,1.0,0,0,4,1973,0,0,2014-05-09,303500.0
Seattle,3,1.5,1500,6337,1500,0,1.0,0,0,5,1953,0,0,2014-05-09,270000.0
Renton,4,2.75,1970,7213,1170,800,1.0,0,0,3,1977,0,0,2014-05-09,323000.0
Seattle,3,3.25,1410,1253,1410,0,3.0,0,0,3,2005,0,0,2014-05-09,382000.0
Bellevue,4,2.75,3720,9450,1960,1760,1.0,0,4,5,1962,0,0,2014-05-09,1370000.0
Auburn,4,2.0,2190,14439,1180,1010,1.0,0,0,4,1977,0,0,2014-05-09,280000.0
Federal Way,3,2.0,1920,8075,1510,410,1.0,0,0,4,1969,0,0,2014-05-09,260000.0
Kent,3,1.0,1160,8320,1160,0,1.0,0,0,4,1959,0,0,2014-05-09,201500.0
Woodinville,4,4.25,5860,52889,4910,950,2.0,0,0,4,1996,0,0,2014-05-09,1157200.0
Seattle,4,1.75,2000,4000,1450,550,1.5,0,0,5,1926,0,0,2014-05-09,536500.0
Algona,4,3.0,2163,5883,2163,0,2.0,0,0,3,2006,0,0,2014-05-09,248000.0
Issaquah,5,3.0,3480,57499,2340,1140,1.0,0,0,4,1976,0,0,2014-05-09,532000.0
Kenmore,4,2.5,2840,6268,2840,0,2.0,0,0,3,1998,0,0,2014-05-09,580000.0
Seattle,2,1.0,1150,4400,1150,0,1.0,0,0,4,1905,0,0,2014-05-09,463000.0
Seattle,4,2.75,3100,3773,2000,1100,2.0,0,0,3,1919,1996,1,2014-05-09,742500.0
Kent,3,2.5,1420,14850,1020,400,1.0,0,0,4,1963,0,0,2014-05-09,260000.0
Woodinville,4,2.25,2430,32496,2430,0,1.0,0,0,3,1993,0,0,2014-05-09,590000.0
Kent,4,2.25,1930,7452,1430,500,1.0,0,0,3,1984,0,0,2014-05-09,312000.0
Redmond,3,2.25,1660,10140,1370,290,1.0,0,0,4,1980,0,0,2014-05-09,566000.0
Bellevue,3,2.0,1400,7293,1400,0,1.0,0,0,4,1963,0,0,2014-05-09,511555.0
Redmond,4,2.5,2660,4000,2660,0,2.0,0,0,3,2001,0,0,2014-05-09,583000.0
Auburn,4,2.5,2000,13300,1200,800,1.0,0,0,4,1968,0,0,2014-05-09,290000.0
Renton,4,2.25,2130,8078,1380,750,1.0,0,0,4,1977,0,0,2014-05-09,311100.0
Seattle,3,2.25,1352,1694,1352,0,3.0,0,0,3,2007,0,0,2014-05-09,325000.0
Sammamish,3,1.75,1750,11340,1300,450,1.0,0,1,4,1987,0,0,2014-05-09,491300.0
Burien,5,1.75,2320,8100,1160,1160,1.0,0,0,4,1956,0,0,2014-05-09,315000.0
Renton,2,1.0,1420,81892,1180,240,1.0,0,0,3,1956,0,0,2014-05-09,360000.0
Renton,4,2.5,1940,3784,1940,0,2.0,0,0,3,2003,0,0,2014-05-09,330000.0
Seattle,3,2.0,1410,4800,1410,0,1.0,0,0,3,1940,0,0,2014-05-09,481450.0
Black Diamond,3,1.0,1360,9948,1360,0,1.0,0,0,3,1977,0,0,2014-05-09,234950.0
North Bend,3,1.75,1220,7250,1220,0,1.0,0,0,3,1962,0,0,2014-05-09,251000.0
Bellevue,4,2.5,2830,20345,1980,850,2.0,0,0,3,1979,0,0,2014-05-09,782000.0
Sammamish,4,2.75,3780,10308,3780,0,2.0,0,0,3,1999,0,0,2014-05-09,833000.0
Bellevue,4,2.5,2330,14289,2330,0,2.0,0,0,4,1978,0,0,2014-05-09,542500.0
Redmond,3,2.5,3560,107290,3560,0,2.0,0,0,3,1987,0,0,2014-05-09,851000.0
Ravensdale,4,1.5,1470,70800,1470,0,1.0,0,0,3,1976,0,0,2014-05-09,325000.0
Ravensdale,4,2.25,3060,48787,3060,0,2.0,0,0,3,1992,0,0,2014-05-09,415000.0
Seattle,3,1.0,1030,6127,880,150,1.0,0,0,3,1947,0,0,2014-05-09,252500.0
Federal Way,4,2.5,1930,9653,1930,0,1.0,0,0,4,1968,0,0,2014-05-09,465000.0
Duvall,3,1.75,1780,120661,1780,0,1.0,0,0,4,1979,0,0,2014-05-09,336900.0
Maple Valley,3,2.5,2000,9202,2000,0,2.0,0,0,4,1992,0,0,2014-05-09,225000.0
Renton,3,2.0,1690,9583,1690,0,1.0,0,0,4,1969,0,0,2014-05-09,270000.0
Mercer Island,5,4.5,5190,23716,3390,1800,2.0,0,2,3,1987,2000,1,2014-05-09,1702500.0
Seattle,3,1.75,1300,5413,1300,0,1.5,0,0,3,1925,1992,1,2014-05-09,536000.0
Woodinville,4,3.25,2400,29252,2400,0,2.0,0,0,4,1982,0,0,2014-05-09,585000.0
Seattle,2,2.0,1150,6634,860,290,1.0,0,0,3,1940,0,0,2014-05-09,445000.0
Renton,4,2.25,2310,7490,2310,0,2.0,0,0,3,1980,0,0,2014-05-09,320000.0
Seattle,4,3.5,2730,3047,2400,330,2.0,0,0,3,2006,0,0,2014-05-09,769900.0
Kenmore,4,2.5,2840,4500,2840,0,2.0,0,0,3,2012,0,0,2014-05-09,557000.0
Seattle,2,1.5,1020,1525,1020,0,2.0,0,0,3,2004,0,0,2014-05-09,212000.0
Seattle,3,2.0,1340,1384,1340,0,3.0,0,0,3,2008,0,0,2014-05-09,376000.0
Carnation,4,3.25,3540,159430,3540,0,2.0,0,0,3,2007,0,0,2014-05-09,800000.0
Issaquah,5,6.5,7270,130017,6420,850,2.0,0,0,3,2010,0,0,2014-05-09,2238888.0
Seattle,3,2.25,998,904,798,200,2.0,0,0,3,2007,0,0,2014-05-09,324000.0
Seattle,5,2.75,3060,7015,1600,1460,1.0,0,0,5,1979,0,0,2014-05-10,549900.0
Maple Valley,3,2.5,2130,6969,2130,0,2.0,0,0,3,2003,0,0,2014-05-10,320000.0
Seattle,4,2.0,2520,6000,1400,1120,1.0,0,0,3,1921,2007,1,2014-05-10,875000.0
Kent,4,1.0,1940,9533,1080,860,1.0,0,0,3,1962,0,0,2014-05-10,265000.0
Seattle,3,2.5,1350,1250,1270,80,3.0,0,0,3,2006,0,0,2014-05-10,394950.0
Seattle,4,2.5,2160,5298,2160,0,2.5,0,0,4,1902,0,0,2014-05-11,842500.0
Seattle,3,2.5,1370,1350,1010,360,2.0,0,0,3,2007,0,0,2014-05-11,368000.0
Redmond,4,4.5,5420,101930,3890,1530,1.0,0,0,3,2001,0,0,2014-05-12,1225000.0
Seattle,4,2.5,2830,5000,2830,0,2.0,0,0,3,1995,0,0,2014-05-12,885000.0
Issaquah,3,2.5,2010,2287,1390,620,2.0,0,0,3,2014,0,0,2014-05-12,453246.0
Clyde Hill,4,2.75,3300,12090,3300,0,2.0,0,0,3,1953,0,0,2014-05-12,927000.0
Seattle,2,2.5,1230,1391,870,360,2.0,0,0,3,2004,0,0,2014-05-12,490000.0
Shoreline,3,1.5,1720,7119,1720,0,1.5,0,0,4,1952,0,0,2014-05-12,341000.0
Seattle,1,1.0,810,2451,810,0,1.0,0,0,5,1941,0,0,2014-05-12,235000.0
Mercer Island,3,1.75,1560,8078,1560,0,1.5,1,4,4,1928,0,0,2014-05-12,1200000.0
Auburn,3,2.0,2560,216777,2560,0,1.0,0,0,3,1986,0,0,2014-05-12,560000.0
Bellevue,4,3.25,4700,38412,3420,1280,2.0,0,0,3,1978,0,0,2014-05-12,900000.0
Seattle,2,1.0,1220,2500,770,450,1.0,0,0,3,1910,0,0,2014-05-12,255000.0
Bellevue,5,2.75,3650,20150,2360,1290,1.0,0,0,4,1975,0,0,2014-05-12,1575000.0
Mercer Island,3,3.25,2170,12508,1650,520,1.5,0,0,5,1928,1970,1,2014-05-12,876650.0
Duvall,4,2.25,2540,228254,1450,1090,1.0,0,0,3,1990,0,0,2014-05-12,540000.0
Seattle,2,1.0,910,4500,910,0,1.5,0,0,4,1906,0,0,2014-05-12,350000.0
Bellevue,4,2.5,2980,4930,2890,90,2.0,0,0,3,2000,0,0,2014-05-12,750000.0
Seattle,4,1.75,2120,4650,1190,930,1.0,0,1,3,1951,0,0,2014-05-12,582000.0
Seattle,4,3.5,3460,3997,2560,900,2.0,0,0,3,2004,0,0,2014-05-12,1315000.0
Seattle,5,3.0,2480,10090,1300,1180,1.0,0,0,3,2004,0,0,2014-05-12,372500.0
Maple Valley,3,2.25,2200,16921,2200,0,2.0,0,0,3,1987,0,0,2014-05-12,410000.0
Seattle,4,2.0,1730,5500,1010,720,1.0,0,0,5,1943,0,0,2014-05-12,360000.0
Seattle,3,2.5,2920,34527,1800,1120,1.0,0,4,4,1954,1983,1,2014-05-12,1015000.0
Renton,3,1.0,990,8012,990,0,1.0,0,0,4,1966,0,0,2014-05-12,225000.0
Sammamish,4,2.5,3040,6887,3040,0,2.0,0,0,3,1999,0,0,2014-05-12,647000.0
Woodinville,5,3.0,4530,258746,3200,1330,1.5,0,0,4,2003,0,0,2014-05-12,950000.0
Auburn,3,1.5,1370,8470,1370,0,1.0,0,0,4,1961,0,0,2014-05-12,185000.0
Renton,3,2.5,1940,4927,1940,0,2.0,0,0,3,2004,0,0,2014-05-12,335000.0
Seattle,3,2.5,1040,2643,720,320,2.0,0,0,3,2004,0,0,2014-05-12,210000.0
Kirkland,4,2.25,1800,8623,1360,440,1.0,0,0,4,1980,0,0,2014-05-12,522000.0
Seattle,3,1.75,1720,5000,1720,0,1.0,0,0,3,1954,2014,1,2014-05-12,770000.0
Seattle,3,1.0,980,6380,760,220,1.0,0,0,3,1941,0,0,2014-05-12,499950.0
Redmond,4,2.5,3110,6142,3110,0,2.0,0,0,3,2004,0,0,2014-05-12,751000.0
Burien,5,3.0,2100,7715,1250,850,1.0,0,0,3,2013,0,0,2014-05-12,330000.0
Kirkland,3,1.5,2020,11358,1190,830,1.0,0,0,4,1956,0,0,2014-05-12,465000.0
Mercer Island,4,1.75,2350,11914,2350,0,1.0,0,0,4,1961,0,0,2014-05-12,850000.0
Mercer Island,4,2.25,3290,12329,3290,0,1.5,0,0,4,1968,0,0,2014-05-12,947500.0
Maple Valley,5,2.25,2180,7813,2180,0,2.0,0,0,3,1986,0,0,2014-05-12,302000.0
Seattle,2,2.25,1290,1334,1290,0,3.0,0,0,3,2007,0,0,2014-05-12,500000.0
Kent,3,1.0,1460,9750,1460,0,1.0,0,0,4,1969,0,0,2014-05-12,201000.0
Redmond,2,1.0,1290,2828,1290,0,2.0,0,0,3,2008,0,0,2014-05-12,265000.0
Seattle,4,2.5,2350,3150,1690,660,1.5,0,0,4,1910,0,0,2014-05-12,870300.0
Shoreline,3,1.0,1080,8100,1080,0,1.0,0,0,4,1955,0,0,2014-05-12,339000.0
Issaquah,4,2.5,2670,13463,2670,0,2.0,0,0,4,1989,0,0,2014-05-12,690000.0
Issaquah,4,3.25,3680,5759,2840,840,2.0,0,0,3,2003,0,0,2014-05-12,788000.0
Seattle,3,1.75,1440,8040,960,480,1.0,0,0,3,1951,0,0,2014-05-12,315275.0
Seattle,4,1.75,1940,4800,1030,910,1.0,0,0,5,1922,0,0,2014-05-12,505000.0
Woodinville,3,1.0,1280,9898,1280,0,1.0,0,0,3,1968,0,0,2014-05-12,368000.0
Burien,3,2.75,2980,27144,2180,800,1.5,1,2,5,1917,0,0,2014-05-12,947500.0
Federal Way,3,1.0,970,8580,970,0,1.0,0,0,3,1959,0,0,2014-05-12,156000.0
Seattle,4,3.0,2110,5000,1640,470,1.5,0,2,4,1930,0,0,2014-05-12,610000.0
Redmond,2,2.5,1480,1369,1480,0,3.0,0,0,3,2009,0,0,2014-05-12,420000.0
Normandy Park,2,1.0,700,10540,700,0,1.0,0,0,3,1953,0,0,2014-05-12,192000.0
Seattle,3,2.0,2700,6120,1350,1350,1.0,0,0,4,1962,0,0,2014-05-12,910000.0
Seattle,4,3.25,2330,9687,2330,0,2.0,0,3,3,1918,0,0,2014-05-12,1300000.0
Clyde Hill,5,1.75,3380,20021,1690,1690,1.0,0,0,4,1963,0,0,2014-05-12,1346400.0
Seattle,4,2.75,2600,2750,1620,980,1.5,0,0,3,1936,0,0,2014-05-12,840000.0
Seattle,2,1.75,1360,8100,860,500,1.0,0,0,3,1975,0,0,2014-05-12,300000.0
Kirkland,4,2.5,2780,6369,1590,1190,1.0,0,0,3,1978,0,0,2014-05-12,505000.0
Maple Valley,3,1.0,1250,53143,1250,0,1.0,0,0,5,1945,0,0,2014-05-12,110000.0
Bellevue,3,2.5,2620,8950,2620,0,2.0,0,0,3,1992,0,0,2014-05-12,746000.0
Burien,3,1.5,1350,7620,1350,0,1.0,0,0,5,1941,0,0,2014-05-12,211000.0
Seattle,4,3.0,2400,3340,1200,1200,1.0,0,0,4,1964,0,0,2014-05-12,675000.0
Seattle,4,2.5,2760,5000,1680,1080,1.5,0,0,5,1928,0,0,2014-05-12,734200.0
Mercer Island,4,2.25,3070,16028,1870,1200,1.0,0,3,3,1976,0,0,2014-05-12,1225000.0
Vashon,2,1.75,2040,28593,2040,0,1.5,1,3,4,1919,1990,1,2014-05-12,615000.0
Seattle,4,2.0,1770,6000,1770,0,2.0,0,0,5,1911,1981,1,2014-05-12,630000.0
Bellevue,4,3.75,3490,9170,3490,0,2.0,0,0,3,2012,0,0,2014-05-12,1264000.0
Seattle,2,1.5,830,1333,830,0,2.0,0,0,3,2005,0,0,2014-05-12,301500.0
Seattle,2,2.5,980,895,670,310,2.0,0,0,3,2009,0,0,2014-05-12,369000.0
Seattle,3,2.5,1570,1433,1570,0,3.0,0,0,3,2010,0,0,2014-05-12,635000.0
Redmond,4,3.25,3270,5187,3110,160,2.0,0,0,3,2014,0,0,2014-05-12,1033888.0
Maple Valley,4,2.5,2160,6223,2160,0,2.0,0,0,3,2010,0,0,2014-05-12,383000.0
Kirkland,4,3.75,3280,11000,2320,960,2.0,0,0,3,2008,0,0,2014-05-12,1050000.0
Renton,4,2.5,3360,7685,3360,0,2.0,0,0,3,2001,0,0,2014-05-13,455000.0
Redmond,5,2.75,3150,7119,3150,0,2.0,0,0,3,2013,0,0,2014-05-13,819900.0
Seattle,3,3.5,1810,1846,1440,370,2.0,0,0,4,2009,0,0,2014-05-13,625000.0
Sammamish,4,2.5,2740,7140,2740,0,2.0,0,0,3,1993,0,0,2014-05-13,651000.0
Woodinville,5,4.75,3830,35000,2130,1700,1.0,0,0,3,1976,0,0,2014-05-13,480000.0
Issaquah,3,3.25,3190,5283,3190,0,2.0,0,0,3,2007,0,0,2014-05-13,757000.0
Kenmore,3,2.25,2350,10450,1390,960,1.0,0,0,3,1977,0,0,2014-05-13,460000.0
Federal Way,4,2.25,2510,8165,1610,900,1.0,0,0,4,1972,0,0,2014-05-13,267345.0
Redmond,2,2.0,1680,4950,1680,0,1.0,0,0,3,2006,0,0,2014-05-13,530000.0
Shoreline,3,2.0,1770,6610,960,810,1.0,0,0,4,1954,0,0,2014-05-13,449500.0
Renton,3,1.0,1090,7315,1090,0,1.0,0,0,5,1981,0,0,2014-05-13,289000.0
Kent,5,2.5,3001,5710,3001,0,2.0,0,0,3,2006,0,0,2014-05-13,373000.0
Seattle,5,3.0,2450,4591,2450,0,2.0,0,0,3,1994,0,0,2014-05-13,525000.0
Issaquah,3,3.25,3610,59677,2440,1170,2.0,0,0,3,2003,0,0,2014-05-13,777000.0
Bellevue,4,2.0,2250,7500,1200,1050,1.0,0,0,5,1956,0,0,2014-05-13,550000.0
Bellevue,3,1.5,1240,7735,1240,0,1.0,0,0,4,1957,0,0,2014-05-13,523000.0
Seattle,4,2.0,2260,6000,1430,830,1.0,0,0,3,1958,0,0,2014-05-13,628000.0
Redmond,4,1.75,2090,8164,1070,1020,1.0,0,0,4,1963,0,0,2014-05-13,581000.0
Seattle,5,1.75,2020,7902,1220,800,1.0,0,0,3,1962,0,0,2014-05-13,245000.0
Seattle,3,1.75,1960,5000,980,980,1.0,0,0,5,1911,0,0,2014-05-13,415000.0
Yarrow Point,5,2.25,3120,16672,3120,0,2.0,0,0,4,1969,0,0,2014-05-13,1895000.0
Kent,3,1.5,1250,7500,1250,0,1.0,0,0,3,1967,0,0,2014-05-13,225000.0
Duvall,3,2.25,1490,9600,1170,320,1.0,0,0,4,1987,0,0,2014-05-13,287000.0
Seattle,6,3.0,2890,2370,2290,600,2.5,0,0,3,1906,0,0,2014-05-13,799200.0
Auburn,3,1.0,1900,33888,1900,0,1.5,0,0,4,1942,0,0,2014-05-13,239950.0
Seattle,3,1.75,1680,2400,870,810,1.0,0,0,5,1922,0,0,2014-05-13,591000.0
Bellevue,3,2.5,2030,8398,2030,0,2.0,0,0,4,1975,0,0,2014-05-13,700000.0
Renton,4,2.5,3740,8700,2260,1480,1.0,0,0,3,2004,0,0,2014-05-13,475000.0
Seattle,3,1.75,1580,11750,1180,400,1.0,0,0,4,1951,0,0,2014-05-13,575000.0
Seattle,3,2.25,1780,6120,1390,390,1.5,0,0,4,1927,0,0,2014-05-13,771000.0
Seattle,2,1.0,910,6232,910,0,1.0,0,0,3,1943,0,0,2014-05-13,155000.0
Seattle,7,4.0,3440,8100,3440,0,2.0,0,0,3,1970,0,0,2014-05-13,550000.0
Bellevue,3,2.5,1740,13750,1740,0,2.0,0,0,4,1975,0,0,2014-05-13,645000.0
Shoreline,5,2.5,3400,8970,1700,1700,1.0,0,0,4,1959,0,0,2014-05-13,464000.0
Sammamish,4,3.25,4400,16625,4400,0,2.0,0,0,3,2003,0,0,2014-05-13,1050000.0
Vashon,3,2.5,2010,14298,2010,0,2.0,0,0,3,1977,0,0,2014-05-13,350000.0
Woodinville,4,2.25,2710,38180,2710,0,2.0,0,0,4,1977,0,0,2014-05-13,591000.0
Seattle,4,2.5,5300,26211,4570,730,2.0,1,2,2,1923,0,0,2014-05-13,2555000.0
Seattle,3,1.5,1310,3880,1090,220,1.0,0,0,3,1956,0,0,2014-05-13,717000.0
SeaTac,4,1.5,1950,12559,1950,0,1.5,0,0,3,1939,0,0,2014-05-13,225000.0
Seattle,3,1.0,1040,6535,1040,0,1.0,0,0,3,1947,0,0,2014-05-13,225000.0
Kirkland,3,1.75,1090,7200,1090,0,1.0,0,0,3,1968,0,0,2014-05-13,345000.0
Seattle,2,0.75,650,5360,650,0,1.0,0,0,4,1931,0,0,2014-05-13,230000.0
Seattle,3,2.0,1480,6600,740,740,1.0,0,2,3,1943,0,0,2014-05-13,385000.0
Kirkland,2,1.0,790,2640,790,0,1.0,0,0,3,1973,0,0,2014-05-13,90000.0
Bellevue,4,2.5,3560,11119,2290,1270,1.0,0,2,3,1986,0,0,2014-05-13,860000.0
Newcastle,4,2.5,3000,5548,3000,0,2.0,0,0,3,2006,0,0,2014-05-13,675000.0
Bellevue,4,2.5,3490,7494,3490,0,2.0,0,3,3,2000,0,0,2014-05-13,975000.0
Mercer Island,3,1.75,2340,10495,2340,0,1.0,0,0,4,1967,0,0,2014-05-13,780000.0
Shoreline,3,1.75,1650,8254,1060,590,1.0,0,0,5,1951,0,0,2014-05-13,370000.0
Seattle,3,2.0,1940,5820,1150,790,1.5,0,0,5,1944,0,0,2014-05-13,665000.0
Redmond,5,3.0,3410,9600,1870,1540,1.0,0,0,4,1968,0,0,2014-05-13,675000.0
Seattle,3,1.0,1710,4050,1710,0,1.5,0,0,3,1909,0,0,2014-05-13,620000.0
Seattle,4,1.5,2740,4000,1930,810,2.0,0,0,5,1905,0,0,2014-05-13,1105000.0
Seattle,3,2.75,1250,892,1040,210,2.0,0,0,3,2010,0,0,2014-05-13,450000.0
Covington,3,2.25,2450,42180,2450,0,1.0,0,0,4,1978,2000,1,2014-05-13,450000.0
Bellevue,3,1.75,1690,8190,1690,0,1.0,0,0,4,1958,0,0,2014-05-13,530000.0
Bellevue,4,1.75,1950,13320,1370,580,1.0,0,0,4,1969,0,0,2014-05-13,635000.0
Bellevue,5,2.0,2290,7125,1190,1100,1.0,0,0,3,1964,0,0,2014-05-13,580000.0
Mercer Island,5,3.25,3370,17458,2000,1370,1.0,0,2,5,1982,0,0,2014-05-13,1550000.0
Burien,3,1.0,1090,8640,1090,0,1.0,0,0,4,1973,0,0,2014-05-13,285000.0
Normandy Park,3,1.0,1190,9486,1190,0,1.0,0,0,4,1953,0,0,2014-05-13,375000.0
Mercer Island,5,4.25,3530,7924,3530,0,2.0,0,0,3,2001,0,0,2014-05-13,1400000.0
Seattle,3,1.0,1440,5000,1440,0,2.0,0,0,3,1910,0,0,2014-05-13,560000.0
Lake Forest Park,4,1.75,2180,13529,1090,1090,1.0,0,0,3,1956,0,0,2014-05-13,405000.0
Seattle,4,1.0,1410,6000,810,600,1.0,0,0,3,1925,0,0,2014-05-13,413000.0
Auburn,3,2.5,1950,8251,1950,0,2.0,0,0,3,1990,0,0,2014-05-13,287600.0
Mercer Island,5,3.25,4860,23723,3820,1040,2.0,0,2,4,1989,0,0,2014-05-13,1680000.0
Auburn,3,1.0,1660,7210,1100,560,1.0,0,0,3,1963,0,0,2014-05-13,225000.0
Woodinville,3,1.0,1390,12823,1390,0,1.0,0,0,4,1968,0,0,2014-05-13,319000.0
Duvall,3,2.0,1350,14200,1350,0,1.0,0,0,3,1989,0,0,2014-05-13,322500.0
Seattle,3,2.0,1530,5401,1530,0,1.0,0,0,4,1937,0,0,2014-05-13,570000.0
Seattle,3,1.5,1270,5112,1270,0,1.0,0,0,3,1950,0,0,2014-05-13,465000.0
Snoqualmie,4,2.25,2140,6355,2140,0,2.0,0,0,3,2002,0,0,2014-05-13,435000.0
Kenmore,4,2.5,2040,5616,2040,0,2.0,0,0,3,2012,0,0,2014-05-13,502000.0
Woodinville,3,3.5,2876,5086,2360,516,2.0,0,0,3,2007,0,0,2014-05-13,525000.0
Seattle,3,2.5,1580,1161,1010,570,2.0,0,0,3,2008,0,0,2014-05-13,525000.0
Snoqualmie,4,3.5,3400,5196,3400,0,2.0,0,0,3,2012,0,0,2014-05-13,660000.0
Seattle,4,2.5,3520,6773,2650,870,2.5,0,0,3,2006,0,0,2014-05-13,870000.0
Seattle,4,2.5,2210,4861,2210,0,2.0,0,0,3,2013,0,0,2014-05-13,650000.0
Renton,4,2.5,2790,5602,2790,0,2.0,0,0,3,2009,0,0,2014-05-13,505000.0
Seattle,3,2.5,1450,5008,840,610,1.0,0,0,3,2007,0,0,2014-05-13,330000.0
Seattle,4,1.75,1620,4980,860,760,1.0,0,0,4,1947,0,0,2014-05-14,385000.0
Seattle,3,1.5,1220,1086,1220,0,3.0,0,0,3,2007,0,0,2014-05-14,306000.0
Seattle,3,1.75,2000,5000,1110,890,1.0,0,0,4,1921,0,0,2014-05-14,546000.0
Mercer Island,4,2.5,2190,7350,2190,0,2.5,0,0,5,1958,0,0,2014-05-14,925000.0
Bellevue,4,1.75,1900,8250,950,950,1.0,0,0,4,1955,0,0,2014-05-14,542000.0
Seattle,3,1.0,1700,4400,1700,0,1.5,0,0,4,1906,0,0,2014-05-14,800000.0
Seattle,5,2.5,2540,3832,1760,780,2.0,0,0,5,1929,0,0,2014-05-14,620000.0
Des Moines,2,1.0,1170,8925,1170,0,1.0,0,2,3,1911,0,0,2014-05-14,175000.0
Federal Way,5,5.0,5774,31675,4490,1284,1.0,0,2,3,1984,0,0,2014-05-14,740000.0
Renton,3,2.25,2120,15003,2120,0,2.0,0,0,3,1984,0,0,2014-05-14,345000.0
Sammamish,3,1.75,2170,26460,1450,720,1.0,0,0,3,1986,0,0,2014-05-14,510000.0
Normandy Park,4,2.75,2450,15002,2450,0,1.0,0,0,5,1974,0,0,2014-05-14,530000.0
Renton,2,1.0,700,5200,700,0,1.0,0,0,5,1952,0,0,2014-05-14,155000.0
Kent,3,2.5,1780,7214,1400,380,1.0,0,0,4,1986,0,0,2014-05-14,266000.0
Auburn,3,2.0,1850,8250,1150,700,1.0,0,0,4,1952,0,0,2014-05-14,257200.0
Auburn,3,2.0,1570,5706,1570,0,1.0,0,0,3,1998,0,0,2014-05-14,265000.0
Seattle,3,1.0,1290,5500,980,310,1.0,0,0,3,1951,0,0,2014-05-14,372220.0
Seattle,5,2.0,1700,7314,1000,700,1.0,0,0,3,1956,0,0,2014-05-14,337500.0
Seattle,2,1.5,1159,4800,1159,0,1.0,0,0,3,1948,0,0,2014-05-14,582500.0
Kirkland,3,2.75,1850,9600,1850,0,1.5,0,0,5,1965,0,0,2014-05-14,489200.0
Seattle,2,1.0,840,3522,840,0,1.0,0,0,3,1947,0,0,2014-05-14,405100.0
Issaquah,3,2.5,1690,1618,1150,540,2.0,0,0,3,2014,0,0,2014-05-14,372977.0
Kenmore,3,1.0,1050,9876,1050,0,1.0,0,0,3,1953,0,0,2014-05-14,310000.0
Seattle,3,1.75,1400,3825,1100,300,1.5,0,0,4,1904,0,0,2014-05-14,538000.0
Seattle,3,2.5,2550,7200,2550,0,2.0,0,2,3,1981,2013,1,2014-05-14,1400000.0
Maple Valley,3,2.5,1840,5011,1840,0,2.0,0,0,3,2012,0,0,2014-05-14,317000.0
Seattle,3,1.5,2360,6750,1930,430,2.0,0,0,5,1926,0,0,2014-05-14,702500.0
Newcastle,4,2.5,2240,14667,2240,0,2.0,0,0,4,1989,0,0,2014-05-14,565000.0
Issaquah,4,2.5,2700,4004,2700,0,2.0,0,0,3,2004,0,0,2014-05-14,723000.0
Woodinville,3,2.5,3030,30007,3030,0,1.5,0,0,4,1992,0,0,2014-05-14,766950.0
Seattle,3,1.75,1830,5120,1830,0,1.5,0,2,5,1903,0,0,2014-05-14,682000.0
Kent,3,2.5,2220,6049,2220,0,2.0,0,0,4,1990,0,0,2014-05-14,325000.0
Shoreline,3,2.5,2090,7640,1360,730,1.0,0,0,3,1962,2014,1,2014-05-14,543000.0
Seattle,3,1.75,1600,6120,1600,0,1.5,0,0,3,1924,0,0,2014-05-14,525000.0
Shoreline,4,1.75,2010,8625,1340,670,1.0,0,0,4,1957,0,0,2014-05-14,364000.0
Seattle,2,1.0,830,4000,830,0,1.0,0,0,3,1955,0,0,2014-05-14,394475.0
Auburn,4,2.5,2010,7226,2010,0,2.0,0,0,3,1995,0,0,2014-05-14,316000.0
Seattle,3,1.0,1050,5402,1050,0,1.5,0,0,4,1906,0,0,2014-05-14,339950.0
Fall City,4,2.5,2150,39449,1420,730,1.0,0,0,3,1978,0,0,2014-05-14,486000.0
Kent,3,1.0,860,11900,860,0,1.0,0,0,4,1963,0,0,2014-05-14,160000.0
Shoreline,3,2.5,3100,20553,3100,0,1.0,0,0,3,1954,0,0,2014-05-14,930000.0
Auburn,3,1.0,1100,17334,1100,0,1.0,0,0,3,1978,0,0,2014-05-14,139000.0
Bellevue,3,1.5,1830,8000,1830,0,1.0,0,0,4,1957,0,0,2014-05-14,562000.0
Federal Way,2,1.75,1250,34395,1250,0,1.0,0,0,4,1950,0,0,2014-05-14,299000.0
Kenmore,3,2.5,1820,4883,1820,0,2.0,0,0,3,2005,0,0,2014-05-14,511000.0
Ravensdale,3,2.0,2090,42689,2090,0,1.5,0,0,3,1959,1998,1,2014-05-14,499000.0
Tukwila,3,3.5,2100,12384,2100,0,2.0,0,0,3,1980,0,0,2014-05-14,356000.0
Duvall,4,2.5,2310,14023,2310,0,2.0,0,0,3,1991,0,0,2014-05-14,470000.0
Seattle,4,2.25,2060,5649,1360,700,1.0,0,0,5,1941,0,0,2014-05-14,715000.0
Woodinville,4,2.25,4470,60373,4470,0,2.0,0,0,3,1988,0,0,2014-05-14,1120000.0
Seattle,3,1.0,1660,7500,1060,600,1.0,0,0,4,1940,0,0,2014-05-14,458000.0
Sammamish,5,4.5,3810,8019,3810,0,2.0,0,0,3,2008,0,0,2014-05-14,966000.0
Renton,3,1.75,2110,10200,2110,0,2.0,0,0,4,1966,0,0,2014-05-14,305495.0
Issaquah,2,2.0,2370,217800,1600,770,1.5,0,0,3,1992,0,0,2014-05-14,543000.0
Renton,3,2.25,1970,3716,1970,0,2.0,0,0,3,1997,0,0,2014-05-14,340000.0
Redmond,4,2.5,2470,33305,2470,0,2.0,0,0,3,1993,0,0,2014-05-14,633100.0
Shoreline,3,1.0,1480,7830,1480,0,1.0,0,0,3,1952,0,0,2014-05-14,310000.0
SeaTac,5,3.0,2257,10117,1363,894,1.0,0,0,3,2005,0,0,2014-05-14,349950.0
Shoreline,2,1.0,700,6000,700,0,1.0,0,0,4,1949,0,0,2014-05-14,267800.0
Auburn,4,2.0,1630,9010,1050,580,1.0,0,0,4,1975,0,0,2014-05-14,234000.0
Kirkland,4,2.5,3430,10157,3430,0,2.0,0,0,3,2000,0,0,2014-05-14,740000.0
Seattle,5,1.75,2220,6000,1420,800,1.5,0,0,3,1923,0,0,2014-05-14,607500.0
Auburn,3,1.75,1340,7473,1340,0,1.0,0,0,4,1973,0,0,2014-05-14,223000.0
Seattle,2,1.0,980,2130,860,120,1.0,0,0,4,1918,0,0,2014-05-14,400000.0
Redmond,3,2.5,2580,13096,2580,0,2.0,0,0,3,1986,0,0,2014-05-14,802000.0
Covington,4,2.5,2230,4541,2230,0,2.0,0,0,3,2006,0,0,2014-05-14,253000.0
Bellevue,4,2.0,2290,11137,2290,0,1.0,0,0,4,1955,0,0,2014-05-14,1058000.0
Seattle,3,1.0,1260,8280,1260,0,1.0,0,0,3,1946,0,0,2014-05-14,300000.0
Redmond,4,2.75,1680,11180,1680,0,1.0,0,0,4,1966,0,0,2014-05-14,625000.0
Sammamish,4,3.25,3200,7081,3200,0,2.0,0,0,3,2004,0,0,2014-05-14,707000.0
Bellevue,4,2.5,3320,7644,3320,0,2.0,0,0,3,1995,0,0,2014-05-14,950000.0
Auburn,4,2.5,3040,24123,3040,0,2.0,0,0,3,1999,0,0,2014-05-14,420000.0
Kirkland,4,2.75,2270,7375,1290,980,1.0,0,0,4,1973,0,0,2014-05-14,498000.0
Federal Way,3,2.5,2910,17172,2910,0,2.0,0,0,3,1989,0,0,2014-05-14,450000.0
Mercer Island,5,2.25,2510,9887,2510,0,2.0,0,0,3,1972,0,0,2014-05-14,955000.0
Tukwila,2,1.0,1240,7200,1240,0,1.0,0,0,3,1967,0,0,2014-05-14,215000.0
Renton,3,2.75,2580,5200,2580,0,2.0,0,0,3,2008,0,0,2014-05-14,437000.0
Issaquah,3,2.75,2470,3600,2470,0,2.0,0,0,3,2007,0,0,2014-05-14,773000.0
Sammamish,4,3.5,4910,9444,3110,1800,1.5,0,0,3,2007,0,0,2014-05-14,1222500.0
Federal Way,3,2.5,1690,5025,1690,0,2.0,0,0,3,2003,0,0,2014-05-15,256883.0
Sammamish,4,2.5,2240,12032,2240,0,1.0,0,0,3,1983,0,0,2014-05-15,592500.0
Renton,3,2.0,1650,7352,1160,490,1.0,0,0,3,1979,0,0,2014-05-15,252350.0
Auburn,4,2.5,2710,5880,2710,0,2.0,0,0,3,1998,0,0,2014-05-15,370000.0
Bellevue,3,1.5,1260,10350,1260,0,1.0,0,0,3,1959,0,0,2014-05-15,465750.0
Seattle,3,1.0,1150,8100,1150,0,1.0,0,0,3,1932,0,0,2014-05-15,185000.0
Sammamish,4,2.75,2550,7636,1440,1110,1.0,0,0,3,1986,0,0,2014-05-15,582800.0
Kent,3,1.75,1490,6930,1490,0,1.0,0,0,4,1990,0,0,2014-05-15,245000.0
Renton,4,1.75,2020,7865,1010,1010,1.0,0,0,4,1963,0,0,2014-05-15,302000.0
Seattle,2,1.0,1320,4520,1320,0,1.0,0,1,3,1912,1971,1,2014-05-15,451555.0
Renton,3,1.0,1230,10350,1230,0,1.0,0,0,4,1957,0,0,2014-05-15,250000.0
Federal Way,4,2.5,2070,7800,2070,0,2.0,0,0,3,1989,0,0,2014-05-15,255000.0
Seattle,4,1.75,2930,11562,1670,1260,1.0,0,3,3,1947,0,0,2014-05-15,840000.0
Federal Way,3,1.0,1090,8520,1090,0,1.0,0,0,3,1967,0,0,2014-05-15,190000.0
Seattle,3,1.0,1400,7066,1400,0,1.0,0,0,3,1957,0,0,2014-05-15,349950.0
Seattle,4,2.0,1550,4815,1550,0,1.5,0,0,3,1909,0,0,2014-05-15,613000.0
Shoreline,3,1.0,1220,13000,1220,0,1.0,0,0,4,1955,0,0,2014-05-15,300000.0
Kirkland,3,2.5,1870,7344,1470,400,1.0,0,0,3,1980,0,0,2014-05-15,455000.0
Tukwila,3,2.25,2150,30476,2150,0,2.0,0,0,3,1991,0,0,2014-05-15,335000.0
Seattle,3,1.0,980,3090,980,0,1.5,0,0,3,1903,0,0,2014-05-15,197500.0
Redmond,3,1.5,1490,8475,1490,0,1.0,0,0,4,1963,0,0,2014-05-15,412500.0
Bellevue,3,1.5,1120,7000,1120,0,1.0,0,0,3,1955,0,0,2014-05-15,395300.0
Kenmore,3,2.25,1180,9630,1180,0,2.0,0,0,3,1986,0,0,2014-05-15,342400.0
Redmond,4,2.5,3240,20301,3240,0,2.0,0,0,3,1985,0,0,2014-05-15,749400.0
Kent,4,2.5,2150,6807,2150,0,2.0,0,0,4,1991,0,0,2014-05-15,316500.0
Kenmore,3,2.5,2240,10800,2240,0,2.0,0,0,3,1996,0,0,2014-05-15,390000.0
Renton,3,2.0,1400,7384,1150,250,1.0,0,0,3,1979,0,0,2014-05-15,225000.0
Redmond,3,2.25,1980,40887,1980,0,1.0,0,0,4,1980,0,0,2014-05-15,550000.0
North Bend,3,1.0,1330,20562,1330,0,1.5,0,0,3,1959,0,0,2014-05-15,280000.0
Seattle,4,2.5,3200,7535,3200,0,2.0,0,0,3,2006,0,0,2014-05-15,1255000.0
Seattle,2,1.0,1490,6000,1090,400,1.0,0,0,3,1946,0,0,2014-05-15,575000.0
Bellevue,5,4.25,3920,16258,2900,1020,2.0,0,0,3,1990,0,0,2014-05-15,1000000.0
Seattle,5,1.75,2000,3750,2000,0,2.0,0,0,4,1921,0,0,2014-05-15,585000.0
Issaquah,4,2.5,2680,9185,2680,0,2.0,0,0,3,1989,0,0,2014-05-15,620000.0
Auburn,4,2.0,1670,9987,1670,0,1.0,0,0,3,1967,0,0,2014-05-15,204700.0
Sammamish,4,3.0,3150,9130,3150,0,2.0,0,0,3,2001,0,0,2014-05-15,695000.0
Issaquah,4,3.25,2740,7266,2060,680,2.0,0,0,3,2003,0,0,2014-05-15,689900.0
Shoreline,4,1.75,1890,8000,1250,640,1.0,0,0,4,1960,0,0,2014-05-15,375000.0
Seattle,7,3.5,2870,29699,1520,1350,1.0,0,0,3,1961,0,0,2014-05-15,475000.0
Maple Valley,3,1.0,1160,10384,1160,0,1.0,0,0,4,1969,0,0,2014-05-15,215000.0
Medina,4,1.75,3550,19865,3550,0,2.0,0,0,3,1962,2002,1,2014-05-15,2100000.0
Seattle,3,1.75,1790,6117,1350,440,1.0,0,2,3,1940,0,0,2014-05-15,790000.0
Duvall,3,1.75,1680,250470,1070,610,1.0,0,0,4,1940,0,0,2014-05-15,350000.0
Sammamish,3,2.5,4560,17622,3800,760,2.0,0,0,4,1986,0,0,2014-05-15,695000.0
Federal Way,3,2.25,1590,7748,1590,0,2.0,0,0,4,1991,0,0,2014-05-15,263000.0
Shoreline,3,1.0,1630,10304,1630,0,1.0,0,0,5,1953,0,0,2014-05-15,400000.0
Woodinville,3,2.5,2700,7434,2700,0,2.0,0,0,3,1991,0,0,2014-05-15,525000.0
Renton,3,2.5,1700,7496,1700,0,2.0,0,0,3,1994,0,0,2014-05-15,349950.0
Woodinville,4,3.25,3740,12080,2000,1740,1.0,0,0,3,1988,0,0,2014-05-15,1085000.0
Seattle,4,3.0,1980,5352,1980,0,2.5,0,0,3,1941,2005,1,2014-05-15,744000.0
Seattle,2,1.0,880,6345,880,0,1.0,0,0,3,1919,0,0,2014-05-15,312500.0
Shoreline,3,2.0,1400,6200,700,700,1.0,0,0,3,1948,0,0,2014-05-15,240000.0
Seattle,4,2.0,2050,4000,1210,840,1.5,0,0,5,1941,0,0,2014-05-15,495000.0
Seattle,3,2.5,2360,4638,2360,0,2.0,0,3,3,1996,0,0,2014-05-15,580050.0
Seattle,4,2.0,2560,7798,1890,670,1.0,0,0,4,1947,0,0,2014-05-15,640000.0
Bellevue,3,1.5,1340,10224,1340,0,1.0,0,0,4,1956,0,0,2014-05-15,417000.0
Covington,3,1.0,1060,5200,1060,0,1.0,0,0,5,1970,0,0,2014-05-15,174950.0
Seattle,3,1.5,850,2500,850,0,1.0,0,0,3,1986,0,0,2014-05-15,295000.0
Kirkland,4,1.75,1880,7303,1010,870,1.0,0,0,3,1976,0,0,2014-05-15,423000.0
Bellevue,3,1.0,1230,12305,1230,0,1.0,0,0,3,1955,1990,1,2014-05-15,839000.0
Seattle,4,1.75,2290,10290,1340,950,1.0,0,0,3,1960,0,0,2014-05-15,343000.0
Seattle,3,1.0,1660,6582,1000,660,1.0,0,0,5,1946,0,0,2014-05-15,467000.0
Seattle,3,2.5,1840,2875,1840,0,2.0,0,0,4,1997,0,0,2014-05-15,512500.0
Lake Forest Park,4,2.5,3020,17810,1600,1420,1.0,0,0,3,1979,0,0,2014-05-15,575000.0
Seattle,3,1.75,1410,6886,1410,0,1.0,0,0,3,1924,2013,1,2014-05-15,465000.0
Renton,3,1.0,1010,9514,1010,0,1.0,0,0,3,1969,0,0,2014-05-15,270000.0
Seattle,3,1.75,1960,8136,980,980,1.0,0,0,3,1948,0,0,2014-05-15,340000.0
Issaquah,5,3.75,3580,14275,3190,390,2.0,0,0,3,1999,0,0,2014-05-15,765000.0
Seattle,4,2.5,2240,7200,2240,0,2.0,0,0,3,1995,0,0,2014-05-15,497000.0
Redmond,4,2.5,3310,5404,3310,0,2.0,0,0,3,2004,0,0,2014-05-15,803100.0
Seattle,3,2.5,1232,1130,1232,0,3.0,0,0,3,2007,0,0,2014-05-15,344000.0
Issaquah,4,3.5,3930,5680,2820,1110,2.0,0,1,3,2013,0,0,2014-05-15,828950.0
Redmond,3,2.5,1720,3600,1720,0,2.0,0,0,3,2010,0,0,2014-05-15,386380.0
Seattle,3,2.25,1490,974,1220,270,2.0,0,0,3,2009,0,0,2014-05-15,312000.0
Fall City,3,2.5,3150,151588,3150,0,2.0,0,0,3,2007,0,0,2014-05-15,720000.0
Sammamish,4,2.5,3950,10856,3950,0,3.0,0,0,3,2013,0,0,2014-05-15,914500.0
Newcastle,5,2.75,3030,10335,3030,0,2.0,0,0,3,2013,0,0,2014-05-15,819995.0
Kent,2,1.5,1070,9643,1070,0,1.0,0,0,3,1985,0,0,2014-05-16,252700.0
North Bend,3,2.5,2320,36847,2320,0,2.0,0,2,3,1992,0,0,2014-05-16,437500.0
Seattle,1,1.0,700,5100,700,0,1.0,0,0,3,1942,0,0,2014-05-16,350000.0
Snoqualmie,3,2.5,2720,6439,2720,0,2.0,0,0,3,2005,0,0,2014-05-16,619000.0
Seattle,3,2.5,1800,5761,1800,0,2.0,0,0,4,1990,0,0,2014-05-16,408200.0
Seattle,3,1.75,1560,4049,1000,560,1.5,0,2,3,1926,0,0,2014-05-16,451000.0
Renton,3,2.0,1760,11410,1060,700,1.0,0,0,5,1977,0,0,2014-05-16,317000.0
Seattle,4,3.25,3120,5000,2370,750,2.0,0,0,3,2005,0,0,2014-05-16,799000.0
Seattle,2,1.0,2020,7200,1700,320,1.0,0,3,4,1947,0,0,2014-05-16,720000.0
Seattle,3,2.0,1450,2400,1450,0,1.5,0,0,3,1900,2003,1,2014-05-16,490000.0
Federal Way,4,2.25,1860,7000,1120,740,1.0,0,0,3,1979,0,0,2014-05-16,239900.0
Kirkland,4,2.25,2270,7800,1290,980,1.0,0,0,3,1977,0,0,2014-05-16,446000.0
North Bend,3,2.5,1480,15639,1480,0,2.0,0,0,3,1987,0,0,2014-05-16,275000.0
Tukwila,5,1.0,1460,6032,1460,0,2.0,0,0,4,1941,0,0,2014-05-16,239950.0
Federal Way,4,3.5,1850,6519,1130,720,2.0,0,0,3,1986,0,0,2014-05-16,248000.0
Issaquah,3,2.5,2170,5000,2170,0,2.0,0,0,3,2003,0,0,2014-05-16,619500.0
Vashon,3,1.75,1726,197326,1726,0,2.0,0,0,4,1982,0,0,2014-05-16,363750.0
Sammamish,3,1.75,1180,10541,940,240,1.0,0,0,4,1981,0,0,2014-05-16,385000.0
Kirkland,4,1.5,1370,9957,900,470,1.0,0,0,3,1972,0,0,2014-05-16,370000.0
Kent,3,2.5,2670,13218,2670,0,1.0,0,0,4,1988,0,0,2014-05-16,425000.0
Seattle,3,1.0,1260,6826,720,540,1.0,0,0,3,1944,0,0,2014-05-16,342000.0
Renton,4,1.0,1980,7991,1980,0,1.5,0,0,3,1962,0,0,2014-05-16,345000.0
Seattle,3,2.0,2050,3933,1180,870,1.0,0,0,3,1926,2001,1,2014-05-16,724800.0
Redmond,5,2.75,2830,5310,2830,0,2.0,0,0,3,2006,0,0,2014-05-16,725000.0
Seattle,2,1.0,910,3600,910,0,1.0,0,0,4,1909,0,0,2014-05-16,605000.0
Maple Valley,4,2.5,2440,4000,2440,0,2.0,0,0,3,2009,0,0,2014-05-16,350000.0
Seattle,3,2.0,2180,5440,1100,1080,1.0,0,0,5,1904,0,0,2014-05-16,785000.0
Maple Valley,3,2.0,1900,6660,950,950,1.0,0,0,5,1966,0,0,2014-05-16,250000.0
Seattle,3,2.25,1520,1221,1520,0,3.0,0,0,3,2013,0,0,2014-05-16,565000.0
Seattle,3,2.0,2220,6641,1220,1000,1.0,0,2,4,1947,0,0,2014-05-16,875000.0
Woodinville,4,2.75,3280,24440,3280,0,2.0,0,0,3,1996,0,0,2014-05-16,862500.0
Kent,3,2.5,2740,83199,2740,0,2.0,0,4,3,1973,0,0,2014-05-16,400000.0
Shoreline,2,1.0,830,6017,830,0,1.0,0,0,4,1954,0,0,2014-05-16,282613.0
Des Moines,2,1.0,1010,5200,1010,0,1.0,0,0,3,1955,0,0,2014-05-16,174500.0
Federal Way,3,2.25,2060,38377,1560,500,1.0,0,0,4,1978,0,0,2014-05-16,306500.0
Woodinville,3,2.25,1990,7340,1990,0,2.0,0,0,3,1984,0,0,2014-05-16,445000.0
Renton,4,2.5,2280,7568,2280,0,2.0,0,0,4,2001,0,0,2014-05-16,433000.0
Kent,3,2.5,1870,5874,1870,0,2.0,0,0,3,2005,0,0,2014-05-16,306000.0
Seattle,3,2.25,1720,4000,1450,270,1.5,0,0,4,1921,0,0,2014-05-16,620000.0
Seattle,2,1.0,870,6150,870,0,1.0,0,0,3,1941,0,0,2014-05-16,245000.0
Seattle,3,2.0,1020,1204,720,300,2.0,0,0,3,2004,0,0,2014-05-16,238000.0
Seattle,3,1.5,1260,3135,1260,0,1.5,0,0,3,1931,0,0,2014-05-16,523000.0
Snoqualmie,3,2.5,2370,7875,2370,0,2.0,0,0,3,2003,0,0,2014-05-16,522500.0
Seattle,3,1.0,1000,18513,1000,0,1.0,0,0,3,1940,0,0,2014-05-16,180000.0
Seattle,3,1.5,1100,1751,940,160,2.0,0,0,3,2007,0,0,2014-05-16,375000.0
Kent,3,2.25,1440,7673,940,500,1.0,0,0,3,1982,0,0,2014-05-16,249000.0
Issaquah,4,2.5,3120,14300,3120,0,2.0,0,0,3,2003,0,0,2014-05-16,730100.0
Bothell,2,2.0,2260,9604,2260,0,1.0,0,0,3,1990,0,0,2014-05-16,551000.0
Des Moines,4,2.5,2790,7956,2790,0,2.0,0,0,3,2005,0,0,2014-05-16,375000.0
Seattle,1,1.0,1140,6700,1140,0,1.5,0,0,3,1920,0,0,2014-05-16,540000.0
Seattle,3,2.25,1290,2500,1290,0,2.0,0,0,4,1987,0,0,2014-05-16,605000.0
Covington,5,1.75,1730,5200,1050,680,1.0,0,0,4,1978,0,0,2014-05-16,205000.0
Sammamish,4,2.5,3160,11380,3160,0,2.0,0,0,3,1983,0,0,2014-05-16,645000.0
Maple Valley,4,2.5,2340,8990,2340,0,2.0,0,0,3,2003,0,0,2014-05-16,314000.0
Bellevue,3,1.5,1170,4950,1170,0,1.0,0,0,4,1960,0,0,2014-05-16,330000.0
Seattle,2,1.0,1160,5000,1160,0,1.0,0,0,4,1937,0,0,2014-05-16,490000.0
Kenmore,3,3.0,1970,24318,1970,0,1.0,0,0,3,2010,0,0,2014-05-16,445000.0
Mercer Island,5,4.25,6490,10862,3940,2550,2.0,0,3,4,1991,0,0,2014-05-16,2000000.0
Issaquah,3,2.25,1410,1377,1290,120,2.0,0,0,3,2005,0,0,2014-05-16,377500.0
Snoqualmie,4,2.5,2430,5000,2430,0,2.0,0,0,3,2009,0,0,2014-05-16,480000.0
Sammamish,5,1.5,3360,5402,3360,0,2.0,0,0,3,2014,0,0,2014-05-16,804995.0
Seattle,3,2.5,1480,1663,1180,300,2.0,0,0,3,2012,0,0,2014-05-16,341000.0
Snoqualmie,5,2.5,3200,6455,3200,0,2.0,0,0,3,2009,0,0,2014-05-16,675000.0
Issaquah,3,2.5,2134,1984,2134,0,2.5,0,0,3,2008,0,0,2014-05-16,611000.0
Shoreline,3,3.25,1860,1787,1860,0,3.0,0,0,3,2007,0,0,2014-05-16,379950.0
Bellevue,4,3.0,5520,8313,3570,1950,2.0,0,3,3,2008,0,0,2014-05-16,1270000.0
Seattle,2,2.5,1310,1500,1160,150,2.0,0,0,3,2006,0,0,2014-05-16,500000.0
Seattle,3,2.0,1700,4250,890,810,1.0,0,0,3,1944,0,0,2014-05-17,410000.0
Renton,3,2.5,2480,8342,2480,0,2.0,0,0,3,1986,0,0,2014-05-18,415000.0
Enumclaw,5,2.5,1970,8605,1970,0,2.0,0,0,4,1994,0,0,2014-05-18,297000.0
Redmond,4,2.5,2060,7475,1440,620,1.0,0,0,3,1985,0,0,2014-05-18,575550.0
Woodinville,3,2.5,2130,3500,1210,920,1.0,0,0,4,1994,0,0,2014-05-18,534640.0
Snoqualmie,3,2.25,1410,14110,1170,240,1.0,0,2,3,1987,0,0,2014-05-18,352500.0
Seattle,2,2.0,1360,4688,780,580,1.0,0,0,3,1944,0,0,2014-05-18,488000.0
Bellevue,3,2.0,1940,55756,1940,0,1.0,0,0,5,1954,0,0,2014-05-18,732000.0
Renton,2,2.25,1610,2040,1610,0,2.0,0,0,4,1979,0,0,2014-05-19,215000.0
Seattle,2,2.0,1420,9191,1420,0,1.5,0,2,5,1928,0,0,2014-05-19,592500.0
Kent,4,2.5,1700,7280,1700,0,2.0,0,0,4,1988,0,0,2014-05-19,290000.0
Seattle,2,1.0,1490,3825,860,630,1.0,0,0,3,1929,0,0,2014-05-19,475000.0
Federal Way,3,2.5,2680,7757,2680,0,2.0,0,0,3,1990,0,0,2014-05-19,320000.0
Bellevue,4,2.5,3190,8684,1680,1510,1.0,0,3,5,1967,0,0,2014-05-19,1216000.0
Renton,5,1.5,2120,7700,2120,0,1.5,0,0,5,1962,0,0,2014-05-19,290000.0
Seattle,4,2.0,1690,3250,1550,140,1.5,0,0,3,1901,0,0,2014-05-19,487250.0
Maple Valley,4,2.5,1830,8601,1830,0,2.0,0,0,3,2003,0,0,2014-05-19,339000.0
Seattle,2,1.5,1010,1968,1010,0,1.5,0,0,5,1906,0,0,2014-05-19,440000.0
Shoreline,4,2.75,2070,9300,1120,950,1.0,0,0,5,1945,0,0,2014-05-19,366500.0
Seattle,3,1.5,1710,4500,1410,300,1.5,0,0,3,1928,0,0,2014-05-19,462000.0
Seattle,4,1.0,1660,4690,1260,400,1.5,0,0,3,1945,0,0,2014-05-19,560000.0
Seattle,4,1.75,2080,13629,1040,1040,1.0,0,0,4,1955,0,0,2014-05-19,285000.0
North Bend,3,2.5,1270,9675,1270,0,2.0,0,0,3,1993,0,0,2014-05-19,280000.0
Seattle,3,1.0,1080,21043,1080,0,1.0,0,0,3,1942,0,0,2014-05-19,210000.0
Seattle,3,2.0,1610,5100,1610,0,1.5,0,0,5,1940,0,0,2014-05-19,690000.0
Vashon,2,1.0,1120,9912,1120,0,1.0,0,0,4,1980,0,0,2014-05-19,256500.0
Seattle,4,2.75,2500,5257,2500,0,2.0,0,0,3,1966,0,0,2014-05-19,411000.0
Kent,3,1.0,970,7275,970,0,1.0,0,0,4,1970,0,0,2014-05-19,215000.0
Seattle,5,2.0,3370,5000,2140,1230,1.5,0,0,4,1907,0,0,2014-05-19,762000.0
Auburn,3,1.0,1290,189486,1290,0,1.0,0,0,4,1960,0,0,2014-05-19,359950.0
North Bend,4,3.5,3370,435600,3370,0,2.0,0,3,3,2005,0,0,2014-05-19,480000.0
Bellevue,4,3.5,3410,10769,3410,0,2.0,0,0,3,2008,0,0,2014-05-19,1405000.0
Auburn,4,2.5,2490,8290,2490,0,2.0,0,0,3,1999,0,0,2014-05-19,390000.0
Seattle,2,1.0,770,4000,770,0,1.0,0,0,5,1924,0,0,2014-05-19,413500.0
Kirkland,1,1.5,810,3211,810,0,2.0,0,0,4,1982,0,0,2014-05-19,285000.0
Shoreline,4,2.5,3060,10043,1700,1360,1.0,0,0,4,1968,0,0,2014-05-19,475000.0
Issaquah,3,2.5,1690,1613,1150,540,2.0,0,0,3,2014,0,0,2014-05-19,386591.0
Seattle,3,1.75,1890,3825,1290,600,1.0,0,0,3,1974,0,0,2014-05-19,524950.0
Maple Valley,2,2.0,1470,3128,1470,0,2.0,0,0,3,2005,0,0,2014-05-19,241000.0
Seattle,2,1.0,1060,7193,1060,0,1.0,0,0,3,1926,0,0,2014-05-19,461000.0
Woodinville,4,2.5,3480,59242,3480,0,2.0,0,0,3,1988,0,0,2014-05-19,810000.0
Seattle,4,2.75,2730,3560,1550,1180,1.5,0,0,3,1921,2007,1,2014-05-19,885000.0
Federal Way,3,2.25,1580,7941,1580,0,2.0,0,0,4,1986,0,0,2014-05-19,247000.0
Kent,3,2.75,2170,7900,1380,790,1.0,0,0,4,1978,0,0,2014-05-19,296500.0
Renton,2,1.0,930,4743,930,0,1.0,0,0,4,1942,0,0,2014-05-19,141800.0
Seattle,4,2.0,1580,7800,1580,0,2.0,0,0,2,1906,0,0,2014-05-19,333000.0
Redmond,5,1.75,3290,11900,3290,0,1.5,0,0,3,1973,0,0,2014-05-19,602000.0
Issaquah,4,2.25,2110,10698,2110,0,2.0,0,0,4,1979,0,0,2014-05-19,565000.0
Woodinville,3,2.5,1670,3565,1670,0,2.0,0,0,3,1999,0,0,2014-05-19,373000.0
Redmond,3,2.25,2030,7350,1190,840,1.0,0,0,4,1977,0,0,2014-05-19,588000.0
Seattle,3,1.0,1500,4100,1370,130,1.5,0,0,3,1926,0,0,2014-05-19,485000.0
Seattle,3,2.25,1450,1445,980,470,2.0,0,0,3,2005,0,0,2014-05-19,482500.0
Des Moines,4,1.5,1310,8250,1060,250,1.0,0,0,3,1953,0,0,2014-05-19,251200.0
Issaquah,5,3.25,4180,49222,2880,1300,2.0,0,0,4,1979,0,0,2014-05-19,869000.0
Woodinville,3,1.75,1630,28600,1630,0,1.0,0,0,3,1967,0,0,2014-05-19,464000.0
Redmond,4,2.5,2660,10452,2660,0,2.0,0,0,3,1993,0,0,2014-05-19,755000.0
Renton,3,2.5,1720,1916,1720,0,2.0,0,0,3,2005,0,0,2014-05-19,280000.0
Seattle,2,2.25,1260,1240,1260,0,3.0,0,0,3,2004,0,0,2014-05-19,485000.0
Renton,3,1.75,1610,12247,1610,0,1.0,0,0,3,1981,0,0,2014-05-19,305000.0
SeaTac,2,1.0,680,8064,680,0,1.0,0,0,3,1941,0,0,2014-05-19,110700.0
Seattle,4,3.5,2640,5900,2640,0,2.0,0,2,3,1937,1998,1,2014-05-19,850000.0
Bellevue,3,2.25,1640,7200,1640,0,2.0,0,0,4,1985,0,0,2014-05-19,350000.0
Renton,4,1.75,2310,8045,1650,660,1.0,0,0,4,1976,0,0,2014-05-19,319950.0
Seattle,3,1.75,2010,4905,1230,780,1.0,0,0,5,1912,0,0,2014-05-19,700000.0
Seattle,2,1.5,1660,4680,830,830,1.0,0,0,5,1908,0,0,2014-05-19,368000.0
Seattle,3,2.5,2200,3360,2200,0,2.0,0,0,3,2009,0,0,2014-05-19,433500.0
Redmond,4,2.5,2460,4200,2460,0,2.0,0,0,3,1998,0,0,2014-05-19,611000.0
Shoreline,2,1.75,2430,23400,2430,0,1.0,0,4,3,1951,0,0,2014-05-19,1000000.0
Carnation,3,1.0,1370,7500,1370,0,1.0,0,0,3,1960,0,0,2014-05-19,307000.0
Renton,3,1.75,1800,10200,1800,0,1.0,0,0,3,1967,0,0,2014-05-19,442500.0
Des Moines,3,1.75,2200,7706,2200,0,2.0,0,2,3,1908,1988,1,2014-05-19,485000.0
Seattle,2,1.0,700,2334,700,0,1.0,0,0,3,1945,0,0,2014-05-19,367000.0
North Bend,3,2.5,1920,15124,1920,0,2.0,0,0,3,1995,0,0,2014-05-19,429000.0
Kenmore,5,2.75,2190,12687,1370,820,1.0,0,0,5,1978,0,0,2014-05-19,446000.0
Newcastle,3,2.25,2030,9791,1500,530,1.0,0,0,4,1984,0,0,2014-05-19,572500.0
Seattle,3,2.5,1350,2053,1350,0,3.0,0,0,3,2005,0,0,2014-05-19,477000.0
Seattle,3,2.5,1680,2096,1380,300,2.0,0,0,3,2008,0,0,2014-05-19,518000.0
Bellevue,5,1.75,1250,10530,1250,0,1.0,0,0,4,1966,0,0,2014-05-19,462000.0
Seattle,4,3.0,2240,6000,1270,970,1.5,0,0,4,1914,0,0,2014-05-19,1190000.0
Seattle,3,1.0,950,7620,950,0,1.0,0,0,3,1954,0,0,2014-05-19,137000.0
Kirkland,3,3.5,2320,3174,2060,260,2.0,0,0,3,1997,0,0,2014-05-19,530000.0
Redmond,2,2.5,2380,9374,2380,0,1.0,0,2,3,2011,0,0,2014-05-19,818000.0
Seattle,2,2.25,1540,958,1540,0,3.0,0,0,3,2007,0,0,2014-05-19,640000.0
Federal Way,5,3.0,2100,9752,1200,900,1.0,0,0,3,2007,0,0,2014-05-19,298450.0
Snoqualmie,4,2.5,2500,4945,2500,0,2.0,0,0,3,2013,0,0,2014-05-19,575000.0
Sammamish,4,2.5,3230,7331,3230,0,2.0,0,0,3,2004,0,0,2014-05-20,730000.0
Kenmore,3,2.5,2830,5802,2830,0,2.0,0,0,3,2001,0,0,2014-05-20,551000.0
Seattle,2,1.0,870,5340,870,0,1.5,0,0,2,1906,0,0,2014-05-20,271310.0
Normandy Park,4,3.0,2690,28300,2690,0,1.0,0,0,3,1954,1999,1,2014-05-20,675000.0
Seattle,3,2.5,1260,889,1260,0,3.0,0,0,3,2008,0,0,2014-05-20,479000.0
Seattle,4,3.5,2680,10000,2040,640,2.0,0,0,3,1942,2014,1,2014-05-20,520000.0
Seattle,3,2.5,2660,4975,2660,0,2.0,0,0,3,2014,0,0,2014-05-20,599950.0
Seattle,2,1.75,1480,5120,840,640,1.0,0,0,4,1951,0,0,2014-05-20,483945.0
Renton,4,2.25,1770,33132,1190,580,1.0,0,0,4,1965,0,0,2014-05-20,390000.0
Seattle,2,1.0,950,7692,950,0,1.0,0,0,3,1926,0,0,2014-05-20,192500.0
Seattle,2,1.0,860,8308,860,0,1.0,0,0,4,1948,0,0,2014-05-20,330000.0
Kent,4,2.0,1960,7560,1160,800,1.0,0,0,5,1978,0,0,2014-05-20,250000.0
Seattle,2,1.0,1770,5522,960,810,1.5,0,0,4,1943,0,0,2014-05-20,243000.0
Seattle,4,1.75,1280,6060,860,420,1.0,0,0,3,1926,0,0,2014-05-20,575000.0
Redmond,4,2.5,2150,12028,2150,0,2.0,0,0,4,1982,0,0,2014-05-20,639000.0
Seattle,2,1.0,1790,4000,1040,750,1.0,0,0,4,1923,0,0,2014-05-20,710000.0
Redmond,3,2.25,1990,10260,1990,0,2.0,0,0,4,1987,0,0,2014-05-20,675000.0
Renton,5,2.5,2430,4781,2430,0,2.0,0,0,3,2001,0,0,2014-05-20,405000.0
Bellevue,4,2.75,2820,13193,1860,960,1.0,0,0,3,1965,0,0,2014-05-20,615000.0
Seattle,3,1.0,1910,8190,1010,900,1.0,0,0,4,1946,0,0,2014-05-20,490000.0
Seattle,3,2.25,1270,1213,1040,230,2.0,0,0,3,2005,0,0,2014-05-20,467000.0
Seattle,4,2.75,2050,3960,1180,870,1.0,0,0,4,1986,0,0,2014-05-20,480000.0
Seattle,6,2.0,2150,4505,1270,880,1.0,0,0,3,1952,0,0,2014-05-20,755000.0
Bellevue,4,1.75,2450,13300,1630,820,1.0,0,2,4,1987,0,0,2014-05-20,760000.0
Seattle,2,2.25,1230,1280,960,270,2.0,0,0,3,2012,0,0,2014-05-20,387000.0
Kirkland,4,2.25,2260,41984,2260,0,1.0,0,0,4,1967,0,0,2014-05-20,925000.0
Auburn,2,1.0,1050,60113,1050,0,1.0,0,0,4,1943,0,0,2014-05-20,415000.0
Kent,3,1.75,1570,7775,1570,0,2.0,0,0,3,1982,0,0,2014-05-20,263000.0
Redmond,4,2.0,1820,9350,1820,0,1.0,0,0,4,1967,0,0,2014-05-20,519900.0
Seattle,2,1.75,1540,4025,1190,350,1.0,0,0,4,1908,0,0,2014-05-20,570000.0
Woodinville,3,1.5,2060,44866,2060,0,1.0,0,0,3,1953,0,0,2014-05-20,450000.0
Redmond,4,3.5,4380,74052,4380,0,1.0,0,0,3,2001,0,0,2014-05-20,1300000.0
Redmond,3,1.0,1090,9900,1090,0,1.0,0,0,4,1955,0,0,2014-05-20,300000.0
Renton,3,1.75,1480,7225,1480,0,1.0,0,0,4,1965,0,0,2014-05-20,320000.0
Seattle,4,1.0,1320,4440,1320,0,1.5,0,0,3,1929,0,0,2014-05-20,387500.0
Woodinville,1,2.25,2140,10350,1470,670,1.0,0,0,3,1976,0,0,2014-05-20,458000.0
Bellevue,4,3.5,4560,16643,2230,2330,1.0,0,3,3,1995,0,0,2014-05-20,1212500.0
Maple Valley,4,3.0,2800,9764,2800,0,2.0,0,0,3,2002,0,0,2014-05-20,380000.0
Renton,3,1.0,1050,5000,1050,0,1.0,0,0,4,1967,0,0,2014-05-20,200000.0
Kenmore,3,1.5,1490,9630,1490,0,1.0,0,0,4,1959,0,0,2014-05-20,385000.0
Seattle,2,1.0,1730,6375,1730,0,2.0,0,0,4,1945,0,0,2014-05-20,396675.0
Seattle,4,1.0,1210,3760,1210,0,1.5,0,0,3,1900,0,0,2014-05-20,452000.0
Maple Valley,4,2.5,2800,8494,2800,0,2.0,0,0,3,2004,0,0,2014-05-20,426000.0
Seattle,3,1.5,1570,1050,1570,0,2.0,0,0,3,1915,0,0,2014-05-20,792000.0
Auburn,3,2.25,1400,31626,1140,260,1.0,0,0,2,1987,0,0,2014-05-20,315000.0
Seattle,4,2.0,2850,7861,1450,1400,1.0,0,4,4,1970,0,0,2014-05-20,1275000.0
Renton,6,3.0,1880,7200,1880,0,1.0,0,0,4,1966,0,0,2014-05-20,326000.0
Shoreline,2,1.0,790,8424,790,0,1.0,0,0,4,1953,0,0,2014-05-20,268500.0
Seattle,2,1.75,1300,4000,1300,0,2.0,0,0,3,1948,0,0,2014-05-20,440000.0
Renton,3,1.0,2120,7735,1060,1060,1.0,0,0,4,1967,0,0,2014-05-20,300000.0
Seattle,3,1.5,1540,4773,1540,0,2.0,0,0,3,1941,2009,1,2014-05-20,525000.0
Seattle,4,2.75,2620,13777,1720,900,1.5,0,2,4,1926,0,0,2014-05-20,978000.0
Seattle,6,3.0,2880,3192,2180,700,2.0,0,0,4,1919,0,0,2014-05-20,1125000.0
Seattle,4,1.0,1680,4021,1680,0,1.5,0,0,3,1921,0,0,2014-05-20,700000.0
Redmond,2,1.0,790,6969,790,0,1.0,0,0,3,1955,1984,1,2014-05-20,315000.0
Seattle,3,1.0,1092,7500,1092,0,1.5,0,0,3,1918,0,0,2014-05-20,309000.0
Federal Way,3,1.5,1650,9936,1090,560,1.0,0,0,3,1967,0,0,2014-05-20,219950.0
Covington,3,2.5,2090,4700,2090,0,2.0,0,0,3,2002,0,0,2014-05-20,289000.0
SeaTac,4,1.75,2180,28710,1180,1000,1.0,0,0,3,1950,0,0,2014-05-20,210000.0
Federal Way,4,2.5,1990,6671,1990,0,2.0,0,0,3,1989,0,0,2014-05-20,260000.0
Seattle,4,2.5,2650,7945,2650,0,2.0,0,0,3,2006,0,0,2014-05-20,699000.0
Medina,4,3.5,4460,16953,2550,1910,1.0,0,0,3,1962,1994,1,2014-05-20,1800000.0
Shoreline,3,1.0,910,8000,740,170,1.0,0,0,4,1950,0,0,2014-05-20,299950.0
Bellevue,3,2.5,2770,10773,2770,0,2.0,0,2,3,1992,0,0,2014-05-20,749950.0
Seattle,3,2.0,2390,6888,2390,0,2.0,0,1,5,1939,0,0,2014-05-20,1100000.0
Renton,3,2.5,3050,158558,3050,0,1.0,0,0,4,1987,0,0,2014-05-20,555000.0
Snoqualmie,3,2.5,1700,4000,1700,0,2.0,0,0,3,2003,0,0,2014-05-20,384000.0
Renton,5,3.5,3200,43560,3200,0,2.0,0,0,3,1989,0,0,2014-05-20,499950.0
Seattle,3,1.75,1200,4500,1200,0,1.0,0,0,5,1906,0,0,2014-05-20,430000.0
Maple Valley,4,2.25,2220,6953,2220,0,2.0,0,0,4,1999,0,0,2014-05-20,350000.0
Redmond,3,2.5,2480,9041,2480,0,2.0,0,0,3,2004,0,0,2014-05-20,620000.0
Redmond,4,2.25,2560,12100,1760,800,1.0,0,0,4,1976,0,0,2014-05-20,765000.0
Kent,4,1.5,2500,6300,1500,1000,1.0,0,0,4,1961,0,0,2014-05-20,250000.0
Seattle,2,1.0,1150,4000,1150,0,1.0,0,0,3,1947,0,0,2014-05-20,376000.0
Seattle,4,1.75,1650,7775,1150,500,1.0,0,0,4,1950,0,0,2014-05-20,475000.0
Federal Way,3,1.75,1140,9628,1140,0,1.0,0,0,4,1969,0,0,2014-05-20,120750.0
Seattle,3,1.75,3400,8965,1820,1580,1.0,0,2,5,1957,0,0,2014-05-20,1690000.0
Issaquah,3,1.0,1180,43124,1180,0,1.0,0,0,4,1959,0,0,2014-05-20,330000.0
Seattle,3,2.5,1700,4105,1700,0,2.0,0,0,3,1992,0,0,2014-05-20,619500.0
Bellevue,3,1.5,1240,11200,1240,0,1.0,0,0,4,1954,0,0,2014-05-20,345000.0
Sammamish,5,2.25,2890,12478,2890,0,2.0,0,0,3,1977,0,0,2014-05-20,598000.0
Kenmore,3,1.0,1060,10050,1060,0,1.0,0,0,4,1967,0,0,2014-05-20,335000.0
Shoreline,4,1.75,1590,10523,1590,0,2.0,0,0,4,1922,0,0,2014-05-20,372500.0
Auburn,6,5.25,2860,5682,2860,0,2.0,0,0,3,1978,0,0,2014-05-20,300000.0
Seattle,1,1.0,820,1060,760,60,1.0,0,0,3,2007,0,0,2014-05-20,194000.0
Bellevue,3,2.0,2020,8118,1020,1000,1.0,0,0,3,1963,0,0,2014-05-20,507500.0
Kirkland,4,2.25,1870,9680,1170,700,1.0,0,0,4,1959,0,0,2014-05-20,325000.0
Maple Valley,3,2.5,2170,4905,2170,0,2.0,0,0,3,2004,0,0,2014-05-20,329900.0
Seattle,4,2.5,1600,6765,830,770,1.0,0,0,3,1947,2011,1,2014-05-20,329000.0
Seattle,4,1.75,2090,4300,1250,840,1.5,0,0,4,1925,0,0,2014-05-20,494000.0
Auburn,4,2.0,1700,6025,1700,0,1.0,0,0,3,1978,0,0,2014-05-20,206000.0
Seattle,4,1.75,1940,6909,970,970,1.0,0,0,4,1941,0,0,2014-05-20,423000.0
Renton,3,1.0,1320,8625,1320,0,1.0,0,0,4,1957,0,0,2014-05-20,259000.0
Seattle,4,2.25,3500,13875,1830,1670,1.0,0,4,4,1938,0,0,2014-05-20,879950.0
Seattle,5,3.5,2800,5120,2800,0,2.5,0,0,3,1903,2005,1,2014-05-20,345600.0
Seattle,3,1.5,1080,2940,1080,0,1.5,0,0,4,1920,0,0,2014-05-20,395000.0
Snoqualmie,4,2.5,3550,8048,3550,0,2.0,0,0,3,2007,0,0,2014-05-20,625000.0
Duvall,3,2.0,2010,251341,1510,500,2.0,0,0,3,2003,0,0,2014-05-20,439000.0
Seattle,3,1.75,1690,1468,1380,310,2.0,0,0,3,2008,0,0,2014-05-20,380000.0
Seattle,3,1.5,1270,1443,1270,0,3.0,0,0,3,2007,0,0,2014-05-20,440000.0
Seattle,3,2.25,1970,2377,1680,290,2.0,0,0,3,2008,0,0,2014-05-20,415000.0
Kirkland,4,2.75,3160,8097,3160,0,2.0,0,0,3,2014,0,0,2014-05-20,860000.0
Seattle,3,2.5,1210,1200,1210,0,3.0,0,0,3,2008,0,0,2014-05-20,500000.0
Seattle,4,3.5,3120,5086,2480,640,2.0,0,0,3,2008,0,0,2014-05-20,953007.0
Renton,4,2.5,2670,8765,2670,0,2.0,0,0,3,2006,0,0,2014-05-20,515000.0
Seattle,3,2.25,1640,1204,1640,0,3.0,0,0,3,2014,0,0,2014-05-20,772000.0
Auburn,4,2.5,2303,3680,2303,0,2.0,0,0,3,2013,0,0,2014-05-20,329995.0
Snoqualmie,3,2.5,1800,3168,1800,0,2.0,0,0,3,2014,0,0,2014-05-20,409316.0
Seattle,5,3.5,4460,2975,3280,1180,3.0,0,2,3,2013,0,0,2014-05-20,490000.0
Seattle,2,2.5,1590,2656,1220,370,2.0,0,0,3,2009,0,0,2014-05-20,305000.0
Issaquah,4,3.5,3070,4684,2190,880,2.0,0,0,3,2009,0,0,2014-05-20,785000.0
SeaTac,2,1.75,1330,7200,1330,0,1.0,0,0,3,1993,0,0,2014-05-21,240000.0
Seattle,3,1.0,990,6750,990,0,1.0,0,0,4,1947,0,0,2014-05-21,325000.0
Issaquah,4,2.5,1900,5790,1900,0,2.0,0,0,3,1994,0,0,2014-05-21,535800.0
Seattle,3,2.5,2020,1159,2020,0,3.0,0,3,3,2000,0,0,2014-05-21,720000.0
Kirkland,3,1.75,2000,9416,2000,0,1.0,0,0,4,1961,0,0,2014-05-21,374000.0
Des Moines,2,1.75,1100,7600,1100,0,1.0,0,0,3,1980,0,0,2014-05-21,189650.0
Carnation,1,1.0,960,40946,960,0,1.0,0,0,5,1945,0,0,2014-05-21,420850.0
Redmond,4,2.75,3488,9614,3488,0,2.0,0,0,3,1998,0,0,2014-05-21,815000.0
Bellevue,2,1.75,1890,9466,1890,0,2.0,0,0,3,1987,0,0,2014-05-21,1065000.0
Seattle,4,2.0,2030,8120,2030,0,2.0,0,0,3,1950,0,0,2014-05-21,199000.0
Covington,3,1.75,1380,7350,990,390,1.0,0,0,3,1981,0,0,2014-05-21,195000.0
Seattle,4,3.25,3660,5800,3360,300,2.5,0,0,3,1909,1995,1,2014-05-21,1506000.0
Renton,3,2.25,1870,3230,1870,0,2.0,0,0,3,1997,0,0,2014-05-21,288400.0
Sammamish,4,2.25,2080,12007,1220,860,1.0,0,0,4,1979,0,0,2014-05-21,442000.0
Newcastle,4,2.75,2450,14803,2450,0,2.0,0,0,4,1988,0,0,2014-05-21,619420.0
Seattle,4,2.25,2750,6180,1500,1250,1.0,0,0,4,1948,0,0,2014-05-21,635000.0
Seattle,3,1.0,1240,4842,1240,0,1.0,0,0,4,1916,0,0,2014-05-21,210000.0
Kirkland,3,2.5,1900,7604,1900,0,2.0,0,0,3,1990,0,0,2014-05-21,512500.0
Kirkland,3,2.5,2540,6093,2540,0,2.0,0,0,3,1999,0,0,2014-05-21,567000.0
Snoqualmie Pass,3,2.75,2100,10362,1510,590,2.0,0,0,3,1998,0,0,2014-05-21,525000.0
Seattle,4,2.0,1790,2250,840,950,1.0,0,2,4,1909,0,0,2014-05-21,475000.0
Auburn,3,2.0,1170,7258,1170,0,1.0,0,0,3,1984,0,0,2014-05-21,250000.0
Enumclaw,3,1.0,1060,9126,1060,0,1.0,0,2,5,1956,0,0,2014-05-21,220000.0
Seattle,5,2.0,1930,6120,1930,0,1.5,0,0,3,1941,1969,1,2014-05-21,230000.0
Bothell,3,2.0,1540,7947,1120,420,1.0,0,0,3,1961,0,0,2014-05-21,385500.0
Mercer Island,5,3.0,2876,13927,1970,906,1.0,0,2,4,1973,0,0,2014-05-21,895000.0
Sammamish,3,2.5,2150,7484,2150,0,2.0,0,0,3,1988,0,0,2014-05-21,368250.0
Seattle,2,1.0,1140,5500,1140,0,1.0,0,0,3,1947,0,0,2014-05-21,249900.0
Kirkland,3,1.5,980,7790,980,0,1.0,0,0,5,1969,0,0,2014-05-21,350000.0
Auburn,3,1.75,1230,13056,1230,0,1.0,0,0,4,1962,0,0,2014-05-21,175000.0
Seattle,3,1.75,1390,10905,860,530,1.0,0,0,3,1957,0,0,2014-05-21,270000.0
Seattle,3,3.5,2380,6250,1670,710,2.0,0,3,3,1997,0,0,2014-05-21,495000.0
Kirkland,3,3.25,3690,7200,3690,0,2.0,0,0,3,2007,0,0,2014-05-21,1580000.0
Issaquah,5,3.25,3010,1074218,2010,1000,1.5,0,0,5,1931,0,0,2014-05-21,542500.0
Woodinville,3,1.0,1250,9126,1250,0,1.0,0,0,3,1969,0,0,2014-05-21,330000.0
Seattle,4,2.75,2290,6120,2170,120,2.0,0,0,4,1926,0,0,2014-05-21,1003000.0
Seattle,2,1.0,790,5240,790,0,1.0,0,0,4,1925,0,0,2014-05-21,299800.0
Auburn,3,2.5,2720,6014,2720,0,2.0,0,0,3,2002,0,0,2014-05-21,299900.0
Kirkland,4,2.75,2550,8632,1700,850,1.0,0,0,3,1972,0,0,2014-05-21,691000.0
Des Moines,2,1.0,1080,3899,1080,0,1.0,0,0,4,1972,0,0,2014-05-21,195000.0
Des Moines,3,1.75,2470,9620,1570,900,1.0,0,1,4,1962,0,0,2014-05-21,405000.0
Seattle,2,0.75,850,7710,550,300,1.0,0,2,5,1909,0,0,2014-05-21,360000.0
Kent,3,2.5,1990,8991,1570,420,1.0,0,0,3,1969,0,0,2014-05-21,256750.0
Maple Valley,3,2.25,1800,10500,1800,0,2.0,0,0,3,1995,0,0,2014-05-21,332500.0
Bellevue,5,4.0,4850,36450,4850,0,2.0,0,0,3,1977,0,0,2014-05-21,975000.0
Seattle,3,1.0,1020,7874,1020,0,1.0,0,0,3,1956,0,0,2014-05-21,218000.0
Issaquah,3,2.5,2420,49928,1860,560,2.0,0,0,3,1985,0,0,2014-05-21,429000.0
Snoqualmie,4,2.5,2910,5776,2910,0,2.0,0,2,3,1998,0,0,2014-05-21,589000.0
Renton,3,1.5,1060,9039,1060,0,1.0,0,0,3,1973,2013,1,2014-05-21,255000.0
Shoreline,4,2.5,2340,6420,1590,750,1.0,0,2,3,1964,0,0,2014-05-21,668750.0
Renton,4,2.75,1800,5453,1050,750,1.0,0,0,3,2002,0,0,2014-05-21,344500.0
Seattle,4,2.0,1660,6150,850,810,1.0,0,0,3,1945,0,0,2014-05-21,452000.0
Redmond,3,1.75,1300,62290,1300,0,1.0,0,0,3,1983,0,0,2014-05-21,540000.0
Seattle,3,1.5,1780,23819,1780,0,1.0,0,0,3,1953,0,0,2014-05-21,246000.0
Seattle,2,1.0,1030,4841,920,110,1.0,0,0,3,1939,0,0,2014-05-21,535000.0
Shoreline,4,3.25,2790,5420,1130,1660,1.0,0,3,3,1963,2013,1,2014-05-21,970000.0
Seattle,3,1.0,1150,3000,1150,0,1.0,0,0,5,1906,0,0,2014-05-21,430000.0
Kenmore,4,2.5,3290,11446,3290,0,2.0,0,0,3,1992,0,0,2014-05-21,520000.0
Ravensdale,4,2.5,3400,247421,3400,0,2.0,0,0,3,2001,0,0,2014-05-21,712000.0
Seattle,2,1.0,1200,4000,1070,130,1.0,0,0,3,1940,0,0,2014-05-21,450000.0
Pacific,4,2.5,2160,8005,2160,0,2.0,0,0,3,1993,0,0,2014-05-21,220000.0
Seattle,3,1.0,1450,4000,950,500,1.0,0,1,4,1948,0,0,2014-05-21,525000.0
Seattle,4,2.5,3240,3600,2060,1180,2.0,0,0,3,2008,0,0,2014-05-21,1220000.0
Seattle,3,2.0,1470,1691,1000,470,2.0,0,0,3,2007,0,0,2014-05-21,540000.0
Kirkland,4,2.5,2360,5226,2360,0,2.0,0,0,3,2001,0,0,2014-05-21,600000.0
Bellevue,3,2.25,2230,9053,2230,0,2.0,0,0,4,1987,0,0,2014-05-21,600000.0
Woodinville,4,2.5,2630,48706,2630,0,2.0,0,0,3,1986,0,0,2014-05-21,625000.0
Carnation,3,1.0,1010,25000,1010,0,1.0,0,0,3,1966,0,0,2014-05-21,150000.0
Issaquah,3,2.25,1445,1471,1300,145,2.0,0,0,3,2003,0,0,2014-05-21,389999.0
Seattle,3,1.75,2380,6000,1320,1060,1.5,0,0,3,1935,0,0,2014-05-21,285000.0
Sammamish,4,2.75,2830,13059,2830,0,2.0,0,0,3,1998,0,0,2014-05-21,744000.0
Redmond,4,2.5,3010,46173,3010,0,2.0,0,0,3,1996,0,0,2014-05-21,700000.0
Federal Way,4,2.25,2000,9000,2000,0,1.0,0,0,4,1978,0,0,2014-05-21,318989.0
Kirkland,3,2.25,2020,3600,2020,0,2.0,0,0,3,1998,0,0,2014-05-21,556000.0
Maple Valley,3,2.5,2030,6326,2030,0,2.0,0,0,3,1993,0,0,2014-05-21,275000.0
Shoreline,3,2.75,2550,11160,2550,0,2.0,0,0,3,1994,0,0,2014-05-21,430000.0
Seattle,2,1.0,970,13700,970,0,1.0,0,0,3,1949,0,0,2014-05-21,300000.0
Issaquah,3,1.75,1540,12446,1540,0,1.0,0,0,5,1967,0,0,2014-05-21,396450.0
Redmond,2,1.0,1396,111949,1396,0,1.0,0,0,3,1940,1997,1,2014-05-21,225000.0
Seattle,4,3.25,2780,7875,2780,0,2.0,0,0,3,2006,0,0,2014-05-21,700000.0
Auburn,6,2.0,2220,8797,2220,0,1.0,0,0,3,1977,0,0,2014-05-21,260000.0
Kirkland,4,3.5,2350,13402,1670,680,2.0,0,3,3,1994,0,0,2014-05-21,655000.0
Bellevue,3,2.25,2760,40946,2760,0,2.0,0,0,5,1978,0,0,2014-05-21,1185000.0
Kirkland,3,2.5,4460,26027,4460,0,2.0,0,0,3,1992,0,0,2014-05-21,1550000.0
Redmond,3,2.0,1440,4421,1440,0,1.0,0,0,3,2007,0,0,2014-05-21,413800.0
Issaquah,5,3.75,5330,6000,3570,1760,2.0,0,2,3,2006,0,0,2014-05-21,950000.0
Seattle,4,2.5,2220,4228,2220,0,2.0,0,0,3,2014,0,0,2014-05-21,334990.0
Kirkland,5,4.75,5305,8401,3745,1560,2.0,0,2,3,2005,0,0,2014-05-21,2700000.0
Kirkland,3,4.0,3880,13095,3700,180,2.0,0,3,3,2009,0,0,2014-05-21,1030000.0
Kirkland,4,3.25,3810,8519,2680,1130,1.0,0,1,3,2007,0,0,2014-05-21,1130000.0
Issaquah,3,3.0,1960,1168,1600,360,2.0,0,0,3,2007,0,0,2014-05-21,556000.0
Seattle,3,2.5,1530,1131,1530,0,3.0,0,0,3,2009,0,0,2014-05-21,360000.0
Kent,4,2.25,3250,34293,3250,0,2.0,0,0,4,1983,0,0,2014-05-22,480000.0
Renton,3,2.5,1750,7208,1750,0,2.0,0,0,3,1994,0,0,2014-05-22,324000.0
Kirkland,4,3.25,3440,35021,3440,0,2.0,0,0,3,1983,0,0,2014-05-22,1050000.0
Enumclaw,1,0.75,1170,14149,880,290,1.0,0,0,5,1962,0,0,2014-05-22,275000.0
Covington,3,1.0,870,5330,870,0,1.0,0,0,3,1969,2014,1,2014-05-22,180000.0
Sammamish,4,2.5,2930,18199,2930,0,2.0,0,0,3,1998,0,0,2014-05-22,749000.0
Bellevue,3,2.5,3160,12824,1820,1340,1.0,0,2,4,1966,0,0,2014-05-22,1600000.0
Seattle,2,1.0,800,3330,800,0,1.0,0,0,3,1918,0,0,2014-05-22,373500.0
Bellevue,4,2.5,2350,8001,2350,0,2.0,0,0,4,1987,0,0,2014-05-22,770000.0
Woodinville,2,1.75,1060,16470,1060,0,1.0,0,0,3,1977,0,0,2014-05-22,356000.0
Redmond,3,1.75,2060,12558,1350,710,1.0,0,0,4,1984,0,0,2014-05-22,625000.0
Seattle,2,1.75,1560,1750,780,780,1.0,0,0,4,1904,0,0,2014-05-22,494400.0
Renton,4,1.75,3000,42200,1500,1500,1.0,0,3,3,1950,0,0,2014-05-22,585000.0
Seattle,3,1.5,1660,4800,1660,0,2.0,0,0,3,1907,0,0,2014-05-22,926300.0
Seattle,3,1.75,1650,5100,1040,610,1.0,0,0,5,1908,0,0,2014-05-22,600000.0
Kent,4,3.0,3220,8936,2450,770,2.0,0,0,3,1990,0,0,2014-05-22,430000.0
Duvall,3,1.5,2320,7500,2320,0,1.0,0,0,3,1976,0,0,2014-05-22,307000.0
Des Moines,4,2.75,2750,14982,1720,1030,1.0,0,3,3,1981,0,0,2014-05-22,604700.0
Seattle,3,1.0,910,6000,910,0,1.0,0,0,2,1956,0,0,2014-05-22,219900.0
Seattle,2,1.5,840,867,840,0,2.0,0,0,3,2005,0,0,2014-05-22,270000.0
Seattle,3,2.25,1470,1578,1090,380,2.0,0,0,3,2007,0,0,2014-05-22,432000.0
Renton,6,2.0,2040,10812,2040,0,1.0,0,0,4,1943,0,0,2014-05-22,300000.0
Des Moines,3,1.0,1100,4046,1100,0,1.5,0,4,4,1922,0,0,2014-05-22,361000.0
Burien,2,1.0,940,8532,940,0,1.0,0,0,4,1959,0,0,2014-05-22,249950.0
North Bend,3,2.0,1110,10500,1110,0,1.0,0,0,5,1978,0,0,2014-05-22,320000.0
Seattle,4,1.75,2200,8100,1400,800,1.5,0,0,5,1942,0,0,2014-05-22,305000.0
Federal Way,2,1.75,2860,59612,1510,1350,1.0,1,4,3,1948,2003,1,2014-05-22,503000.0
Seattle,2,1.0,740,11250,740,0,1.0,0,0,2,1938,0,0,2014-05-22,235750.0
Seattle,4,1.75,2740,8520,1370,1370,1.0,0,2,3,1954,0,0,2014-05-22,657000.0
Bellevue,3,1.0,1250,7300,1250,0,1.0,0,0,4,1956,0,0,2014-05-22,385000.0
Federal Way,4,2.5,3140,8060,3140,0,2.0,0,0,3,1991,0,0,2014-05-22,389950.0
Seattle,2,1.0,820,10270,820,0,1.0,0,0,3,1954,0,0,2014-05-22,150000.0
Auburn,4,2.75,2570,7264,1720,850,2.0,0,0,3,1998,0,0,2014-05-22,254500.0
Bellevue,4,2.25,2350,8140,1430,920,1.0,0,0,4,1977,0,0,2014-05-22,555000.0
Bellevue,4,3.0,3600,9200,2100,1500,1.0,0,4,4,1976,0,0,2014-05-22,1075000.0
Federal Way,4,2.0,1580,8000,1040,540,1.0,0,0,3,1967,0,0,2014-05-22,245000.0
Seattle,2,1.0,1070,5824,1070,0,1.0,0,2,5,1949,0,0,2014-05-22,319950.0
Seattle,3,1.0,1070,6109,1070,0,1.0,0,0,5,1951,0,0,2014-05-22,337000.0
Seattle,4,2.0,1640,5000,1640,0,2.0,0,0,3,1907,1983,1,2014-05-22,492000.0
Kirkland,3,2.75,2890,12130,2830,60,2.0,0,3,4,1987,0,0,2014-05-22,1170000.0
Kirkland,3,1.0,1220,7876,1220,0,1.0,0,0,3,1966,0,0,2014-05-22,348580.0
Renton,2,1.0,1400,4500,900,500,1.0,0,0,3,1922,0,0,2014-05-22,180000.0
Seattle,3,1.0,1040,6250,1040,0,1.0,0,0,3,1942,0,0,2014-05-22,400000.0
North Bend,4,2.0,980,10640,980,0,1.0,0,0,5,1978,0,0,2014-05-22,295000.0
Redmond,4,3.25,3340,10890,2240,1100,1.5,0,0,3,1963,2000,1,2014-05-22,910000.0
Issaquah,6,4.5,6040,219542,4100,1940,2.0,0,0,3,1996,0,0,2014-05-22,1150000.0
Seattle,3,3.5,1900,1612,1430,470,2.0,0,0,3,2008,0,0,2014-05-22,431500.0
SeaTac,4,1.5,1740,7292,1020,720,1.0,0,0,3,1962,0,0,2014-05-22,180000.0
Seattle,3,2.0,2000,3207,1100,900,1.0,0,0,4,1916,0,0,2014-05-22,677000.0
Seattle,3,1.75,1610,7200,1090,520,1.0,0,0,3,1973,0,0,2014-05-22,1180500.0
Sammamish,4,2.5,3240,13978,1860,1380,1.0,0,0,3,1977,0,0,2014-05-22,635700.0
Woodinville,5,2.25,2230,9600,1320,910,1.0,0,0,3,1978,0,0,2014-05-22,482000.0
Seattle,2,2.5,1160,2174,1160,0,2.0,0,0,3,1998,0,0,2014-05-22,168000.0
Seattle,4,2.75,2410,6000,1410,1000,1.0,0,0,5,1950,0,0,2014-05-22,805000.0
Black Diamond,2,1.0,590,10945,590,0,1.5,0,0,3,1983,0,0,2014-05-22,398000.0
Newcastle,4,2.5,2600,17388,2600,0,2.0,0,0,3,1996,0,0,2014-05-22,665000.0
Redmond,4,3.0,2170,8240,1370,800,1.0,0,0,4,1968,0,0,2014-05-22,592500.0
Seattle,4,2.75,2080,4000,2080,0,1.5,0,0,3,1912,2000,1,2014-05-22,940000.0
Sammamish,4,2.5,2860,12394,2860,0,2.0,0,0,3,1999,0,0,2014-05-22,655000.0
Snoqualmie,4,2.5,2980,8107,2980,0,2.0,0,0,3,2000,0,0,2014-05-22,622500.0
Seattle,2,2.5,1230,987,1060,170,2.0,0,0,3,2011,0,0,2014-05-22,380000.0
Kirkland,4,1.75,2260,7005,1130,1130,1.0,0,1,4,1947,0,0,2014-05-22,648360.0
Redmond,3,2.75,2200,14925,1100,1100,1.0,0,0,3,1982,0,0,2014-05-22,432000.0
Bellevue,4,2.5,3030,12590,3030,0,1.5,0,0,4,1988,0,0,2014-05-22,1050000.0
Seattle,2,1.0,1060,1600,1060,0,2.0,0,0,3,1979,0,0,2014-05-22,353250.0
Sammamish,4,3.0,4260,18687,4260,0,2.0,0,0,3,1996,0,0,2014-05-22,1000000.0
Seattle,3,2.25,998,844,798,200,2.0,0,0,3,2007,0,0,2014-05-22,320000.0
Federal Way,4,2.5,2052,3723,2052,0,2.0,0,0,3,2014,0,0,2014-05-22,349900.0
Kent,4,3.5,3150,6202,3150,0,2.0,0,0,3,2005,0,0,2014-05-22,330000.0
SeaTac,3,2.25,1950,7221,1950,0,1.0,0,0,4,2006,0,0,2014-05-22,408000.0
Seattle,3,2.25,1347,1292,1347,0,3.0,0,0,3,2010,0,0,2014-05-22,321000.0
Issaquah,4,3.75,3860,5474,3860,0,2.5,0,0,3,2007,0,0,2014-05-22,1051000.0
Bellevue,4,5.5,5060,10320,5060,0,2.0,0,0,3,2008,0,0,2014-05-22,2150000.0
Seattle,3,1.5,1360,885,1360,0,3.0,0,0,3,2008,0,0,2014-05-22,359000.0
Seattle,5,2.5,2760,6000,2760,0,2.0,0,0,3,2006,0,0,2014-05-22,300000.0
Seattle,5,3.5,2420,4670,2420,0,2.0,0,0,3,2013,0,0,2014-05-22,380000.0
Redmond,3,2.5,2450,4332,2450,0,2.0,0,0,3,2010,0,0,2014-05-22,660000.0
Seattle,3,2.25,1280,959,1280,0,3.0,0,0,3,2005,0,0,2014-05-22,355000.0
Auburn,3,2.5,1550,3569,1550,0,2.0,0,0,3,2011,0,0,2014-05-22,259000.0
Seattle,1,1.0,550,1279,550,0,2.0,0,0,3,2008,0,0,2014-05-22,353000.0
Seattle,2,2.5,1520,1588,1240,280,2.0,0,0,3,2007,0,0,2014-05-22,430000.0
Seattle,3,1.0,1670,4005,1170,500,1.5,0,0,4,1939,0,0,2014-05-23,460000.0
Carnation,1,0.75,430,5050,430,0,1.0,0,0,2,1912,0,0,2014-05-23,80000.0
Bellevue,4,2.5,2380,9614,2380,0,2.0,0,0,4,1991,0,0,2014-05-23,782000.0
Enumclaw,3,1.0,960,9633,960,0,1.0,0,0,5,1982,0,0,2014-05-23,218000.0
Seattle,3,1.0,1920,6862,1120,800,1.0,0,2,3,1952,0,0,2014-05-23,325000.0
Seattle,4,3.0,3680,5854,2060,1620,1.0,0,3,3,1967,0,0,2014-05-23,980000.0
Bellevue,4,2.25,2530,9200,1570,960,1.0,0,0,5,1976,0,0,2014-05-23,902000.0
Federal Way,5,2.5,3840,16905,3840,0,2.0,0,0,3,1991,0,0,2014-05-23,556000.0
Seattle,3,1.75,1240,3600,1240,0,1.5,0,0,5,1926,0,0,2014-05-23,662990.0
Ravensdale,2,1.0,1300,11867,1300,0,1.5,0,0,4,1975,0,0,2014-05-23,225000.0
Renton,4,2.5,2380,12067,2380,0,2.0,0,0,3,2002,0,0,2014-05-23,439950.0
Auburn,2,1.0,1300,44431,1300,0,1.0,0,0,5,1958,0,0,2014-05-23,175000.0
Woodinville,2,1.0,780,13500,780,0,1.0,0,0,4,1946,1989,1,2014-05-23,306000.0
Kent,4,2.5,1810,39639,1230,580,1.0,0,0,3,1970,0,0,2014-05-23,235000.0
North Bend,3,1.75,2420,12676,2420,0,2.0,0,0,3,1911,1986,1,2014-05-23,399500.0
Seattle,3,1.0,1280,2580,1280,0,1.5,0,0,3,1910,2014,1,2014-05-23,478000.0
Seattle,2,1.0,1680,6500,1140,540,1.0,0,0,4,1941,0,0,2014-05-23,515000.0
Renton,3,2.5,2510,5400,2510,0,2.0,0,0,3,1992,0,0,2014-05-23,550000.0
Seattle,3,1.0,1700,8645,1700,0,1.0,0,0,3,1955,0,0,2014-05-23,149000.0
Seattle,3,1.75,1680,3420,960,720,1.0,0,0,3,1992,0,0,2014-05-23,526000.0
Snoqualmie,1,0.75,820,59677,820,0,1.0,0,0,3,1999,0,0,2014-05-23,527550.0
Redmond,3,4.0,4380,42769,4380,0,2.0,0,0,5,1983,0,0,2014-05-23,1050000.0
Sammamish,3,2.5,2600,10092,2600,0,1.0,0,0,3,1984,0,0,2014-05-23,625000.0
Bellevue,5,3.25,3400,7452,3400,0,2.0,0,0,3,1999,0,0,2014-05-23,950000.0
Shoreline,5,1.75,2120,8399,1320,800,1.0,0,0,4,1942,0,0,2014-05-23,377691.0
Seattle,4,2.75,2250,5700,1200,1050,1.0,0,0,3,1951,0,0,2014-05-23,648475.0
Seattle,3,1.0,1800,5612,1200,600,1.0,0,0,4,1942,0,0,2014-05-23,383000.0
Redmond,3,2.5,2210,7620,2210,0,2.0,0,0,3,1994,0,0,2014-05-23,535000.0
Seattle,3,2.0,1560,4080,1560,0,2.0,0,0,3,1923,1982,1,2014-05-23,449950.0
Woodinville,4,2.75,2430,20720,2430,0,1.0,0,0,3,1967,0,0,2014-05-23,465425.0
Sammamish,4,2.5,2560,36601,2560,0,2.0,0,0,4,1987,0,0,2014-05-23,675000.0
Seattle,3,2.75,1960,2500,1410,550,1.5,0,0,5,1926,0,0,2014-05-23,599000.0
Redmond,3,1.5,1110,9762,1110,0,1.0,0,0,4,1963,0,0,2014-05-23,416000.0
Seattle,2,1.5,1030,4500,830,200,1.0,0,0,3,1924,0,0,2014-05-23,595000.0
Renton,4,1.0,1350,11507,1350,0,1.0,0,0,3,1966,0,0,2014-05-23,200000.0
Issaquah,3,2.0,1540,1827,1540,0,2.0,0,0,3,2005,0,0,2014-05-23,402000.0
Bellevue,4,1.75,1830,9600,1010,820,1.0,0,0,4,1966,0,0,2014-05-23,433000.0
Federal Way,4,1.5,1930,15531,1930,0,2.0,0,0,3,1979,0,0,2014-05-23,275000.0
Kirkland,3,2.0,1650,9641,1650,0,1.5,0,0,3,1983,0,0,2014-05-23,410000.0
Burien,4,2.0,3510,12905,2210,1300,1.0,0,2,3,1965,1982,1,2014-05-23,554820.0
Seattle,4,3.0,3370,7920,1860,1510,1.0,0,3,3,1988,0,0,2014-05-23,1325000.0
Redmond,3,2.5,2390,9157,2390,0,2.0,0,0,3,1984,0,0,2014-05-23,735000.0
Bellevue,3,1.0,1230,8114,1230,0,1.0,0,0,4,1951,0,0,2014-05-23,607000.0
Auburn,4,3.0,2830,213879,2830,0,2.0,0,0,4,1987,0,0,2014-05-23,549900.0
Maple Valley,3,1.75,1620,7540,1310,310,1.0,0,0,3,1988,0,0,2014-05-23,258000.0
Seattle,4,4.0,2290,6250,1690,600,1.5,0,0,5,1940,0,0,2014-05-23,661254.0
Clyde Hill,4,2.0,2840,13367,1420,1420,1.0,0,0,3,1952,0,0,2014-05-23,945000.0
Auburn,4,3.5,4220,196817,4220,0,2.0,0,0,3,1993,0,0,2014-05-23,799950.0
Auburn,3,1.0,1080,10500,1080,0,1.0,0,0,3,1967,0,0,2014-05-23,132500.0
Redmond,3,1.75,1620,8645,1190,430,1.0,0,0,3,1973,0,0,2014-05-23,467100.0
Mercer Island,4,3.5,4390,11600,3060,1330,2.0,0,3,3,1990,0,0,2014-05-23,1610000.0
Seattle,3,1.75,1620,3975,940,680,1.0,0,0,5,1926,0,0,2014-05-23,641000.0
Shoreline,3,1.0,1010,11244,1010,0,1.0,0,0,4,1947,0,0,2014-05-23,350000.0
Renton,4,2.5,1750,8476,1240,510,1.0,0,0,4,1983,0,0,2014-05-23,335000.0
Auburn,3,3.5,4080,217697,4080,0,1.5,0,3,3,2000,0,0,2014-05-23,900000.0
Issaquah,4,2.5,2560,10400,1280,1280,1.0,0,0,4,1965,0,0,2014-05-23,440000.0
Seattle,3,1.75,1120,5500,1120,0,1.5,0,0,4,1925,0,0,2014-05-23,464600.0
Redmond,4,3.5,4740,172497,4740,0,2.0,0,0,3,2003,0,0,2014-05-23,1200000.0
Seattle,2,1.0,1340,7788,1340,0,1.0,0,2,3,1947,0,0,2014-05-23,300000.0
Seattle,4,2.0,1590,6750,1590,0,1.0,0,0,3,1951,0,0,2014-05-23,670500.0
Seattle,3,1.0,1430,5000,1080,350,1.0,0,0,4,1919,0,0,2014-05-23,552000.0
Seattle,4,1.0,1450,8960,1450,0,1.0,0,0,3,1943,0,0,2014-05-23,244000.0
Redmond,4,2.75,3500,7200,3500,0,2.0,0,0,3,2005,0,0,2014-05-23,788600.0
Renton,3,2.0,1630,8702,1630,0,1.0,0,0,3,1987,0,0,2014-05-23,445000.0
Seattle,4,1.75,1814,5000,944,870,1.0,0,0,4,1951,0,0,2014-05-23,530000.0
Seattle,2,1.0,580,7500,580,0,1.0,0,0,3,1943,0,0,2014-05-23,90000.0
Seattle,3,2.0,1670,4572,1670,0,1.5,0,0,3,1931,0,0,2014-05-23,585000.0
Kirkland,2,2.0,1140,8282,1140,0,1.0,0,0,3,1924,2009,1,2014-05-23,498000.0
Seattle,2,1.0,800,6380,800,0,1.0,0,2,3,1940,0,0,2014-05-23,379000.0
Seattle,3,1.75,1300,2580,820,480,1.0,0,0,5,1919,0,0,2014-05-23,462000.0
Renton,4,2.5,2440,7155,2440,0,2.0,0,0,3,1993,0,0,2014-05-23,388000.0
Kent,3,2.0,1490,8371,1490,0,1.5,0,0,3,1984,0,0,2014-05-23,255000.0
Bellevue,3,2.75,1800,9550,1320,480,1.0,0,0,4,1966,0,0,2014-05-23,665000.0
Bellevue,3,2.0,1830,9152,1830,0,1.0,0,0,5,1959,0,0,2014-05-23,550000.0
Seattle,3,1.0,1500,3920,1000,500,1.0,0,0,3,1947,0,0,2014-05-23,606000.0
Seattle,4,2.5,2210,6080,1410,800,1.0,0,2,4,1965,0,0,2014-05-23,334000.0
Seattle,3,2.0,1270,1323,1270,0,3.0,0,0,3,2006,0,0,2014-05-23,360000.0
Seattle,2,1.0,1140,1730,1010,130,1.5,0,0,3,2007,0,0,2014-05-23,235000.0
Seattle,3,2.5,1620,1173,1470,150,3.0,0,4,3,2008,0,0,2014-05-23,580000.0
Seattle,3,2.0,1220,1186,1220,0,3.0,0,0,3,2007,0,0,2014-05-23,355000.0
Seattle,2,2.5,750,1430,750,0,2.0,0,0,3,2006,0,0,2014-05-23,375000.0
North Bend,4,1.75,1960,9300,1340,620,1.0,0,0,5,1979,0,0,2014-05-24,372000.0
Seattle,3,1.0,1370,3000,1370,0,1.5,0,0,3,1924,0,0,2014-05-24,479000.0
Sammamish,5,4.0,4580,4443,4580,0,3.0,1,4,3,2004,0,0,2014-05-24,2000000.0
Carnation,4,4.25,5584,68257,5584,0,2.0,0,0,3,1998,0,0,2014-05-24,1680000.0
Seattle,2,1.0,1010,4320,1010,0,1.0,0,0,5,1924,0,0,2014-05-24,501000.0
Maple Valley,3,1.75,1260,6908,1260,0,1.0,0,0,3,1994,0,0,2014-05-24,245000.0
Issaquah,3,2.5,1740,5782,1740,0,2.0,0,0,4,1989,0,0,2014-05-24,496700.0
Auburn,4,1.5,2670,10026,2670,0,2.0,0,0,3,1996,0,0,2014-05-24,347000.0
Renton,2,1.0,720,7200,720,0,1.0,0,0,5,1943,0,0,2014-05-24,199000.0
Snoqualmie,3,2.5,2460,4399,2460,0,2.0,0,0,3,2007,0,0,2014-05-24,440500.0
Sammamish,4,2.5,3670,7000,3670,0,2.0,0,0,3,2005,0,0,2014-05-24,820000.0
SeaTac,4,3.5,2630,3435,1640,990,1.5,0,3,3,1984,0,0,2014-05-25,325000.0
Enumclaw,3,1.75,1570,8459,1570,0,1.0,0,0,3,1991,0,0,2014-05-25,195000.0
Redmond,3,3.0,2980,28000,1820,1160,1.0,0,0,3,1981,0,0,2014-05-25,675000.0
Maple Valley,3,2.5,1560,4200,1560,0,2.0,0,0,3,2003,0,0,2014-05-25,295000.0
Shoreline,3,2.5,1620,7410,1620,0,1.0,0,0,5,1955,0,0,2014-05-25,355300.0
Seattle,3,1.0,1140,5000,1140,0,1.0,0,0,3,1960,0,0,2014-05-26,276000.0
Duvall,2,1.5,2730,19877,1570,1160,1.0,0,0,4,1976,0,0,2014-05-26,460000.0
Woodinville,3,2.0,2130,35169,2130,0,1.0,0,0,4,1989,0,0,2014-05-26,880000.0
Shoreline,3,2.5,1780,4050,1780,0,2.0,0,0,3,2001,0,0,2014-05-26,370000.0
Renton,4,2.5,2100,3916,2100,0,2.0,0,0,3,2009,0,0,2014-05-26,346000.0
Auburn,3,1.0,1140,8800,1140,0,1.0,0,0,3,1972,0,0,2014-05-26,172500.0
Kenmore,3,1.5,1690,9144,1140,550,1.0,0,0,4,1956,0,0,2014-05-26,379950.0
Seattle,2,1.0,1160,6000,860,300,1.0,0,0,4,1942,0,0,2014-05-27,468000.0
Seattle,4,2.75,1720,6270,1720,0,2.0,0,0,3,1978,0,0,2014-05-27,477000.0
Seattle,3,1.0,1210,3328,1210,0,1.5,0,0,4,1924,0,0,2014-05-27,529000.0
Seattle,3,1.5,1255,1374,1255,0,3.0,0,0,3,2004,0,0,2014-05-27,312000.0
Seattle,2,1.0,880,7683,880,0,1.0,0,0,3,1942,0,0,2014-05-27,326100.0
Seattle,3,1.0,1050,9206,1050,0,1.5,0,0,3,1954,0,0,2014-05-27,360000.0
Kenmore,3,1.75,1650,12940,1650,0,1.0,0,0,4,1961,0,0,2014-05-27,438000.0
Shoreline,3,1.0,1570,9467,1570,0,1.0,0,0,3,1954,0,0,2014-05-27,360000.0
Seattle,4,2.5,2920,7200,1470,1450,1.0,0,3,3,1921,2006,1,2014-05-27,1050000.0
Seattle,4,3.0,3000,4000,1970,1030,1.5,0,3,3,1913,2014,1,2014-05-27,688000.0
Issaquah,3,1.75,1850,7735,1850,0,1.0,0,0,4,1983,0,0,2014-05-27,585000.0
Kent,3,2.5,1440,7741,1000,440,1.0,0,0,4,1983,0,0,2014-05-27,265000.0
Kirkland,3,1.75,1440,8775,1440,0,1.0,0,0,3,1973,0,0,2014-05-27,375000.0
Woodinville,3,1.0,1810,12375,1810,0,2.0,0,0,3,1970,0,0,2014-05-27,326500.0
Seattle,2,1.0,1180,9350,1180,0,1.0,0,0,3,1918,0,0,2014-05-27,160000.0
Seattle,4,3.75,3070,5850,2400,670,2.0,0,0,5,1927,0,0,2014-05-27,1570000.0
Sammamish,5,2.75,3390,5211,3390,0,2.0,0,0,3,2004,0,0,2014-05-27,735000.0
Seattle,2,1.0,1470,6120,1470,0,1.0,0,0,2,1940,0,0,2014-05-27,400000.0
Kirkland,4,2.5,2680,7200,1380,1300,1.0,0,0,3,1952,2013,1,2014-05-27,800000.0
Bellevue,4,2.25,2290,10687,2290,0,2.0,0,0,3,1978,0,0,2014-05-27,949880.0
Shoreline,3,1.75,1980,8100,1310,670,1.0,0,0,4,1949,0,0,2014-05-27,405000.0
Renton,4,2.5,2870,9292,2540,330,2.0,0,0,3,1979,0,0,2014-05-27,399000.0
Seattle,3,2.0,1840,4750,1010,830,1.0,0,0,5,1951,0,0,2014-05-27,730001.0
Mercer Island,4,3.25,4060,13000,4060,0,2.0,0,3,3,2000,0,0,2014-05-27,1795000.0
Pacific,3,2.0,1630,8018,1630,0,1.0,0,0,3,2003,0,0,2014-05-27,260000.0
Seattle,2,2.0,1880,5400,1880,0,1.5,0,0,3,1902,0,0,2014-05-27,751750.0
Kent,3,1.75,1780,13095,1780,0,1.0,0,0,4,1983,0,0,2014-05-27,325000.0
Kent,4,2.0,2330,6250,1400,930,1.0,0,0,4,1941,0,0,2014-05-27,344950.0
Seattle,3,1.75,1840,4030,1050,790,1.0,0,0,5,1925,0,0,2014-05-27,457500.0
Kenmore,5,2.0,2330,10750,1190,1140,1.0,0,0,4,1962,0,0,2014-05-27,389000.0
Renton,4,2.5,3200,6473,3200,0,2.0,0,0,3,2005,0,0,2014-05-27,515000.0
Seattle,3,2.5,2330,1987,1410,920,2.0,0,4,3,2004,0,0,2014-05-27,732000.0
Shoreline,3,2.25,1950,8868,1350,600,1.0,0,0,3,1964,0,0,2014-05-27,415000.0
Seattle,4,3.5,3080,4815,2300,780,2.0,0,3,3,1937,2009,1,2014-05-27,1655000.0
Seattle,2,1.0,1040,5527,1040,0,1.0,0,0,3,1951,0,0,2014-05-27,535000.0
Seattle,4,4.25,1960,3565,1960,0,2.0,0,0,3,1940,2003,1,2014-05-27,540000.0
Seattle,5,3.0,2750,3800,1750,1000,1.5,0,0,5,1926,0,0,2014-05-27,525000.0
Woodinville,3,1.75,1930,36210,1930,0,1.0,0,0,3,1977,0,0,2014-05-27,570000.0
Federal Way,5,4.5,4850,40902,4850,0,2.0,0,0,3,2001,0,0,2014-05-27,569950.0
Kent,4,2.5,1982,6406,1982,0,2.0,0,0,3,2004,0,0,2014-05-27,283200.0
Seattle,3,2.75,2640,4050,1750,890,1.5,0,0,5,1926,0,0,2014-05-27,1100000.0
Redmond,4,2.5,1850,50662,1430,420,1.0,0,0,3,1978,0,0,2014-05-27,830000.0
Bellevue,4,2.25,1940,9144,1430,510,1.0,0,0,4,1956,0,0,2014-05-27,495000.0
Tukwila,5,3.0,2840,7199,1710,1130,1.0,0,0,3,2003,0,0,2014-05-27,292050.0
Kirkland,5,1.5,1900,10226,1130,770,1.0,0,0,3,1961,0,0,2014-05-27,415000.0
Des Moines,5,1.0,1410,6400,960,450,1.0,0,0,5,1955,0,0,2014-05-27,295832.0
Duvall,4,2.5,2520,8515,2520,0,2.0,0,0,3,1999,0,0,2014-05-27,450000.0
Mercer Island,4,3.75,3160,9525,3160,0,2.5,0,0,3,1997,0,0,2014-05-27,1381000.0
Kirkland,4,3.0,3720,29043,3720,0,2.0,0,0,3,1991,0,0,2014-05-27,857000.0
Seattle,3,3.5,1820,1501,1430,390,2.0,0,0,3,2014,0,0,2014-05-27,499950.0
Kirkland,3,2.0,1560,8640,1560,0,1.0,0,0,5,1967,0,0,2014-05-27,465000.0
Seattle,3,1.0,1600,5952,1150,450,1.0,0,0,4,1964,0,0,2014-05-27,329000.0
Redmond,3,2.0,1230,11502,1230,0,1.0,0,0,4,1984,0,0,2014-05-27,475000.0
Shoreline,3,1.0,960,8100,960,0,1.0,0,0,3,1955,0,0,2014-05-27,255000.0
Seattle,3,1.0,1270,4000,1270,0,1.5,0,2,3,1928,0,0,2014-05-27,435000.0
Bellevue,3,2.5,2810,7700,2810,0,2.0,0,0,3,2001,0,0,2014-05-27,685000.0
Redmond,2,2.5,2160,5581,2160,0,1.0,0,0,3,2002,0,0,2014-05-27,715000.0
Seattle,3,3.0,2520,2152,1560,960,1.5,0,0,3,1925,2006,1,2014-05-27,780000.0
Seattle,2,1.5,1180,844,990,190,2.0,0,0,3,2005,0,0,2014-05-27,345000.0
Renton,4,2.25,1810,4970,1810,0,2.0,0,0,3,2003,0,0,2014-05-27,355000.0
Kent,3,2.5,1680,15711,1240,440,1.0,0,0,3,1994,0,0,2014-05-27,282000.0
Burien,3,1.0,910,5250,910,0,1.0,0,0,4,1971,0,0,2014-05-27,244000.0
Seattle,3,3.75,3250,5797,2370,880,2.0,0,2,4,1951,0,0,2014-05-27,967500.0
Seattle,3,1.5,2000,7294,1520,480,1.0,0,0,3,1965,0,0,2014-05-27,375000.0
Seattle,3,3.25,3790,19000,3790,0,2.0,0,4,3,1985,0,0,2014-05-27,1600000.0
Issaquah,3,1.75,2310,78844,1760,550,1.0,0,0,3,1977,0,0,2014-05-27,527500.0
Seattle,3,2.25,2510,6339,1810,700,1.5,0,2,5,1932,0,0,2014-05-27,994000.0
Shoreline,3,1.75,1320,6205,1320,0,1.0,0,0,5,1948,0,0,2014-05-27,313000.0
Redmond,3,2.25,2370,217800,2370,0,2.0,0,0,3,1979,0,0,2014-05-27,587000.0
Kirkland,3,1.0,900,7500,900,0,1.0,0,0,4,1972,0,0,2014-05-27,304000.0
Seattle,3,2.5,2540,7680,2540,0,2.0,0,1,4,1940,2001,1,2014-05-27,675000.0
Renton,4,1.0,2100,9288,1050,1050,1.0,0,0,4,1968,0,0,2014-05-27,305000.0
Seattle,3,1.0,1200,6250,920,280,1.0,0,0,3,1943,0,0,2014-05-27,280000.0
Sammamish,5,4.0,3720,15200,3720,0,2.0,0,0,3,2005,0,0,2014-05-27,960000.0
Issaquah,3,2.25,1760,4539,1760,0,2.0,0,0,3,1988,0,0,2014-05-27,500000.0
Covington,3,1.75,1670,7415,1320,350,1.0,0,0,3,1987,0,0,2014-05-27,274950.0
Snoqualmie,3,2.5,2420,8252,2420,0,2.0,0,0,3,1998,0,0,2014-05-27,455600.0
Mercer Island,5,3.0,3480,15185,3480,0,2.0,0,0,4,1964,0,0,2014-05-27,970000.0
Maple Valley,4,2.5,1630,4473,1630,0,2.0,0,0,3,2003,0,0,2014-05-27,312900.0
Seattle,4,2.5,2340,5600,2340,0,2.0,0,0,3,1921,2013,1,2014-05-27,535000.0
Seattle,2,1.0,920,3780,920,0,1.0,0,0,3,1910,0,0,2014-05-27,427000.0
Seattle,2,1.0,910,6490,910,0,1.0,0,0,3,1942,0,0,2014-05-27,405000.0
Seattle,3,1.0,1150,4945,1150,0,1.0,0,2,3,1943,0,0,2014-05-27,480000.0
Seattle,3,1.5,2500,4774,1450,1050,1.5,0,2,3,1940,0,0,2014-05-27,725000.0
Auburn,4,2.5,3250,235063,3250,0,1.0,0,2,3,1973,0,0,2014-05-27,293000.0
Burien,4,2.0,1930,6600,1030,900,1.0,0,0,4,1967,0,0,2014-05-27,268000.0
Vashon,4,3.5,3400,234352,2500,900,2.0,0,0,3,1991,0,0,2014-05-27,475000.0
Seattle,3,2.5,1590,2550,1590,0,3.0,0,0,3,1985,0,0,2014-05-27,488000.0
Redmond,4,2.5,3330,7399,3330,0,2.0,0,0,3,2009,0,0,2014-05-27,760000.0
Kirkland,5,4.5,4590,14685,4590,0,2.0,0,0,3,2009,0,0,2014-05-27,1710000.0
Kirkland,3,2.5,2610,7256,2610,0,2.0,0,0,3,2014,0,0,2014-05-27,754950.0
Des Moines,3,2.5,1658,2700,1658,0,2.0,0,0,3,2014,0,0,2014-05-27,263900.0
Seattle,3,3.5,1600,1431,1240,360,2.0,0,0,3,2006,0,0,2014-05-27,460000.0
Seattle,3,3.0,1296,1051,1296,0,3.0,0,0,3,2009,0,0,2014-05-27,399950.0
Seattle,2,2.25,1280,835,1080,200,2.0,0,0,3,2009,0,0,2014-05-27,370000.0
Snoqualmie,4,3.0,5940,11533,4950,990,2.0,0,4,3,2004,0,0,2014-05-27,1149000.0
Renton,4,3.25,2510,5311,2510,0,2.0,0,0,3,2009,0,0,2014-05-27,450800.0
Issaquah,3,3.5,2710,3475,1650,1060,2.0,0,0,3,2005,0,0,2014-05-27,627000.0
Seattle,3,2.5,1750,1548,1750,0,3.0,0,0,3,2013,0,0,2014-05-27,495000.0
Kenmore,3,1.0,1430,19901,1430,0,1.5,0,0,4,1927,0,0,2014-05-28,310000.0
Redmond,4,1.0,1660,34848,930,730,1.0,0,0,1,1933,0,0,2014-05-28,550000.0
Burien,2,1.0,1320,8865,1320,0,1.0,0,0,4,1943,0,0,2014-05-28,215000.0
Redmond,4,3.0,2580,209523,2580,0,2.0,0,0,3,1984,0,0,2014-05-28,799000.0
Woodinville,4,2.5,2740,43101,2740,0,2.0,0,0,3,1993,0,0,2014-05-28,630000.0
Federal Way,3,2.5,2495,4400,2495,0,2.0,0,0,3,2007,0,0,2014-05-28,267000.0
Mercer Island,6,2.75,2300,24773,2300,0,1.5,0,0,4,1950,1985,1,2014-05-28,900000.0
Kenmore,3,1.5,1300,12240,1300,0,1.0,0,0,3,1963,0,0,2014-05-28,365000.0
Issaquah,4,2.5,2230,10414,1450,780,1.0,0,0,5,1974,0,0,2014-05-28,544500.0
Seattle,4,2.75,2020,2750,1010,1010,1.0,0,0,3,1917,2014,1,2014-05-28,599000.0
Seattle,4,2.25,2000,3800,2000,0,2.0,0,0,3,2001,0,0,2014-05-28,815000.0
Shoreline,2,1.0,1060,8187,1060,0,1.0,0,0,4,1952,0,0,2014-05-28,254000.0
Seattle,2,1.75,2080,4800,1080,1000,1.0,0,0,5,1923,0,0,2014-05-28,740000.0
Auburn,3,2.0,2030,24829,1220,810,1.0,0,0,4,1979,0,0,2014-05-28,225000.0
Seattle,3,2.5,2690,7000,1840,850,2.0,0,0,5,1943,0,0,2014-05-28,925000.0
Seattle,4,2.5,3240,10800,2260,980,1.0,0,0,3,1946,0,0,2014-05-28,1285000.0
Kirkland,3,2.5,1550,12920,1550,0,2.0,0,0,5,1999,0,0,2014-05-28,537000.0
Seattle,4,2.0,1480,3132,740,740,1.0,0,0,5,1910,0,0,2014-05-28,335000.0
Seattle,4,2.75,3040,2800,2100,940,2.0,0,0,3,1906,2014,1,2014-05-28,840000.0
Auburn,3,1.5,1560,7300,1040,520,1.0,0,0,4,1964,0,0,2014-05-28,224000.0
Renton,3,2.5,2250,3757,2250,0,2.0,0,0,3,2006,0,0,2014-05-28,395000.0
Seattle,3,1.0,1100,4600,1100,0,1.0,0,0,3,1917,0,0,2014-05-28,450000.0
Seattle,3,1.0,1700,6356,1700,0,1.5,0,0,3,1907,0,0,2014-05-28,681000.0
Bellevue,5,1.5,2680,28014,1450,1230,1.0,0,0,4,1963,0,0,2014-05-28,898000.0
Seattle,3,1.0,800,2296,800,0,1.0,0,0,4,1908,0,0,2014-05-28,370000.0
Redmond,2,1.75,1350,6315,1350,0,1.0,0,0,3,2005,0,0,2014-05-28,429000.0
Seattle,3,1.0,820,7680,820,0,1.5,0,0,3,1910,0,0,2014-05-28,150000.0
Bothell,3,2.5,3160,4270,2650,510,2.0,0,0,3,2006,0,0,2014-05-28,555000.0
Renton,3,2.75,1720,28000,1720,0,1.0,0,0,4,1958,0,0,2014-05-28,326000.0
Auburn,3,2.5,1680,6755,1680,0,2.0,0,0,3,1994,0,0,2014-05-28,225000.0
Auburn,3,1.75,1300,7958,1300,0,1.0,0,0,3,1996,0,0,2014-05-28,245100.0
Sammamish,3,2.5,2190,10370,2190,0,2.0,0,0,3,1987,0,0,2014-05-28,665000.0
Issaquah,3,2.5,1720,4006,1720,0,2.0,0,0,3,1994,0,0,2014-05-28,535000.0
Woodinville,3,1.0,1160,11776,1160,0,1.0,0,0,3,1968,0,0,2014-05-28,305000.0
Bellevue,7,4.0,3150,34830,3150,0,1.0,0,0,3,1957,2005,1,2014-05-28,999000.0
Pacific,3,1.75,1210,8075,1210,0,1.0,0,0,4,1983,0,0,2014-05-28,215000.0
Seattle,3,1.75,1980,5100,1270,710,1.0,0,0,3,1965,0,0,2014-05-28,432500.0
Sammamish,4,2.5,2990,5669,2990,0,2.0,0,0,3,2003,0,0,2014-05-28,655000.0
Renton,3,1.5,1430,9600,1430,0,1.0,0,0,4,1966,0,0,2014-05-28,266200.0
Kent,3,2.5,2060,4030,2060,0,2.0,0,0,3,1999,0,0,2014-05-28,244615.0
Kent,4,3.0,2230,52983,2230,0,2.0,0,0,3,1991,0,0,2014-05-28,460000.0
Federal Way,4,2.5,3090,18645,3090,0,2.0,0,0,3,1995,0,0,2014-05-28,370000.0
Federal Way,6,3.25,4250,23326,2150,2100,1.0,0,3,3,1967,0,0,2014-05-28,465000.0
Seattle,3,2.5,1970,23180,1100,870,1.0,1,4,3,1937,1998,1,2014-05-28,1175000.0
Auburn,2,2.0,1700,3171,850,850,1.0,0,0,5,1927,0,0,2014-05-28,189000.0
Seattle,3,2.5,2510,5503,2510,0,2.0,0,2,3,1995,0,0,2014-05-28,820000.0
Sammamish,6,2.75,3610,17580,2070,1540,1.0,0,4,5,1959,0,0,2014-05-28,968000.0
Seattle,4,3.25,2980,7000,2140,840,2.0,0,3,3,1900,2014,1,2014-05-28,1400000.0
Seattle,3,1.75,1610,6480,1610,0,1.0,0,0,4,1947,0,0,2014-05-28,438750.0
Seattle,4,2.75,3650,6982,2530,1120,2.0,0,2,4,1951,2003,1,2014-05-28,1210000.0
Kirkland,4,2.0,2510,38141,2510,0,1.0,0,0,3,1960,0,0,2014-05-28,600000.0
Seattle,3,1.0,1110,6000,1110,0,1.5,0,0,5,1932,0,0,2014-05-28,589000.0
Seattle,3,2.0,1650,6150,1650,0,2.0,0,0,4,1926,1993,1,2014-05-28,590000.0
Kent,3,2.0,1980,12150,1980,0,1.0,0,0,3,1994,0,0,2014-05-28,479900.0
Seattle,2,1.5,880,1157,880,0,2.0,0,0,3,2007,0,0,2014-05-28,210000.0
Beaux Arts Village,3,1.75,1490,9800,1140,350,1.0,0,0,4,1947,0,0,2014-05-28,745000.0
Seattle,3,2.0,2520,5400,1410,1110,1.5,0,0,4,1906,0,0,2014-05-28,840500.0
Redmond,3,1.75,1820,22320,1250,570,1.0,0,0,3,1977,0,0,2014-05-28,420000.0
Seattle,7,4.5,4140,9066,2070,2070,1.0,0,0,3,1978,0,0,2014-05-28,565000.0
Sammamish,4,2.5,3420,8405,3420,0,2.0,0,0,3,2000,0,0,2014-05-28,840000.0
Renton,4,2.5,3150,7277,3150,0,2.0,0,0,3,2006,0,0,2014-05-28,681716.0
Bellevue,3,1.75,1580,7416,1150,430,1.0,0,0,3,1967,0,0,2014-05-28,600000.0
Seattle,3,2.0,1660,8281,1660,0,1.0,0,0,3,1949,0,0,2014-05-28,380000.0
Covington,3,1.0,1100,10125,1100,0,1.0,0,0,3,1969,0,0,2014-05-28,168500.0
Seattle,2,1.0,1270,3200,960,310,1.0,0,0,4,1920,0,0,2014-05-28,355000.0
Seattle,4,1.0,1450,6250,990,460,1.0,0,0,3,1964,0,0,2014-05-28,277000.0
Federal Way,4,2.25,1830,9485,1200,630,1.0,0,0,4,1989,0,0,2014-05-28,236000.0
Seattle,3,1.75,1300,4127,650,650,1.0,0,0,4,1918,1953,1,2014-05-28,270000.0
Seattle,2,1.75,2320,5500,1720,600,1.5,0,2,3,1925,2000,1,2014-05-28,700000.0
Kenmore,4,2.75,1680,9545,1080,600,1.0,0,0,4,1979,0,0,2014-05-28,425000.0
Seattle,3,2.5,2300,5500,2000,300,1.5,0,0,4,1921,0,0,2014-05-28,635000.0
Seattle,3,1.75,1400,4000,870,530,1.0,0,0,3,1951,0,0,2014-05-28,510250.0
Seattle,4,2.25,2410,4560,1800,610,2.0,0,2,5,1929,0,0,2014-05-28,960000.0
Maple Valley,3,2.0,1480,7480,1480,0,1.0,0,0,4,1992,0,0,2014-05-28,254000.0
Shoreline,3,1.0,1390,9624,1390,0,1.5,0,0,4,1954,0,0,2014-05-28,299000.0
Maple Valley,2,1.0,830,2699,830,0,1.0,0,0,3,1996,0,0,2014-05-28,175000.0
Kent,2,1.0,740,9003,740,0,1.0,0,0,3,1949,0,0,2014-05-28,157500.0
Seattle,5,2.0,1940,6000,970,970,1.0,0,0,5,1945,0,0,2014-05-28,580000.0
Kent,3,1.0,1340,15600,1340,0,1.0,0,0,4,1978,0,0,2014-05-28,124740.0
Seattle,8,3.5,4440,6480,3140,1300,2.0,0,3,5,1959,0,0,2014-05-28,1970000.0
Seattle,2,1.0,800,6240,800,0,1.0,0,0,3,1954,0,0,2014-05-28,285000.0
SeaTac,3,1.75,1310,9645,1310,0,1.0,0,0,3,1979,0,0,2014-05-28,242000.0
Seattle,4,1.75,2330,4000,1300,1030,2.0,0,0,5,1924,0,0,2014-05-28,840000.0
Seattle,2,3.25,1400,1243,1400,0,3.0,0,0,3,2000,0,0,2014-05-28,474800.0
Woodinville,4,2.5,2360,4367,2360,0,2.0,0,0,3,2003,0,0,2014-05-28,490000.0
Kirkland,3,2.25,1840,5752,1840,0,2.0,0,0,3,2003,0,0,2014-05-28,465000.0
Snoqualmie,4,2.5,2680,7178,2680,0,2.0,0,0,3,2004,0,0,2014-05-28,515000.0
Seattle,3,3.75,3890,7140,2390,1500,1.0,0,2,3,1943,2007,1,2014-05-28,430000.0
Federal Way,3,2.0,1400,8640,1400,0,1.0,0,0,5,1968,0,0,2014-05-28,253400.0
Federal Way,3,2.5,2400,9701,2400,0,1.0,0,0,3,1990,0,0,2014-05-28,355000.0
Fall City,4,2.25,2920,46355,2920,0,2.0,0,0,4,1998,0,0,2014-05-28,740000.0
Federal Way,2,2.0,1390,1302,1390,0,2.0,0,0,3,1986,0,0,2014-05-28,186950.0
Renton,3,2.5,1680,11193,1680,0,2.0,0,0,3,1984,0,0,2014-05-28,306000.0
Bellevue,4,1.5,2040,8800,1020,1020,1.0,0,0,4,1961,0,0,2014-05-28,510000.0
Seattle,2,1.0,1080,4000,1080,0,1.0,0,0,3,1940,0,0,2014-05-28,345000.0
Seattle,3,2.75,2280,4280,1280,1000,1.0,0,0,5,1917,0,0,2014-05-28,875000.0
Snoqualmie,4,3.5,4490,5099,3390,1100,2.0,0,0,3,2006,0,0,2014-05-28,700000.0
Seattle,4,3.25,4700,9160,2520,2180,1.0,0,4,3,2005,0,0,2014-05-28,1400000.0
Renton,4,2.5,2798,4473,2798,0,2.0,0,0,3,2012,0,0,2014-05-28,499950.0
Redmond,3,2.5,2810,5400,2810,0,2.0,0,0,3,2005,0,0,2014-05-28,739000.0
Federal Way,4,2.5,3753,7204,3336,417,2.0,0,0,3,2008,0,0,2014-05-28,363000.0
Issaquah,4,3.5,3910,8095,3130,780,2.0,0,0,3,2007,0,0,2014-05-28,782000.0
Seattle,2,2.5,1050,1609,1050,0,2.0,0,0,3,2005,0,0,2014-05-28,325000.0
Seattle,4,1.0,1600,4300,1600,0,1.5,0,0,4,1916,0,0,2014-05-29,485000.0
Kenmore,4,2.25,2590,10002,1340,1250,1.0,0,0,4,1968,0,0,2014-05-29,452000.0
Federal Way,4,2.25,1720,9753,1120,600,1.0,0,0,4,1978,0,0,2014-05-29,264950.0
Federal Way,6,2.5,4410,14034,2350,2060,1.0,0,2,4,1965,0,0,2014-05-29,472000.0
SeaTac,3,1.75,1590,11914,1090,500,1.0,0,2,3,1957,0,0,2014-05-29,267500.0
Redmond,4,2.5,2440,22594,2440,0,2.0,0,0,3,1996,0,0,2014-05-29,565000.0
Seattle,3,2.5,1360,1016,1310,50,3.0,0,0,3,2003,0,0,2014-05-29,535000.0
Seattle,2,1.0,910,7000,910,0,1.0,0,0,3,1952,0,0,2014-05-29,389000.0
Seattle,4,1.5,1390,7200,1140,250,1.0,0,0,3,1965,0,0,2014-05-29,400000.0
Kent,3,1.5,1470,14821,1470,0,1.0,0,0,4,1958,0,0,2014-05-29,264000.0
Issaquah,4,2.5,2920,9904,2920,0,2.0,0,0,4,1990,0,0,2014-05-29,690000.0
Kent,3,1.75,1950,52256,1950,0,1.0,0,0,4,1985,0,0,2014-05-29,412000.0
Sammamish,3,2.5,2390,4555,2390,0,2.0,0,0,3,2006,0,0,2014-05-29,695000.0
Kent,3,1.5,1270,11600,1270,0,1.0,0,0,4,1964,0,0,2014-05-29,246500.0
Renton,2,1.0,950,7560,950,0,1.0,0,0,3,1958,0,0,2014-05-29,230000.0
Enumclaw,2,1.0,900,423838,900,0,1.0,0,2,5,1925,0,0,2014-05-29,302000.0
Seattle,4,2.25,2280,6660,1960,320,1.5,0,2,3,1940,1984,1,2014-05-29,820000.0
SeaTac,3,1.0,1010,5490,1010,0,1.0,0,0,3,1954,0,0,2014-05-29,145000.0
Seattle,2,1.0,1260,5000,1040,220,1.0,0,0,3,1951,0,0,2014-05-29,436500.0
Seattle,4,3.5,4730,13586,4270,460,1.5,0,0,5,1935,0,0,2014-05-29,2453500.0
Redmond,3,2.5,2620,21587,2620,0,2.0,0,0,3,1992,0,0,2014-05-29,672000.0
Seattle,3,2.25,2330,4000,1520,810,1.5,0,2,5,1927,0,0,2014-05-29,680000.0
Seattle,5,3.0,2170,2440,1450,720,1.5,0,0,4,1911,0,0,2014-05-29,750500.0
Seattle,5,2.0,2450,9488,1240,1210,1.0,0,0,4,1900,1955,1,2014-05-29,550000.0
Federal Way,4,1.75,1880,7632,1180,700,1.0,0,0,4,1978,0,0,2014-05-29,266500.0
Seattle,4,2.0,2300,3400,1550,750,1.5,0,0,5,1915,0,0,2014-05-29,619000.0
Redmond,3,2.0,1240,14404,1240,0,1.0,0,0,3,1988,0,0,2014-05-29,405000.0
Seattle,2,1.0,820,3844,820,0,1.0,0,0,4,1916,0,0,2014-05-29,300000.0
Renton,4,2.0,1530,6375,1530,0,2.0,0,0,3,1942,1983,1,2014-05-29,231000.0
Bellevue,5,3.25,2900,12160,1890,1010,1.0,0,0,4,1967,0,0,2014-05-29,790000.0
Seattle,4,2.75,1240,3867,800,440,1.0,0,0,3,1987,0,0,2014-05-29,400000.0
Newcastle,4,3.5,4140,13392,4140,0,2.0,0,0,3,2000,0,0,2014-05-29,950000.0
Seattle,4,2.0,2240,7725,1120,1120,1.0,0,0,5,1956,0,0,2014-05-29,450000.0
Seattle,3,2.0,1480,5000,750,730,1.0,0,0,4,1928,0,0,2014-05-29,595000.0
Renton,3,2.25,2270,8876,1380,890,1.0,0,0,3,1977,0,0,2014-05-29,332000.0
Seattle,3,1.0,1250,6250,1030,220,1.0,0,0,2,1949,0,0,2014-05-29,155000.0
Kenmore,5,2.0,1930,9747,1020,910,1.0,0,0,4,1962,0,0,2014-05-29,400000.0
Renton,4,1.75,1700,7800,1120,580,1.0,0,0,5,1981,0,0,2014-05-29,349000.0
Seattle,3,1.0,1590,6420,1590,0,1.0,0,0,3,1944,0,0,2014-05-29,529000.0
Kirkland,5,1.75,1880,10000,960,920,1.0,0,0,3,1963,0,0,2014-05-29,405000.0
Seattle,4,1.75,1640,4240,920,720,1.0,0,0,5,1921,0,0,2014-05-29,635200.0
Seattle,3,1.5,2600,5085,1400,1200,1.0,0,0,4,1940,0,0,2014-05-29,540000.0
Seattle,2,1.0,710,1173,710,0,2.0,0,0,4,1943,0,0,2014-05-29,402000.0
Mercer Island,6,4.25,6980,15682,5330,1650,3.0,0,4,4,1999,0,0,2014-05-29,3100000.0
Seattle,3,1.5,1460,5040,1100,360,1.0,0,0,3,1971,0,0,2014-05-29,329932.0
Federal Way,3,2.5,2080,9827,2080,0,2.0,0,0,3,1989,0,0,2014-05-29,300000.0
Duvall,5,2.5,2630,9216,2630,0,2.0,0,0,3,2003,0,0,2014-05-29,525000.0
Medina,4,3.25,4430,21000,4430,0,2.0,0,0,3,1952,2007,1,2014-05-29,2750000.0
Newcastle,4,2.5,2760,6850,2760,0,2.0,0,0,3,1999,0,0,2014-05-29,602500.0
Kenmore,4,2.0,1670,12056,1670,0,1.0,0,0,3,1955,0,0,2014-05-29,400000.0
Seattle,4,1.75,1990,4725,1190,800,1.5,0,0,4,1944,0,0,2014-05-29,445000.0
Des Moines,3,3.0,2600,5238,1890,710,1.5,0,3,3,1989,0,0,2014-05-29,525000.0
Seattle,2,1.0,1320,1824,1320,0,1.5,0,0,4,1909,0,0,2014-05-29,395000.0
Seattle,3,1.5,2240,3800,1370,870,2.0,0,0,3,1929,0,0,2014-05-29,510000.0
Bellevue,4,2.25,1960,8680,1290,670,1.0,0,0,4,1959,0,0,2014-05-29,723000.0
Maple Valley,3,2.0,2590,108900,1980,610,2.0,0,0,3,1988,0,0,2014-05-29,503000.0
Sammamish,4,2.75,2620,6707,2620,0,2.0,0,0,3,2000,0,0,2014-05-29,672500.0
Bellevue,3,2.5,2770,9136,2770,0,2.0,0,0,3,1991,0,0,2014-05-29,860000.0
Kirkland,3,1.0,2110,10005,1110,1000,1.0,0,0,5,1924,0,0,2014-05-29,475300.0
Renton,4,2.5,2290,4539,2290,0,2.0,0,0,3,2001,0,0,2014-05-29,295000.0
Seattle,4,4.25,4960,6000,3680,1280,2.5,0,0,3,1909,2003,1,2014-05-29,1425000.0
SeaTac,2,1.0,1110,26051,1110,0,1.0,0,0,3,1951,0,0,2014-05-29,250000.0
Snoqualmie,4,2.75,3310,6166,3310,0,2.0,0,0,3,2008,0,0,2014-05-29,658000.0
Tukwila,2,1.0,900,8580,900,0,1.0,0,0,3,1918,0,0,2014-05-29,83000.0
Seattle,3,1.75,1940,7313,1440,500,1.0,0,1,4,1960,0,0,2014-05-29,685000.0
Des Moines,3,1.75,1590,7617,1590,0,2.0,0,0,3,1986,0,0,2014-05-29,210000.0
Snoqualmie,3,2.5,2930,6050,2930,0,2.0,0,0,3,2008,0,0,2014-05-29,650880.0
Seattle,4,2.5,2040,22653,2040,0,2.0,0,0,3,2011,0,0,2014-05-29,350000.0
Seattle,2,2.25,1000,905,1000,0,3.0,0,0,3,2006,0,0,2014-05-29,305000.0
Seattle,3,3.25,1730,1229,1320,410,2.0,0,2,3,2008,0,0,2014-05-29,645000.0
Seattle,3,1.0,1220,4800,1220,0,1.0,0,0,3,1901,0,0,2014-05-30,385000.0
Bellevue,3,2.25,3060,12095,3060,0,2.0,0,0,3,1983,0,0,2014-05-30,860000.0
Covington,4,2.5,2910,5000,2910,0,2.0,0,0,3,2002,0,0,2014-05-30,395000.0
Burien,3,1.75,1050,5850,1050,0,1.0,0,0,3,1980,0,0,2014-05-30,260000.0
Algona,3,2.0,1560,7352,1560,0,1.0,0,0,3,1992,0,0,2014-05-30,196440.0
Seattle,3,1.75,1680,3000,840,840,1.0,0,2,4,1900,0,0,2014-05-30,425000.0
Clyde Hill,4,3.25,4140,20734,3300,840,1.0,0,1,3,1977,2005,1,2014-05-30,2400000.0
Seattle,3,2.0,1550,8509,1150,400,1.0,0,0,3,1959,0,0,2014-05-30,369000.0
Bellevue,6,2.75,5700,20000,2850,2850,1.0,0,4,4,1977,0,0,2014-05-30,1385000.0
Renton,3,2.5,2200,7278,2200,0,2.0,0,0,3,1990,0,0,2014-05-30,349900.0
Seattle,2,2.5,1740,2500,1210,530,2.0,0,2,3,1994,0,0,2014-05-30,650000.0
Seattle,3,1.0,1210,9525,1210,0,1.0,0,0,3,1955,0,0,2014-05-30,299950.0
Federal Way,4,3.25,4240,25639,3550,690,2.0,0,3,3,1989,0,0,2014-05-30,625000.0
Auburn,3,2.25,1590,11745,1090,500,1.0,0,0,3,1978,0,0,2014-05-30,190000.0
Seattle,4,1.75,3420,7200,1770,1650,1.0,0,3,5,1947,0,0,2014-05-30,715000.0
Seattle,4,2.5,3190,11375,2210,980,1.0,0,0,5,1946,0,0,2014-05-30,659000.0
Seattle,3,1.75,1920,5405,960,960,1.0,0,2,4,1947,0,0,2014-05-30,490000.0
Redmond,2,1.75,1340,4664,1340,0,1.0,0,0,3,2004,0,0,2014-05-30,415000.0
Seattle,3,1.75,1700,8400,1460,240,1.0,0,0,3,1947,0,0,2014-05-30,750000.0
Seattle,4,2.5,2310,3570,1490,820,1.5,0,0,3,1927,2014,1,2014-05-30,700000.0
North Bend,3,1.75,1510,44000,1240,270,1.0,0,0,3,1989,0,0,2014-05-30,425000.0
Sammamish,3,2.5,2670,10082,2670,0,1.0,0,0,3,1987,0,0,2014-05-30,642000.0
Bellevue,4,2.25,2060,8470,1440,620,1.0,0,0,3,1983,0,0,2014-05-30,655000.0
Seattle,3,2.5,2090,6000,2090,0,1.5,0,0,4,1928,0,0,2014-05-30,1365000.0
Bothell,5,2.5,3090,23265,2990,100,1.0,0,0,3,1957,0,0,2014-05-30,458000.0
Seattle,2,2.5,1240,1546,1240,0,2.0,0,0,3,2007,0,0,2014-05-30,330000.0
Kenmore,3,2.5,1860,3690,1860,0,2.0,0,0,3,2000,0,0,2014-05-30,384950.0
Seattle,3,1.5,2000,7350,2000,0,1.0,0,0,3,1953,0,0,2014-05-30,560000.0
Mercer Island,4,1.75,2500,92347,1500,1000,1.0,0,0,4,1970,0,0,2014-05-30,950000.0
Woodinville,4,2.25,1820,20349,1340,480,1.0,0,0,5,1977,0,0,2014-05-30,465000.0
Kirkland,3,2.25,1820,8058,1260,560,1.0,0,0,3,1974,0,0,2014-05-30,425000.0
Seattle,3,2.0,1060,5750,1060,0,1.0,0,0,3,1981,0,0,2014-05-30,315000.0
Sammamish,3,2.5,1950,9906,1950,0,2.0,0,0,3,1988,0,0,2014-05-30,530000.0
Seattle,2,1.0,940,4800,940,0,1.0,0,0,4,1911,1955,1,2014-05-30,399000.0
Des Moines,2,1.5,1220,3568,1220,0,1.5,0,0,4,1976,0,0,2014-05-30,168000.0
Bellevue,5,3.5,4180,17935,4180,0,2.0,0,0,3,2004,0,0,2014-05-30,1886700.0
Woodinville,3,1.0,1200,9800,1200,0,1.0,0,0,4,1971,0,0,2014-05-30,374000.0
Seattle,5,3.75,3990,18897,3090,900,2.0,0,0,3,1937,2010,1,2014-05-30,740000.0
Seattle,2,1.0,1880,7560,940,940,1.0,0,0,3,1919,0,0,2014-05-30,280000.0
Kent,4,2.5,2280,7200,2280,0,2.0,0,0,3,1994,0,0,2014-05-30,322000.0
Bellevue,3,1.75,2580,11000,1290,1290,1.0,0,0,4,1951,0,0,2014-05-30,459900.0
Seattle,4,2.75,2600,4674,1560,1040,1.0,0,0,3,1976,0,0,2014-05-30,750000.0
Mercer Island,4,2.5,3150,13700,3150,0,2.0,0,0,4,1966,0,0,2014-05-30,1256500.0
Medina,4,3.5,5550,28078,3350,2200,2.0,0,2,4,2000,0,0,2014-05-30,3710000.0
Seattle,5,2.75,2220,4000,1230,990,1.0,0,0,3,1973,0,0,2014-05-30,427000.0
Vashon,2,2.25,1730,31491,1730,0,2.0,1,2,4,1947,1988,1,2014-05-30,800000.0
Seattle,4,3.0,2840,4120,2060,780,1.5,0,0,4,1931,0,0,2014-05-30,735000.0
Issaquah,4,2.5,2560,8780,2560,0,2.0,0,0,3,1992,0,0,2014-05-30,642000.0
Seattle,3,2.0,1330,6000,630,700,1.0,0,0,4,1900,0,0,2014-05-30,240000.0
Seattle,2,1.0,1890,5202,1890,0,1.5,0,0,4,1909,0,0,2014-05-30,645500.0
Issaquah,7,4.5,4290,37607,4290,0,1.5,0,0,5,1982,0,0,2014-05-30,840000.0
Redmond,2,2.0,1540,54450,1540,0,2.0,0,0,3,1983,0,0,2014-05-30,475000.0
Sammamish,4,2.0,2340,50233,1170,1170,1.0,0,0,4,1966,0,0,2014-05-30,568000.0
Seattle,3,1.75,2180,10230,1090,1090,1.0,0,0,4,1961,0,0,2014-05-30,325000.0
Kirkland,3,2.5,2780,11964,2780,0,2.0,0,0,3,2009,0,0,2014-05-30,825500.0
North Bend,4,2.75,2620,6019,2620,0,2.0,0,0,3,2013,0,0,2014-05-30,499431.0
Seattle,4,3.5,3760,5000,2860,900,2.0,0,0,3,2014,0,0,2014-05-30,919204.0
Snoqualmie,4,2.5,2720,4738,2720,0,2.0,0,0,3,2012,0,0,2014-05-30,545000.0
Sammamish,3,2.25,2675,40910,2675,0,2.0,0,0,3,1984,0,0,2014-05-31,660000.0
Sammamish,5,2.75,2080,13189,2080,0,2.0,0,0,3,1987,0,0,2014-05-31,538888.0
Redmond,3,2.5,2460,12028,2460,0,2.0,0,0,3,1996,0,0,2014-05-31,693000.0
Renton,3,2.5,1960,3480,1960,0,2.0,0,0,3,2004,0,0,2014-05-31,289950.0
Woodinville,4,2.5,2550,6256,2550,0,2.0,0,0,3,1992,0,0,2014-05-31,587000.0
Seattle,3,2.25,1760,1146,1760,0,3.0,0,0,3,2014,0,0,2014-05-31,615000.0
Kirkland,3,1.75,1620,7330,1090,530,1.0,0,0,4,1974,0,0,2014-06-01,459000.0
Des Moines,3,1.75,1790,12000,1040,750,1.0,0,0,3,1960,0,0,2014-06-01,243000.0
Seattle,4,3.5,3480,7232,2580,900,2.0,0,0,3,1926,2010,1,2014-06-01,1505000.0
Sammamish,4,1.75,2780,9900,2780,0,2.0,0,0,4,1978,0,0,2014-06-01,660000.0
Bellevue,5,3.0,3640,8239,2540,1100,2.0,0,3,3,1982,0,0,2014-06-01,1595000.0
Seattle,1,1.0,750,4000,750,0,1.0,0,0,3,1918,0,0,2014-06-01,250000.0
Seattle,3,1.0,960,6634,960,0,1.0,0,0,3,1952,0,0,2014-06-02,315000.0
Seattle,3,1.5,2030,8880,1330,700,1.0,0,0,3,1963,0,0,2014-06-02,404000.0
Woodinville,3,2.75,2930,5569,1860,1070,1.0,0,0,3,2004,0,0,2014-06-02,559900.0
Seattle,2,2.5,1380,1073,1140,240,2.0,0,0,3,2011,0,0,2014-06-02,285000.0
Seattle,3,2.0,1720,5525,960,760,1.0,0,2,5,1941,0,0,2014-06-02,500000.0
Seattle,2,1.0,1210,4800,1060,150,1.0,0,0,3,1950,0,0,2014-06-02,380000.0
Seattle,3,1.0,950,4250,950,0,1.5,0,0,5,1948,0,0,2014-06-02,469000.0
Seattle,2,1.75,1710,4234,1330,380,2.0,0,0,3,1920,1979,1,2014-06-02,405000.0
Preston,2,2.0,1410,12282,1410,0,1.5,0,0,5,1909,1988,1,2014-06-02,439900.0
Maple Valley,4,2.5,2910,7631,2910,0,2.0,0,2,3,2006,0,0,2014-06-02,525000.0
Issaquah,4,2.5,2220,7064,2220,0,2.0,0,0,3,1988,0,0,2014-06-02,580000.0
Mercer Island,5,3.25,3160,13238,3160,0,2.0,0,0,5,1972,0,0,2014-06-02,1250000.0
Maple Valley,3,2.0,1380,4500,1380,0,1.0,0,0,3,2008,0,0,2014-06-02,275000.0
Seattle,3,2.0,1760,5000,960,800,1.0,0,0,5,1920,0,0,2014-06-02,629000.0
Seattle,1,1.0,730,3000,730,0,1.0,0,0,3,1911,0,0,2014-06-02,395000.0
Seattle,4,2.5,2460,5000,1620,840,2.0,0,0,5,1938,0,0,2014-06-02,965000.0
Seattle,3,1.75,2160,6272,1390,770,1.0,0,0,4,1960,0,0,2014-06-02,820000.0
Seattle,4,2.25,1990,4600,1420,570,1.5,0,2,4,1932,0,0,2014-06-02,661000.0
Vashon,3,3.0,3740,39640,3740,0,2.0,0,2,3,1991,0,0,2014-06-02,789000.0
Sammamish,4,2.5,2710,5500,2710,0,2.0,0,0,3,1999,0,0,2014-06-02,668500.0
Auburn,3,2.5,2680,7836,2680,0,2.0,0,0,3,1990,2009,1,2014-06-02,350000.0
Kent,4,2.0,1850,7560,1540,310,1.0,0,0,4,1978,0,0,2014-06-02,250000.0
Snoqualmie,4,2.5,3190,7869,3190,0,2.0,0,2,3,2001,0,0,2014-06-02,725995.0
Bellevue,3,2.5,2730,5832,2730,0,2.0,0,0,3,1998,0,0,2014-06-02,1000000.0
Seattle,3,1.5,1840,9990,1840,0,2.0,0,0,5,1961,0,0,2014-06-02,686000.0
Sammamish,4,2.5,2720,10000,2720,0,2.0,0,0,3,1987,0,0,2014-06-02,665000.0
Bellevue,4,3.5,4370,8510,3610,760,2.0,0,1,3,2003,0,0,2014-06-02,1965221.0
Issaquah,3,2.5,2290,3475,2290,0,2.0,0,0,3,2006,0,0,2014-06-02,653000.0
Seattle,2,1.0,990,4802,990,0,1.0,0,0,3,1947,0,0,2014-06-02,430000.0
Issaquah,2,1.5,1140,2980,1140,0,2.0,0,0,3,1988,0,0,2014-06-02,305000.0
Seattle,4,1.5,1840,4337,1840,0,2.0,0,0,4,1917,0,0,2014-06-02,809000.0
Seattle,2,1.0,1110,6800,1000,110,1.0,0,0,5,1947,0,0,2014-06-02,440150.0
Redmond,4,2.5,2150,9070,2150,0,2.0,0,0,4,1985,0,0,2014-06-02,615000.0
Kirkland,3,2.5,2230,5750,2230,0,2.0,0,0,3,2003,0,0,2014-06-02,1035000.0
Seattle,2,1.0,1170,6000,970,200,1.0,0,0,4,1941,0,0,2014-06-02,455000.0
Seattle,3,2.5,1960,7200,980,980,1.0,0,0,4,1940,0,0,2014-06-02,635000.0
Redmond,3,2.25,2610,9002,2610,0,2.0,0,0,3,1988,0,0,2014-06-02,675000.0
Kent,3,2.25,2130,8721,1570,560,1.0,0,0,3,1987,0,0,2014-06-02,316000.0
Bellevue,3,2.25,3020,43560,2720,300,2.0,0,0,3,1969,0,0,2014-06-02,955000.0
Seattle,3,1.75,1670,5400,1670,0,2.0,0,0,5,1912,0,0,2014-06-02,985000.0
Seattle,3,1.75,1890,7004,1290,600,1.0,0,0,3,1965,0,0,2014-06-02,465500.0
Shoreline,3,1.0,950,13475,950,0,1.0,0,0,3,1950,0,0,2014-06-02,305000.0
Bellevue,4,2.5,2430,14400,1670,760,1.0,0,0,5,1963,0,0,2014-06-02,645000.0
Seattle,4,2.0,2360,6000,1260,1100,1.0,0,0,5,1939,0,0,2014-06-02,730000.0
Kirkland,3,1.75,1510,8301,1510,0,1.0,0,0,3,1967,0,0,2014-06-02,366000.0
Covington,3,2.5,2080,4828,2080,0,2.0,0,0,3,2002,0,0,2014-06-02,290000.0
Sammamish,3,2.0,1750,15500,1490,260,1.0,0,0,3,1982,0,0,2014-06-02,472500.0
Seattle,3,2.0,1810,4064,1810,0,1.5,0,0,3,1925,0,0,2014-06-02,550000.0
Issaquah,4,1.75,1790,11875,1490,300,1.0,0,0,4,1969,0,0,2014-06-02,410000.0
Lake Forest Park,4,2.75,2340,11034,1720,620,1.0,0,0,3,1967,0,0,2014-06-02,440000.0
Issaquah,3,2.5,1690,9626,1690,0,2.0,0,0,3,1984,0,0,2014-06-02,535000.0
Auburn,4,2.5,2070,7476,2070,0,2.0,0,0,3,2003,0,0,2014-06-02,300000.0
Snoqualmie,3,2.5,2240,6396,2240,0,2.0,0,0,3,2002,0,0,2014-06-02,432500.0
Mercer Island,4,3.0,4500,21780,3040,1460,2.0,0,2,3,1980,0,0,2014-06-02,870000.0
Issaquah,3,1.75,2770,39927,1580,1190,1.0,0,0,4,1978,0,0,2014-06-02,492000.0
Federal Way,3,1.0,1010,7245,1010,0,1.0,0,0,3,1969,0,0,2014-06-02,199950.0
Bellevue,3,1.5,1120,6900,1120,0,1.0,0,0,5,1956,0,0,2014-06-02,439800.0
Kent,5,2.5,3020,21441,1510,1510,1.0,0,0,4,1978,0,0,2014-06-02,320000.0
Enumclaw,4,3.25,4400,186846,4400,0,2.0,0,0,4,1993,0,0,2014-06-02,687000.0
Seattle,3,1.75,1990,5650,1320,670,1.0,0,1,3,1963,0,0,2014-06-02,345000.0
Tukwila,3,1.0,1450,8820,1050,400,1.0,0,0,3,1958,0,0,2014-06-02,274950.0
Auburn,4,2.5,1920,8497,1920,0,2.0,0,0,3,1998,0,0,2014-06-02,270000.0
Seattle,2,2.5,1175,1366,740,435,2.0,0,0,3,2005,0,0,2014-06-02,342000.0
Renton,3,1.5,1320,13200,1320,0,1.0,0,0,3,1970,0,0,2014-06-02,327000.0
Seattle,5,2.5,3990,3839,1990,2000,1.0,0,0,4,1962,0,0,2014-06-02,610000.0
Seattle,2,1.0,1140,5720,850,290,1.0,0,0,3,1947,0,0,2014-06-02,455000.0
Seattle,4,1.75,1720,4240,1460,260,1.5,0,0,4,1925,0,0,2014-06-02,540000.0
Newcastle,4,2.75,2150,9915,1240,910,1.0,0,0,5,1976,0,0,2014-06-02,411000.0
Seattle,3,1.5,1790,8203,1790,0,1.5,0,1,3,1910,0,0,2014-06-02,544000.0
Redmond,2,2.5,2210,6327,2210,0,1.0,0,0,3,2003,0,0,2014-06-02,802000.0
Redmond,3,2.75,2180,7519,1310,870,1.0,0,0,4,1981,0,0,2014-06-02,568500.0
Issaquah,3,2.25,1410,1290,1290,120,2.0,0,0,3,2004,0,0,2014-06-02,391000.0
Maple Valley,3,2.5,1950,3600,1950,0,2.0,0,0,3,2010,0,0,2014-06-02,298000.0
Seattle,3,2.5,1495,936,1405,90,3.0,0,0,3,2006,0,0,2014-06-02,400000.0
Seattle,3,2.25,1660,6000,1110,550,1.0,0,0,3,1979,0,0,2014-06-03,425000.0
Kent,3,2.5,1950,8130,1950,0,2.0,0,0,4,1990,0,0,2014-06-03,328500.0
Seattle,5,2.75,2550,5040,2550,0,1.5,0,0,5,1902,0,0,2014-06-03,650000.0
Seattle,3,1.75,1370,3850,770,600,1.0,0,0,5,1911,1988,1,2014-06-03,850000.0
Seattle,4,2.5,2200,4000,1430,770,2.0,0,0,5,1908,0,0,2014-06-03,930000.0
Seattle,3,1.75,1250,6041,1250,0,1.5,0,0,5,1942,0,0,2014-06-03,530000.0
Bellevue,4,2.25,2220,8872,1110,1110,1.0,0,0,4,1961,0,0,2014-06-03,495000.0
Seattle,3,1.75,1620,4200,830,790,1.0,0,0,5,1945,0,0,2014-06-03,500000.0
Auburn,3,1.75,2250,26337,2250,0,1.0,0,0,3,1980,0,0,2014-06-03,325000.0
Kent,3,2.5,1720,99916,1720,0,2.0,0,0,4,1990,0,0,2014-06-03,365000.0
North Bend,4,2.5,3030,9687,2020,1010,2.0,0,0,3,1998,0,0,2014-06-03,471000.0
Kent,3,1.0,1030,9120,1030,0,1.0,0,0,3,1961,0,0,2014-06-03,223000.0
Lake Forest Park,3,2.5,2190,4882,2190,0,2.0,0,0,3,1999,0,0,2014-06-03,503000.0
Renton,3,2.0,1440,5600,720,720,1.0,0,0,4,1942,2007,1,2014-06-03,230000.0
Redmond,4,2.5,2170,9600,1460,710,1.0,0,0,3,1980,0,0,2014-06-03,550000.0
Seattle,4,3.75,2930,3200,2130,800,1.5,0,0,5,1925,0,0,2014-06-03,1100000.0
Burien,3,1.5,1180,9048,1180,0,1.0,0,0,3,1960,0,0,2014-06-03,193000.0
Federal Way,4,4.25,2360,57514,2360,0,2.0,0,0,4,1939,1987,1,2014-06-03,590000.0
Bellevue,3,1.5,1660,8797,1660,0,1.0,0,0,4,1956,0,0,2014-06-03,712500.0
Seattle,3,2.75,2390,9313,1390,1000,1.0,0,0,5,1942,0,0,2014-06-03,689800.0
Seattle,3,2.0,1360,5120,910,450,1.5,0,0,4,1924,0,0,2014-06-03,430000.0
Seattle,3,2.25,1840,3500,1540,300,1.5,0,0,5,1910,0,0,2014-06-03,785200.0
Woodinville,3,2.25,1800,43647,1800,0,1.0,0,0,4,1976,0,0,2014-06-03,474900.0
Newcastle,4,3.75,4130,12320,4130,0,2.0,0,0,3,2001,0,0,2014-06-03,1070000.0
Issaquah,3,1.75,2220,132858,1110,1110,1.0,0,0,3,1988,0,0,2014-06-03,435000.0
Shoreline,5,3.5,3490,9680,2460,1030,2.0,0,4,3,1980,0,0,2014-06-03,941500.0
Maple Valley,4,2.5,1830,5175,1830,0,2.0,0,0,3,2003,0,0,2014-06-03,312000.0
Seattle,4,2.75,1550,4000,1550,0,1.5,0,0,3,1930,0,0,2014-06-03,835000.0
Mercer Island,3,2.0,2050,9000,2050,0,1.0,0,0,4,1951,0,0,2014-06-03,713250.0
Seattle,2,1.0,1230,6600,1130,100,1.0,0,0,3,1906,0,0,2014-06-03,440000.0
Renton,4,2.5,3150,5886,3150,0,2.0,0,0,3,2014,0,0,2014-06-03,580135.0
Kent,3,2.25,3800,33825,3330,470,1.0,0,0,4,1976,0,0,2014-06-03,575000.0
Seattle,3,2.5,1350,3068,1350,0,2.0,0,0,3,1991,0,0,2014-06-03,613000.0
Renton,3,2.0,1530,8700,1530,0,1.0,0,0,4,1970,0,0,2014-06-03,235000.0
Seattle,3,2.5,2290,2798,2290,0,3.0,0,0,4,1953,1983,1,2014-06-03,660000.0
Seattle,2,1.5,1480,15641,1480,0,1.0,0,0,4,1940,0,0,2014-06-03,280000.0
Kent,3,1.75,1970,10270,1970,0,1.0,0,0,4,1966,0,0,2014-06-03,268000.0
Seattle,2,1.0,720,4840,720,0,1.0,0,0,4,1947,0,0,2014-06-03,235000.0
Seattle,3,2.0,1080,7236,1080,0,1.0,0,0,5,1947,0,0,2014-06-03,390000.0
Woodinville,4,2.5,2790,45902,2790,0,2.0,0,0,3,1987,0,0,2014-06-03,654950.0
Kirkland,5,2.75,2040,7488,1200,840,1.0,0,0,4,1969,0,0,2014-06-03,449500.0
Des Moines,3,1.0,1320,8220,1320,0,1.0,0,0,3,1959,0,0,2014-06-03,150000.0
North Bend,3,2.25,1680,57063,1680,0,2.0,0,0,4,1989,0,0,2014-06-03,440000.0
Seattle,3,2.0,2140,4923,1070,1070,1.0,0,0,4,1928,0,0,2014-06-03,710000.0
Bothell,3,1.75,1660,9600,1380,280,1.0,0,0,3,1981,0,0,2014-06-03,420000.0
Seattle,3,2.25,1540,5338,770,770,1.0,0,0,5,1954,0,0,2014-06-03,312000.0
Renton,3,2.0,1880,10758,940,940,1.0,0,0,5,1952,0,0,2014-06-03,320000.0
Renton,3,1.0,1250,15603,1250,0,1.0,0,0,4,1959,0,0,2014-06-03,235000.0
Vashon,5,2.0,2120,137565,2120,0,1.5,0,0,3,1913,0,0,2014-06-03,437000.0
Seattle,3,1.75,1810,3000,1810,0,1.5,0,0,4,1903,0,0,2014-06-03,545000.0
Newcastle,3,2.5,2370,11172,2370,0,2.0,0,0,3,1993,0,0,2014-06-03,640000.0
Snoqualmie,3,2.5,1970,4036,1970,0,2.0,0,0,4,2003,0,0,2014-06-03,432000.0
Woodinville,3,2.5,2110,4099,2110,0,2.0,0,0,3,2001,0,0,2014-06-03,548000.0
Kirkland,3,3.0,2080,10521,2080,0,1.5,0,0,3,2004,0,0,2014-06-03,830000.0
Sammamish,4,2.25,3720,12384,1860,1860,1.0,0,2,5,1970,0,0,2014-06-03,875000.0
Seattle,2,1.75,1370,5125,1370,0,1.0,0,0,5,1944,0,0,2014-06-03,409950.0
Sammamish,4,2.5,2961,12146,2961,0,2.0,0,0,3,1998,0,0,2014-06-03,695000.0
Redmond,3,2.25,2090,12112,2090,0,2.0,0,0,3,1983,0,0,2014-06-03,562100.0
Renton,3,2.5,2600,7210,2600,0,2.0,0,0,3,1989,0,0,2014-06-03,475000.0
Bothell,3,2.25,1870,9000,1440,430,1.0,0,0,3,1978,0,0,2014-06-03,425000.0
Issaquah,4,2.5,2620,9873,2620,0,2.0,0,0,3,1987,0,0,2014-06-03,600000.0
Issaquah,3,2.5,2430,54059,2430,0,2.0,0,0,3,1987,0,0,2014-06-03,770000.0
Kent,3,1.75,1340,16480,1340,0,1.0,0,0,4,1968,0,0,2014-06-03,239000.0
North Bend,2,1.0,1170,10621,1170,0,1.0,0,0,3,1963,0,0,2014-06-03,295000.0
Kirkland,3,1.75,2000,10182,1400,600,1.0,0,0,5,1963,0,0,2014-06-03,560000.0
Bellevue,5,2.5,2070,12000,1340,730,1.0,0,0,4,1967,0,0,2014-06-03,613000.0
Seattle,4,3.0,4590,9150,3490,1100,2.0,0,0,3,1981,0,0,2014-06-03,960000.0
Seattle,5,1.0,2550,4623,2550,0,2.5,0,0,4,1905,0,0,2014-06-03,847000.0
Federal Way,3,1.0,1060,9600,1060,0,1.0,0,0,4,1962,0,0,2014-06-03,206000.0
Renton,2,1.75,1220,5000,860,360,1.0,0,0,5,1921,0,0,2014-06-03,253000.0
Lake Forest Park,4,2.25,1790,7203,1110,680,1.0,0,0,4,1973,0,0,2014-06-03,430000.0
Seattle,3,2.0,2060,4040,1120,940,1.0,0,0,4,1947,0,0,2014-06-03,605000.0
Seattle,2,2.5,1140,1182,1140,0,3.0,0,0,3,2007,0,0,2014-06-03,425000.0
Issaquah,4,2.5,2870,12648,2870,0,2.0,0,0,4,1986,0,0,2014-06-03,720000.0
Federal Way,6,1.5,2550,33740,1750,800,1.0,0,0,4,1958,0,0,2014-06-03,375900.0
Mercer Island,4,3.5,2790,10125,2790,0,1.5,0,0,5,1985,0,0,2014-06-03,1298000.0
Seattle,3,1.0,1110,7962,1110,0,1.0,0,0,3,1962,0,0,2014-06-03,210000.0
Des Moines,2,1.0,940,5375,940,0,1.0,0,0,4,1952,0,0,2014-06-03,234000.0
Tukwila,3,1.75,2880,18296,1580,1300,1.0,0,0,3,1958,0,0,2014-06-03,285000.0
Bellevue,3,1.5,1200,4800,1200,0,1.0,0,0,4,1962,0,0,2014-06-03,400000.0
Seattle,3,1.0,1030,4958,1030,0,1.0,0,0,5,1952,0,0,2014-06-03,718000.0
Federal Way,2,2.5,1240,2689,1240,0,2.0,0,0,3,1986,0,0,2014-06-03,174500.0
Pacific,3,2.0,1200,9566,1200,0,1.0,0,0,3,1995,0,0,2014-06-03,222400.0
Duvall,3,3.25,2780,4002,2780,0,2.0,0,0,3,2009,0,0,2014-06-03,402500.0
Federal Way,3,2.25,1765,7652,1765,0,2.0,0,0,3,1996,0,0,2014-06-03,250000.0
Burien,4,2.5,1960,14242,1290,670,1.0,0,1,4,1958,0,0,2014-06-03,600000.0
Redmond,2,2.5,2680,11214,2680,0,1.0,0,0,3,2006,0,0,2014-06-03,930000.0
Renton,3,2.0,1410,7622,1410,0,1.0,0,0,4,1983,0,0,2014-06-03,272500.0
Maple Valley,4,2.5,2240,3712,2240,0,2.0,0,0,3,2014,0,0,2014-06-03,363990.0
Snoqualmie,4,2.75,3120,7644,3120,0,2.0,0,0,3,2010,0,0,2014-06-03,575000.0
Kenmore,3,2.25,1450,4706,1450,0,2.0,0,0,3,2009,0,0,2014-06-03,400000.0
North Bend,3,3.0,2340,5002,2340,0,2.0,0,0,3,2013,0,0,2014-06-03,427874.0
Auburn,5,2.75,2481,4045,2481,0,2.0,0,0,3,2014,0,0,2014-06-03,309000.0
Seattle,3,3.25,1530,1602,1140,390,2.0,0,0,3,2013,0,0,2014-06-03,320000.0
Seattle,3,2.25,1250,7500,1250,0,1.0,0,0,5,1942,0,0,2014-06-04,390000.0
Carnation,1,0.75,560,12120,560,0,1.0,0,0,3,1967,0,0,2014-06-04,299000.0
Seattle,4,1.75,2200,7475,1100,1100,1.0,0,0,5,1955,0,0,2014-06-04,375000.0
Seattle,3,1.75,1460,10584,990,470,1.0,0,0,3,1997,0,0,2014-06-04,240500.0
Renton,3,1.5,1650,9380,1130,520,1.0,0,0,5,1978,0,0,2014-06-04,320000.0
Bellevue,5,2.5,3200,17204,2160,1040,1.0,0,0,3,1952,0,0,2014-06-04,1270000.0
Issaquah,3,2.25,2560,41346,2560,0,2.0,0,0,3,1986,0,0,2014-06-04,658588.0
Kent,3,2.25,2080,4252,1550,530,1.5,0,0,3,2003,0,0,2014-06-04,270000.0
Seattle,3,1.0,1070,7140,1070,0,1.0,0,0,3,1989,0,0,2014-06-04,327500.0
Kent,3,1.75,2190,12626,2190,0,2.0,0,0,4,1978,0,0,2014-06-04,340000.0
Renton,3,1.5,2060,15837,2060,0,1.5,0,0,3,1903,0,0,2014-06-04,200000.0
Mercer Island,3,1.75,2640,8000,1320,1320,1.0,0,3,4,1960,0,0,2014-06-04,1025000.0
Federal Way,3,2.5,1720,8755,1000,720,1.0,0,0,3,1983,0,0,2014-06-04,275000.0
Bellevue,5,3.5,3880,13885,2540,1340,2.0,0,3,4,1979,0,0,2014-06-04,1126000.0
Seattle,2,1.0,960,4920,960,0,1.0,0,0,3,1942,0,0,2014-06-04,280000.0
Maple Valley,3,2.5,2340,59058,2340,0,1.0,0,0,3,1985,0,0,2014-06-04,485000.0
Yarrow Point,3,2.5,2660,13367,2660,0,2.0,0,2,3,1992,0,0,2014-06-04,1901000.0
Seattle,3,1.75,2090,4725,1610,480,2.0,0,0,3,1947,2013,1,2014-06-04,865000.0
Issaquah,3,2.5,1820,4910,1820,0,2.0,0,0,3,1993,0,0,2014-06-04,532000.0
Duvall,4,2.5,2310,8030,2310,0,2.0,0,0,3,1978,0,0,2014-06-04,364950.0
Auburn,3,1.0,920,14400,920,0,1.0,0,0,4,1977,0,0,2014-06-04,212500.0
Seattle,1,1.0,790,13062,790,0,1.0,0,0,3,1942,0,0,2014-06-04,135000.0
Seattle,2,1.75,1500,6800,910,590,1.0,0,0,4,1942,0,0,2014-06-04,437000.0
Normandy Park,3,1.0,1240,11108,1240,0,1.0,0,0,4,1952,0,0,2014-06-04,390000.0
Redmond,4,2.5,2730,36183,2730,0,2.0,0,0,3,1986,0,0,2014-06-04,760000.0
Duvall,3,1.0,1170,11000,1170,0,1.0,0,0,2,1980,0,0,2014-06-04,119500.0
Seattle,5,3.25,3410,9088,2760,650,2.0,0,3,3,1912,0,0,2014-06-04,2400000.0
Kirkland,4,2.5,2700,9320,2700,0,2.0,0,0,4,1994,0,0,2014-06-04,837500.0
Renton,4,1.75,1650,7800,1650,0,1.0,0,0,3,1968,0,0,2014-06-04,327500.0
Seattle,2,1.0,670,2378,670,0,1.0,0,0,3,1919,0,0,2014-06-04,175000.0
Kent,3,2.0,1670,7757,1670,0,1.0,0,0,3,1992,0,0,2014-06-04,289950.0
Kenmore,3,1.75,1530,10731,1530,0,1.0,0,0,3,1986,0,0,2014-06-04,400000.0
Federal Way,3,2.25,1500,7615,1150,350,1.0,0,0,3,1984,0,0,2014-06-04,219950.0
Federal Way,4,1.75,1720,7200,1220,500,1.0,0,0,3,1974,0,0,2014-06-04,161700.0
Shoreline,5,3.0,2920,11440,2920,0,2.0,0,0,3,2003,0,0,2014-06-04,500000.0
Seattle,3,1.0,910,4500,910,0,1.0,0,0,3,1948,0,0,2014-06-04,465000.0
Seattle,3,1.0,1050,4160,1050,0,1.0,0,0,4,1925,0,0,2014-06-04,540000.0
Seattle,3,2.0,1540,7800,1540,0,1.0,0,0,3,2004,0,0,2014-06-04,525000.0
Shoreline,3,1.0,1210,7440,1210,0,1.0,0,0,3,1949,0,0,2014-06-04,324950.0
Bellevue,5,2.5,2650,11455,1400,1250,1.0,0,0,3,1961,0,0,2014-06-04,565000.0
Seattle,3,2.0,1990,3990,1130,860,1.0,0,0,5,1912,0,0,2014-06-04,760500.0
Bellevue,5,2.75,2660,8737,1470,1190,1.0,0,4,5,1969,0,0,2014-06-04,1100000.0
Kenmore,4,2.5,4060,9734,2150,1910,1.0,0,4,3,1977,0,0,2014-06-04,603500.0
Renton,5,2.5,2300,23345,1170,1130,1.0,0,0,5,1967,0,0,2014-06-04,453500.0
Redmond,6,2.75,2630,16411,1650,980,1.0,0,0,4,1974,0,0,2014-06-04,583000.0
Shoreline,2,1.0,770,8149,770,0,1.0,0,0,5,1948,0,0,2014-06-04,275000.0
Sammamish,4,2.75,3790,10669,3790,0,2.0,0,0,3,1999,0,0,2014-06-04,875000.0
Renton,4,2.75,2540,7210,1600,940,1.0,0,0,4,1979,0,0,2014-06-04,335000.0
Bellevue,4,2.25,2500,8500,1600,900,1.0,0,0,4,1978,0,0,2014-06-04,646000.0
Renton,4,2.5,2150,7303,2150,0,2.0,0,0,3,2005,0,0,2014-06-04,392500.0
Mercer Island,3,1.75,1670,9600,1670,0,1.0,0,0,5,1961,0,0,2014-06-04,785000.0
Kirkland,3,2.0,1800,12669,1800,0,1.0,0,0,3,1956,1990,1,2014-06-04,470000.0
Newcastle,3,2.5,2070,12708,2070,0,2.0,0,0,3,1996,0,0,2014-06-04,560000.0
Seattle,2,1.0,830,2820,830,0,1.0,0,0,4,1920,0,0,2014-06-04,519000.0
Redmond,3,2.25,2370,9619,1650,720,1.0,0,0,4,1973,0,0,2014-06-04,746000.0
Seattle,3,1.0,1010,5400,1010,0,1.0,0,0,3,1959,0,0,2014-06-04,317000.0
Seattle,3,1.5,1420,4500,1420,0,1.0,0,0,3,1959,0,0,2014-06-04,371000.0
Des Moines,4,2.0,2120,8701,2120,0,1.5,0,0,4,1960,0,0,2014-06-04,250000.0
Redmond,4,1.75,2020,7029,1430,590,1.0,0,0,4,1979,0,0,2014-06-04,532000.0
Seattle,3,2.5,1520,2208,1040,480,2.0,0,0,3,2007,0,0,2014-06-04,499950.0
Seattle,2,1.0,820,6250,820,0,1.0,0,0,4,1922,0,0,2014-06-04,375000.0
Seattle,3,2.5,1690,1553,1690,0,2.5,0,0,3,2007,0,0,2014-06-04,640000.0
Renton,3,2.0,2260,11305,1130,1130,1.0,0,0,3,1986,0,0,2014-06-04,400000.0
Redmond,3,2.25,1830,7897,1290,540,1.0,0,0,4,1986,0,0,2014-06-04,572000.0
North Bend,3,2.0,1350,11150,1110,240,1.0,0,0,3,1995,0,0,2014-06-04,310000.0
Seattle,5,3.5,3280,4000,2440,840,2.0,0,0,3,2003,0,0,2014-06-04,989000.0
Woodinville,4,2.5,2770,45514,2770,0,2.0,0,0,4,1989,0,0,2014-06-04,685000.0
Bellevue,4,2.5,2770,8642,2770,0,2.0,0,0,4,1987,0,0,2014-06-04,907500.0
Renton,4,2.5,2460,5091,2460,0,2.0,0,0,3,2003,0,0,2014-06-04,427500.0
Renton,3,3.25,4720,32467,3190,1530,2.0,0,2,3,1998,0,0,2014-06-04,860000.0
Seattle,2,1.0,1250,8100,1250,0,1.0,0,0,4,1947,0,0,2014-06-04,365000.0
Federal Way,3,2.0,1710,7225,1710,0,2.0,0,0,4,1988,0,0,2014-06-04,250500.0
Seattle,3,1.75,1840,5101,1040,800,1.0,0,0,5,1952,0,0,2014-06-04,411715.0
Shoreline,4,2.5,2000,5962,2000,0,2.0,0,0,3,1999,0,0,2014-06-04,415000.0
Kent,1,1.0,650,15364,650,0,1.0,0,0,4,1967,0,0,2014-06-04,129000.0
Seattle,3,1.5,1020,9072,920,100,1.0,0,0,3,1930,0,0,2014-06-04,489000.0
Tukwila,2,1.0,1500,18540,1500,0,1.0,0,0,3,1950,0,0,2014-06-04,170000.0
Snoqualmie,3,2.5,2060,4399,2060,0,2.0,0,0,3,2007,0,0,2014-06-04,418500.0
Covington,3,1.5,1810,29308,950,860,1.0,0,0,3,1983,0,0,2014-06-04,261000.0
Shoreline,6,4.5,3810,28176,3810,0,1.0,0,4,5,1969,0,0,2014-06-04,2005000.0
Seattle,2,1.75,1650,4000,950,700,1.0,0,0,4,1947,0,0,2014-06-04,355000.0
Seattle,3,3.25,1540,704,1540,0,3.0,0,0,3,2011,0,0,2014-06-04,742000.0
Seattle,3,1.5,2080,5244,1190,890,1.0,0,0,3,1959,0,0,2014-06-04,399950.0
Kirkland,3,2.25,2430,5500,1810,620,2.0,0,0,3,1989,0,0,2014-06-04,791000.0
Renton,5,2.0,1750,10284,1750,0,1.0,0,0,4,1943,0,0,2014-06-04,190000.0
Auburn,3,1.75,1770,33224,1770,0,1.0,0,0,4,1968,0,0,2014-06-04,229500.0
Redmond,3,2.5,1710,2300,1570,140,2.0,0,0,3,2005,0,0,2014-06-04,539000.0
Issaquah,4,2.25,2740,88426,2740,0,2.0,0,0,3,1991,0,0,2014-06-04,549000.0
Kenmore,5,2.5,2730,17240,1660,1070,1.0,0,0,5,1958,0,0,2014-06-04,545000.0
Auburn,3,2.5,2437,5136,2437,0,2.0,0,0,3,2011,0,0,2014-06-04,285000.0
Snoqualmie,4,2.5,3290,6203,3290,0,2.0,0,0,3,2008,0,0,2014-06-04,648000.0
Snoqualmie,4,3.5,2910,5260,2910,0,2.0,0,0,3,2012,0,0,2014-06-04,610000.0
Seattle,3,2.0,1630,7599,1630,0,1.0,0,0,3,2006,0,0,2014-06-04,767450.0
Snoqualmie,4,3.0,4410,5104,3400,1010,2.0,0,0,3,2006,0,0,2014-06-04,765000.0
Seattle,3,2.5,1780,1487,1600,180,3.0,0,0,3,2006,0,0,2014-06-04,586500.0
Issaquah,3,3.25,1540,1487,1540,0,2.0,0,0,3,2011,0,0,2014-06-04,520000.0
Seattle,3,1.75,1420,1189,1420,0,3.0,0,0,3,2006,0,0,2014-06-04,455000.0
Kirkland,3,2.5,2680,9750,1610,1070,1.0,0,0,4,1979,0,0,2014-06-05,653000.0
Des Moines,3,2.0,1750,9750,1350,400,1.0,0,0,3,1961,0,0,2014-06-05,279950.0
Kenmore,3,2.5,2170,4912,2170,0,2.0,0,0,3,2003,0,0,2014-06-05,449950.0
Bellevue,3,2.75,2390,9966,1360,1030,1.0,0,0,5,1977,0,0,2014-06-05,565000.0
Seattle,4,2.25,2400,5350,1460,940,1.5,0,0,4,1929,0,0,2014-06-05,620000.0
Seattle,3,1.0,1690,4250,1020,670,1.0,0,0,3,1967,0,0,2014-06-05,269000.0
Seattle,3,3.5,3250,6000,2500,750,2.0,0,0,3,2001,0,0,2014-06-05,875000.0
Issaquah,4,3.75,4610,40202,2500,2110,1.0,0,0,4,1980,0,0,2014-06-05,630000.0
Des Moines,4,2.75,2440,15349,2440,0,2.0,0,1,4,1957,0,0,2014-06-05,425000.0
Seattle,3,1.75,1290,3870,1290,0,1.0,0,0,5,1916,0,0,2014-06-05,647500.0
Seattle,4,1.0,2000,4676,1250,750,1.5,0,0,3,1916,1986,1,2014-06-05,450000.0
Seattle,3,1.0,1050,7500,1050,0,1.0,0,0,3,1900,0,0,2014-06-05,440000.0
Seattle,4,2.5,2340,3784,2340,0,2.0,0,0,3,2008,0,0,2014-06-05,445000.0
Bellevue,4,2.25,2210,7665,2210,0,2.0,0,0,4,1968,0,0,2014-06-05,530000.0
Seattle,5,2.5,2920,5568,2320,600,2.0,0,0,3,1906,0,0,2014-06-05,875000.0
Preston,3,2.75,3150,219978,3000,150,2.0,0,0,4,1990,0,0,2014-06-05,685000.0
Sammamish,3,3.5,3590,6402,3590,0,2.0,0,0,3,1999,0,0,2014-06-05,798000.0
Maple Valley,4,2.5,1910,5000,1910,0,2.0,0,0,3,2005,0,0,2014-06-05,297500.0
Woodinville,4,2.75,3110,35235,3110,0,2.0,0,0,4,1983,0,0,2014-06-05,749950.0
Seattle,5,3.0,2440,4750,1450,990,1.0,0,0,3,2006,0,0,2014-06-05,495000.0
Bellevue,4,2.25,1330,8400,1330,0,1.5,0,0,3,1962,0,0,2014-06-05,540000.0
Issaquah,3,1.75,1460,22651,1460,0,1.0,0,0,4,1961,0,0,2014-06-05,395000.0
Seattle,6,4.5,3902,3880,2782,1120,3.0,0,4,4,1977,0,0,2014-06-05,1300000.0
Snoqualmie,5,4.75,5180,17811,4070,1110,2.0,0,2,3,2001,0,0,2014-06-05,1075000.0
Auburn,2,2.5,1150,2064,1150,0,2.0,0,0,3,2004,0,0,2014-06-05,214100.0
Federal Way,4,1.5,1920,10403,1370,550,1.0,0,0,3,1959,0,0,2014-06-05,210000.0
Duvall,3,2.5,2520,53143,2520,0,1.5,0,0,3,1988,0,0,2014-06-05,499500.0
Seattle,2,1.0,970,3400,970,0,1.0,0,0,3,1924,0,0,2014-06-05,546000.0
Kent,5,2.5,2490,7666,1490,1000,1.0,0,0,4,1989,0,0,2014-06-05,292000.0
Enumclaw,3,2.0,1680,8424,1680,0,1.0,0,0,3,1993,0,0,2014-06-05,289000.0
Issaquah,3,1.0,1150,4825,1150,0,1.0,0,0,4,1957,0,0,2014-06-05,240000.0
Shoreline,4,3.0,1980,7931,1160,820,1.0,0,0,4,1983,0,0,2014-06-05,395000.0
Mercer Island,4,2.25,2070,13084,1700,370,1.0,0,0,4,1967,0,0,2014-06-05,795000.0
Duvall,4,4.25,5660,193593,4100,1560,2.0,0,0,3,2001,0,0,2014-06-05,955000.0
Bellevue,4,2.75,2420,10962,1530,890,1.0,0,0,3,1977,0,0,2014-06-05,725000.0
Auburn,4,2.5,2610,4781,2610,0,2.0,0,0,3,2009,0,0,2014-06-05,335000.0
North Bend,4,3.75,2810,10840,2070,740,2.0,0,2,4,1994,0,0,2014-06-05,492000.0
Woodinville,3,2.5,1510,10384,1030,480,1.0,0,0,2,1976,0,0,2014-06-05,250000.0
Seattle,3,1.75,1910,4800,1080,830,1.0,0,0,3,1959,0,0,2014-06-05,700000.0
Renton,3,1.75,1700,51649,1700,0,1.5,0,0,5,1931,0,0,2014-06-05,545000.0
Redmond,4,2.75,2020,10720,1420,600,1.0,0,0,4,1976,0,0,2014-06-05,555000.0
Seattle,3,1.75,2340,4206,1170,1170,1.0,0,0,5,1917,0,0,2014-06-05,640000.0
Seattle,3,2.0,1463,868,1463,0,3.0,0,0,3,2003,0,0,2014-06-05,390000.0
Seattle,3,1.0,1430,3840,950,480,1.0,0,0,3,1945,0,0,2014-06-05,466500.0
Sammamish,3,1.5,1180,12324,800,380,1.0,0,0,3,1981,0,0,2014-06-05,372500.0
Bellevue,5,4.5,4400,15580,3390,1010,2.0,0,0,3,2003,0,0,2014-06-05,1800000.0
Kent,3,2.5,1610,6176,1610,0,2.0,0,0,3,1994,0,0,2014-06-05,255000.0
Kirkland,3,2.5,1480,14250,1480,0,2.0,0,0,3,1996,0,0,2014-06-05,466800.0
Bellevue,3,2.5,2670,10338,2670,0,2.0,0,0,3,1987,0,0,2014-06-05,749000.0
Mercer Island,4,1.75,1830,29110,1230,600,2.0,0,0,3,1990,0,0,2014-06-05,610000.0
Seattle,2,1.0,920,4095,920,0,1.0,0,0,4,1914,0,0,2014-06-05,356000.0
Auburn,3,1.0,1150,19200,1150,0,1.0,0,0,4,1908,0,0,2014-06-05,165000.0
Seattle,2,1.0,1190,7408,830,360,1.0,0,0,3,1941,0,0,2014-06-05,229000.0
Issaquah,4,3.25,4160,35654,2760,1400,2.0,0,0,3,1973,0,0,2014-06-05,530000.0
Duvall,3,2.5,2370,12753,2370,0,2.0,0,0,3,2001,0,0,2014-06-05,499950.0
Seattle,4,1.75,1660,3800,1660,0,1.5,0,0,3,1926,0,0,2014-06-05,619000.0
Seattle,3,2.5,1480,8381,1480,0,1.0,0,0,4,1968,0,0,2014-06-05,547000.0
Auburn,4,2.5,2390,6426,2390,0,2.0,0,0,3,1999,0,0,2014-06-05,359800.0
Seattle,3,3.5,1690,1432,1360,330,2.0,0,0,3,2008,0,0,2014-06-05,499000.0
Renton,3,1.0,1010,7560,1010,0,1.0,0,0,3,1958,0,0,2014-06-05,189000.0
Bellevue,4,3.5,3500,8547,2500,1000,2.0,0,0,3,1994,0,0,2014-06-05,799000.0
Federal Way,4,2.75,2330,7642,1800,530,1.0,0,0,3,1990,0,0,2014-06-05,257000.0
Burien,3,1.5,1890,9450,1090,800,1.0,0,0,3,1957,0,0,2014-06-05,270000.0
Seattle,4,1.75,2000,6032,1300,700,1.0,0,2,3,1959,0,0,2014-06-05,453500.0
SeaTac,3,1.0,1130,10650,1130,0,1.0,0,0,3,1954,0,0,2014-06-05,237000.0
Seattle,4,1.75,1670,9886,1670,0,1.0,0,0,5,1947,0,0,2014-06-05,456000.0
Maple Valley,3,2.5,2600,5540,2600,0,2.0,0,0,3,2004,0,0,2014-06-05,355500.0
Auburn,4,1.75,1560,31299,1560,0,1.0,0,0,4,1965,0,0,2014-06-05,299950.0
Seattle,3,2.0,1170,5360,1170,0,1.0,0,0,3,1919,0,0,2014-06-05,335000.0
Kent,4,2.5,2100,4237,2100,0,2.0,0,0,3,2006,0,0,2014-06-05,268500.0
Kenmore,3,2.25,1710,11500,1210,500,1.0,0,0,3,1978,0,0,2014-06-05,385000.0
Maple Valley,4,2.75,2420,5773,2420,0,2.0,0,0,3,2005,0,0,2014-06-05,376000.0
Seattle,4,2.0,1370,4000,1370,0,2.0,0,0,3,1951,1994,1,2014-06-05,605004.0
Seattle,4,2.0,2660,3900,1480,1180,1.5,0,0,4,1923,0,0,2014-06-05,886000.0
Kirkland,4,2.5,2260,3713,2260,0,2.0,0,0,3,2003,0,0,2014-06-05,560000.0
Maple Valley,4,2.5,2070,4500,2070,0,2.0,0,0,3,2004,0,0,2014-06-05,343000.0
Bellevue,4,5.25,4670,43950,4670,0,2.0,0,0,3,1989,0,0,2014-06-05,1415000.0
Renton,3,1.0,1500,13500,1500,0,1.0,0,0,4,1968,0,0,2014-06-05,270000.0
Auburn,4,2.5,2658,3960,2658,0,2.0,0,0,3,2014,0,0,2014-06-05,411605.0
Renton,4,2.5,2700,5150,2700,0,2.0,0,0,3,2007,0,0,2014-06-05,550000.0
Seattle,3,2.25,1530,1245,1050,480,2.0,0,0,3,2014,0,0,2014-06-05,465000.0
Seattle,3,2.5,1480,1485,1280,200,2.0,0,0,3,2007,0,0,2014-06-05,584000.0
Seattle,3,3.0,1390,1080,1140,250,2.0,0,0,3,2006,0,0,2014-06-05,275000.0
Seattle,3,2.5,1660,3990,1660,0,2.0,0,0,3,2009,0,0,2014-06-05,324500.0
Seattle,3,2.5,2050,4185,2050,0,2.0,0,0,3,2011,0,0,2014-06-05,700000.0
Seattle,4,1.0,1550,7740,1550,0,1.5,0,0,3,1954,0,0,2014-06-06,385200.0
Federal Way,4,2.25,1900,8600,1900,0,1.0,0,0,4,1975,0,0,2014-06-06,270000.0
Seattle,4,2.5,2820,6180,2050,770,2.0,0,0,3,2013,0,0,2014-06-06,735000.0
Seattle,2,1.5,1490,4080,930,560,1.0,0,0,3,1956,0,0,2014-06-06,389250.0
Fall City,3,1.5,1750,12500,1150,600,1.0,0,0,3,1954,0,0,2014-06-06,315000.0
Seattle,4,2.5,2040,6034,2040,0,2.0,0,0,3,1990,0,0,2014-06-06,545000.0
Seattle,3,1.5,1900,5000,1640,260,1.5,0,0,3,1926,0,0,2014-06-06,550000.0
Woodinville,3,1.75,1910,12596,1340,570,1.0,0,0,3,1977,0,0,2014-06-06,415000.0
Normandy Park,3,1.0,1560,14333,1560,0,1.0,0,0,4,1953,0,0,2014-06-06,387500.0
Lake Forest Park,3,1.75,1470,6250,1070,400,1.0,0,3,4,1939,0,0,2014-06-06,432000.0
Des Moines,3,2.5,2700,9994,1350,1350,1.0,0,3,4,1959,0,0,2014-06-06,402000.0
Burien,4,3.25,3450,11240,2430,1020,2.0,0,3,4,1960,2001,1,2014-06-06,1035000.0
Federal Way,3,2.0,1970,9600,1300,670,1.0,0,0,4,1967,0,0,2014-06-06,294700.0
Redmond,3,2.5,2670,12187,2670,0,2.0,0,0,3,1986,0,0,2014-06-06,744000.0
Bellevue,3,2.5,2550,13458,2550,0,2.0,0,0,3,1990,0,0,2014-06-06,715000.0
Seattle,4,1.0,1720,4011,1720,0,1.5,0,0,4,1904,0,0,2014-06-06,500000.0
Issaquah,4,4.0,4270,6002,3180,1090,2.0,0,3,3,2004,0,0,2014-06-06,1300000.0
Redmond,3,1.5,2170,16600,1130,1040,1.0,1,2,3,1979,0,0,2014-06-06,1150000.0
Sammamish,4,2.5,2840,9354,2840,0,2.0,0,0,3,1990,0,0,2014-06-06,650000.0
Kent,4,2.75,3270,50994,2720,550,2.0,0,0,4,1983,0,0,2014-06-06,435000.0
Kirkland,3,1.75,1480,7040,1480,0,1.0,0,0,3,1974,0,0,2014-06-06,510000.0
Kirkland,5,2.75,2440,8000,1240,1200,1.0,0,0,4,1972,0,0,2014-06-06,525000.0
Seattle,4,2.75,2880,5750,1710,1170,1.5,0,0,5,1928,0,0,2014-06-06,920000.0
Auburn,2,1.0,1730,9610,1380,350,1.0,0,0,3,1962,0,0,2014-06-06,200000.0
Seattle,2,1.0,1260,4080,1260,0,1.5,0,0,5,1926,0,0,2014-06-06,435000.0
Bellevue,4,2.0,2230,9900,2230,0,1.5,0,0,5,1959,0,0,2014-06-06,809950.0
Seattle,2,2.25,2460,16940,1930,530,1.5,0,4,4,1936,0,0,2014-06-06,1370000.0
Renton,4,1.75,2050,94525,1250,800,1.0,0,0,4,1959,0,0,2014-06-06,455000.0
Issaquah,3,2.5,2030,2805,1720,310,2.0,0,0,3,2001,0,0,2014-06-06,471000.0
Seattle,2,1.0,810,4800,810,0,1.0,0,0,3,1948,0,0,2014-06-06,253500.0
Burien,3,1.0,1840,8100,920,920,1.0,0,0,4,1953,0,0,2014-06-06,185000.0
Woodinville,3,1.5,1730,40250,1730,0,2.0,0,0,4,1983,0,0,2014-06-06,535500.0
Redmond,2,2.0,2280,6815,2280,0,1.0,0,0,3,2002,0,0,2014-06-06,835000.0
Snoqualmie,4,2.5,2630,6326,2630,0,2.0,0,0,3,2008,0,0,2014-06-06,589500.0
Shoreline,3,2.25,2270,23900,1820,450,1.0,0,0,3,1975,0,0,2014-06-06,680000.0
Shoreline,3,1.75,1020,7020,1020,0,1.5,0,0,4,1953,0,0,2014-06-06,360000.0
Seattle,4,2.5,1990,2175,1680,310,2.0,0,0,3,2005,0,0,2014-06-06,595000.0
Federal Way,4,2.5,2680,15508,2680,0,2.0,0,0,3,1999,0,0,2014-06-06,300000.0
Seattle,3,1.75,1980,3300,1140,840,1.5,0,0,4,1926,0,0,2014-06-06,660000.0
Newcastle,3,2.5,2400,6975,2400,0,2.0,0,0,3,1993,0,0,2014-06-06,570000.0
Seattle,2,1.0,780,5000,780,0,1.0,0,0,4,1943,0,0,2014-06-06,285000.0
Seattle,3,2.0,980,5000,980,0,1.0,0,0,3,1940,0,0,2014-06-06,435000.0
Vashon,3,1.0,1210,103237,1210,0,1.0,0,0,2,1918,1960,1,2014-06-06,160000.0
Shoreline,5,2.5,4600,19831,2300,2300,1.0,0,3,3,1956,2013,1,2014-06-06,805000.0
Issaquah,3,2.5,1480,1961,1480,0,2.0,0,0,3,2005,0,0,2014-06-06,450000.0
Kirkland,4,1.5,1320,14250,1320,0,1.0,0,0,4,1954,0,0,2014-06-06,510000.0
Kenmore,5,2.75,4400,18500,2250,2150,1.0,0,3,5,1963,0,0,2014-06-06,1120000.0
Seattle,4,3.5,3010,3600,2370,640,2.0,0,0,3,1999,0,0,2014-06-06,1280000.0
Sammamish,3,2.0,2260,9568,1780,480,1.0,0,0,3,1985,0,0,2014-06-06,539000.0
Carnation,4,2.0,1880,14653,1880,0,2.0,0,0,3,1978,0,0,2014-06-06,407193.0
Milton,3,1.75,1370,9900,1370,0,1.0,0,0,4,1983,0,0,2014-06-06,320000.0
Seattle,4,3.0,2720,3800,1800,920,2.0,0,0,5,1919,0,0,2014-06-06,739000.0
Seattle,2,1.75,1740,5400,990,750,1.0,0,0,4,1946,0,0,2014-06-06,452000.0
Redmond,4,2.5,2560,5593,2560,0,2.0,0,0,3,2001,0,0,2014-06-06,600000.0
Seattle,5,2.5,2690,5557,2690,0,2.0,0,0,3,2012,0,0,2014-06-06,279000.0
Sammamish,4,3.0,3240,5562,3240,0,2.0,0,0,3,2013,0,0,2014-06-06,895000.0
Issaquah,4,2.5,2430,4747,2430,0,2.0,0,0,3,2008,0,0,2014-06-06,585000.0
Seattle,2,2.0,1405,1073,1140,265,2.0,0,0,3,2007,0,0,2014-06-06,405000.0
Sammamish,5,2.75,3030,7679,3030,0,2.0,0,0,3,2014,0,0,2014-06-06,837219.0
Sammamish,4,2.5,4150,8436,4150,0,2.0,0,0,3,2014,0,0,2014-06-06,969990.0
Seattle,3,3.0,1730,2940,1730,0,3.0,0,0,3,1985,0,0,2014-06-07,490000.0
Issaquah,6,2.5,3820,53173,2040,1780,1.0,0,0,4,1974,0,0,2014-06-07,611000.0
Renton,4,2.5,3070,6432,3070,0,2.0,0,0,3,2006,0,0,2014-06-07,462000.0
Issaquah,4,2.5,1780,4169,1780,0,2.0,0,0,3,1994,0,0,2014-06-08,540000.0
Renton,4,2.5,1811,4381,1811,0,2.0,0,0,3,2007,0,0,2014-06-08,260000.0
Woodinville,4,2.25,2450,62290,2450,0,2.0,0,0,3,1976,0,0,2014-06-08,510000.0
Snoqualmie,3,2.5,2300,7398,2300,0,2.0,0,0,3,2001,0,0,2014-06-08,567500.0
Seattle,2,1.0,1440,3225,960,480,1.0,0,0,3,1915,0,0,2014-06-08,445000.0
Redmond,4,2.25,2370,9360,2370,0,2.0,0,0,4,1979,0,0,2014-06-08,684680.0
Bellevue,4,3.25,4420,7850,3150,1270,2.0,1,4,3,2001,0,0,2014-06-08,2700000.0
Seattle,3,1.0,1300,3550,1300,0,1.5,0,0,3,1927,0,0,2014-06-08,455000.0
Bothell,5,3.0,2870,4369,2090,780,2.0,0,0,3,2007,0,0,2014-06-08,540000.0
Renton,3,2.75,3400,7200,2470,930,2.0,0,2,3,2009,0,0,2014-06-08,530000.0
Seattle,3,1.0,1410,5060,910,500,1.0,0,0,4,1956,0,0,2014-06-09,410000.0
Seattle,3,1.75,1640,13500,1110,530,1.0,0,0,3,1940,0,0,2014-06-09,450000.0
Maple Valley,4,2.5,3190,7399,3190,0,2.0,0,0,3,2006,0,0,2014-06-09,609900.0
Issaquah,4,2.5,2380,13435,2380,0,2.0,0,0,3,1992,0,0,2014-06-09,648000.0
Sammamish,3,2.5,2260,4165,2260,0,2.0,0,0,3,2005,0,0,2014-06-09,550000.0
Sammamish,3,1.75,1240,8050,1240,0,1.0,0,0,4,1978,0,0,2014-06-09,347000.0
Bellevue,5,3.5,4220,26784,2110,2110,1.0,0,0,3,1958,2006,1,2014-06-09,1635000.0
Mercer Island,4,2.5,4250,19387,3260,990,2.0,0,2,4,1972,0,0,2014-06-09,1339000.0
Tukwila,3,1.5,1860,7963,1200,660,1.0,0,0,3,1963,0,0,2014-06-09,288350.0
Bellevue,3,2.5,2850,10474,1730,1120,1.0,0,0,4,1954,0,0,2014-06-09,1150000.0
Issaquah,3,3.0,2470,36445,2470,0,2.0,0,0,4,1980,0,0,2014-06-09,525000.0
Federal Way,3,2.25,2210,8000,2210,0,2.0,0,0,4,1969,0,0,2014-06-09,250250.0
Renton,4,1.75,1920,7665,1500,420,1.0,0,0,4,1975,0,0,2014-06-09,341000.0
Sammamish,4,3.0,3150,7778,3150,0,2.0,0,0,3,2000,0,0,2014-06-09,700000.0
Renton,4,1.75,2700,7875,2700,0,1.5,0,0,4,1968,0,0,2014-06-09,390000.0
Renton,3,2.25,2190,7149,1240,950,1.0,0,1,4,1963,0,0,2014-06-09,539950.0
Seattle,2,2.5,1380,951,1380,0,3.0,0,0,3,2006,0,0,2014-06-09,552000.0
Enumclaw,5,1.5,2520,5753,1510,1010,1.5,0,0,4,1928,0,0,2014-06-09,250000.0
Bellevue,3,1.75,1300,8800,1300,0,1.0,0,0,4,1963,0,0,2014-06-09,502000.0
Burien,4,1.75,2220,6500,2220,0,2.0,0,3,4,1964,0,0,2014-06-09,480000.0
Seattle,2,1.0,730,7528,730,0,1.0,0,0,3,1946,0,0,2014-06-09,378500.0
Mercer Island,4,3.25,3300,15907,3300,0,2.0,0,0,5,1985,0,0,2014-06-09,1350000.0
Bellevue,4,3.25,4130,112521,4130,0,2.0,0,0,3,1978,0,0,2014-06-09,1900000.0
Woodinville,3,2.5,2670,47480,2670,0,2.0,0,3,3,1981,0,0,2014-06-09,605000.0
Kent,4,2.5,1980,5909,1980,0,2.0,0,0,3,2003,0,0,2014-06-09,307550.0
Seattle,2,1.0,740,5995,740,0,1.0,0,0,4,1949,0,0,2014-06-09,304700.0
Seattle,3,1.75,2050,3520,1070,980,1.0,0,0,4,1977,0,0,2014-06-09,568000.0
Kirkland,3,1.75,1230,7500,1230,0,1.0,0,0,3,1987,0,0,2014-06-09,385000.0
Seattle,3,2.5,1210,1420,1210,0,3.0,0,0,3,2008,0,0,2014-06-09,345000.0
Seattle,3,2.25,1890,7200,1230,660,1.0,0,0,4,1973,0,0,2014-06-09,435000.0
Redmond,2,2.0,1870,6275,1870,0,1.0,0,0,3,2003,0,0,2014-06-09,579000.0
Auburn,3,1.75,1330,6301,1330,0,1.0,0,0,3,1998,0,0,2014-06-09,236000.0
Renton,3,2.0,1590,35988,1590,0,1.0,0,0,4,1974,0,0,2014-06-09,305100.0
Kenmore,3,1.75,1710,10800,1710,0,1.0,0,0,4,1958,0,0,2014-06-09,368000.0
Des Moines,2,1.0,1200,9000,1200,0,1.0,0,2,5,1917,0,0,2014-06-09,255000.0
Seattle,2,1.0,1140,5100,1140,0,1.0,0,0,3,1942,0,0,2014-06-09,400000.0
Seattle,3,1.75,2240,8153,1120,1120,1.0,0,0,3,1948,0,0,2014-06-09,440000.0
Seattle,2,1.0,920,6600,920,0,1.0,0,0,3,1919,2003,1,2014-06-09,417000.0
Seattle,2,1.0,800,5000,800,0,1.0,0,0,3,1906,0,0,2014-06-09,435000.0
Lake Forest Park,4,2.75,1980,11443,1980,0,1.0,0,0,5,1952,0,0,2014-06-09,475000.0
Duvall,4,2.5,2800,12831,2800,0,2.0,0,0,3,2001,0,0,2014-06-09,563500.0
Auburn,3,2.25,1680,35127,1680,0,2.0,0,0,3,1987,0,0,2014-06-09,285000.0
North Bend,4,2.5,2330,9928,2330,0,2.0,0,0,3,1998,0,0,2014-06-09,471000.0
Bellevue,4,1.75,2240,9886,2240,0,1.5,0,0,4,1965,0,0,2014-06-09,500000.0
Sammamish,3,2.5,2140,8925,2140,0,2.0,0,0,3,1991,0,0,2014-06-09,640000.0
Duvall,4,2.5,2170,14024,2170,0,2.0,0,0,3,1992,0,0,2014-06-09,442500.0
Renton,3,1.5,1150,8686,1150,0,1.0,0,0,4,1963,0,0,2014-06-09,213400.0
Seattle,4,2.5,2030,3905,1630,400,1.5,0,0,4,1926,0,0,2014-06-09,831000.0
Duvall,3,2.0,1350,11805,1350,0,1.0,0,0,3,1986,0,0,2014-06-09,325000.0
Seattle,2,1.0,910,4635,910,0,1.0,0,0,4,1905,0,0,2014-06-09,425000.0
Seattle,4,2.5,2700,5100,1440,1260,1.0,0,0,4,1968,0,0,2014-06-09,550000.0
Kent,4,3.5,3730,15029,2440,1290,2.0,0,2,3,1991,0,0,2014-06-09,599950.0
Medina,4,2.5,2740,16007,2740,0,2.0,0,0,3,1984,0,0,2014-06-09,1225000.0
Seattle,4,3.25,2050,5000,1370,680,2.0,0,0,4,1987,0,0,2014-06-09,750000.0
Renton,4,3.0,2390,4500,2390,0,2.0,0,0,3,1974,0,0,2014-06-09,290000.0
Auburn,4,2.75,1990,7252,1270,720,1.0,0,0,3,1999,0,0,2014-06-09,270000.0
Federal Way,4,1.75,1300,21000,1300,0,1.0,0,0,4,1969,0,0,2014-06-09,229950.0
SeaTac,3,1.0,1330,8912,1330,0,1.0,0,0,3,1948,0,0,2014-06-09,234999.0
Duvall,2,1.0,1000,31505,1000,0,1.0,0,0,3,1960,0,0,2014-06-09,265000.0
Auburn,4,2.75,2190,14937,2190,0,2.0,0,0,3,1993,0,0,2014-06-09,367300.0
Seattle,3,1.75,1380,3402,1380,0,1.5,0,0,3,1900,2000,1,2014-06-09,550000.0
Redmond,4,2.5,2610,33206,2610,0,2.0,0,0,3,1988,0,0,2014-06-09,743700.0
Seattle,2,1.75,1060,1241,960,100,2.0,0,0,3,2008,0,0,2014-06-09,352750.0
Seattle,2,1.0,710,1136,710,0,2.0,0,0,4,1943,0,0,2014-06-09,403950.0
Seattle,4,2.5,2730,4800,2230,500,1.5,0,0,5,1909,0,0,2014-06-09,980000.0
Vashon,4,1.75,2470,131790,2470,0,2.0,0,2,3,1937,0,0,2014-06-09,585000.0
Bellevue,3,1.75,1760,10780,1760,0,1.0,0,0,3,1977,0,0,2014-06-09,554000.0
Bellevue,3,2.5,1530,3464,1530,0,2.0,0,0,3,1998,0,0,2014-06-09,546000.0
Snoqualmie,2,1.75,1610,158558,1610,0,1.5,0,0,2,1948,0,0,2014-06-09,280000.0
Seattle,2,2.0,1030,21712,1030,0,1.0,0,0,4,1938,0,0,2014-06-09,212500.0
Carnation,4,2.5,2800,246114,2800,0,2.0,0,0,3,1999,0,0,2014-06-09,739000.0
Seattle,3,2.0,1310,2550,780,530,1.0,0,0,3,1986,0,0,2014-06-09,428000.0
Woodinville,4,2.25,3160,34560,3160,0,1.0,0,0,4,1981,0,0,2014-06-09,965000.0
Kent,3,3.0,2500,8304,2500,0,2.0,0,0,3,1997,0,0,2014-06-09,364900.0
Seattle,3,1.5,2070,5386,1140,930,1.0,0,0,4,1948,0,0,2014-06-09,559000.0
Federal Way,4,1.75,1980,9000,1480,500,1.0,0,0,2,1978,0,0,2014-06-09,213000.0
Seattle,3,2.5,2590,7237,2590,0,2.0,0,0,3,2004,0,0,2014-06-09,620000.0
Seattle,4,1.0,1910,16320,1910,0,1.5,0,0,3,1934,0,0,2014-06-09,240000.0
Bellevue,3,2.5,2630,10100,1580,1050,1.0,0,0,4,1967,0,0,2014-06-09,852500.0
Duvall,3,2.5,2630,77972,2630,0,2.0,0,0,3,2004,0,0,2014-06-09,600000.0
Snoqualmie,3,2.5,1960,4400,1960,0,2.0,0,0,3,2006,0,0,2014-06-09,410000.0
Duvall,3,1.75,1440,45302,1440,0,2.0,0,0,3,1977,0,0,2014-06-09,328000.0
Bellevue,3,1.75,2210,16200,1390,820,1.0,0,0,3,1958,0,0,2014-06-09,625000.0
Woodinville,4,2.5,2350,63162,2350,0,2.0,0,0,4,1994,0,0,2014-06-09,649950.0
Burien,3,1.0,1590,13000,1590,0,1.5,0,0,3,1944,0,0,2014-06-09,235000.0
Seattle,3,3.5,1500,1249,1240,260,2.0,0,0,3,2004,0,0,2014-06-09,489000.0
Sammamish,3,2.5,1900,6224,1900,0,2.0,0,0,3,2005,0,0,2014-06-09,536000.0
Renton,4,3.5,2370,3692,2370,0,2.5,0,0,3,2013,0,0,2014-06-09,400000.0
Seattle,3,2.5,1720,1715,1240,480,2.0,0,0,3,2004,0,0,2014-06-09,398000.0
Renton,4,1.5,2020,7560,2020,0,1.0,0,0,4,1960,0,0,2014-06-09,379000.0
Seattle,2,1.5,1340,1210,1120,220,2.0,0,0,3,2008,0,0,2014-06-09,345000.0
Seattle,3,2.5,1800,2700,1800,0,2.0,0,0,3,2011,0,0,2014-06-09,365000.0
Seattle,3,2.5,1480,1590,1150,330,2.0,0,0,3,2010,0,0,2014-06-09,315000.0
Seattle,4,2.0,2750,7807,2250,500,1.5,0,0,5,1916,0,0,2014-06-10,571000.0
Kirkland,5,4.0,3760,28040,3760,0,2.0,0,0,3,1983,0,0,2014-06-10,1025000.0
Sammamish,3,2.75,2540,4694,2540,0,2.0,0,0,3,2005,0,0,2014-06-10,695000.0
Covington,3,1.75,1760,26055,920,840,1.0,0,0,3,1979,0,0,2014-06-10,225000.0
Redmond,3,2.5,3000,25341,3000,0,2.0,0,0,3,1995,0,0,2014-06-10,740000.0
Kent,4,2.5,1930,9643,1930,0,2.0,0,0,4,1992,0,0,2014-06-10,315000.0
Mercer Island,4,2.5,3040,7000,3040,0,2.0,0,0,3,2001,0,0,2014-06-10,1230000.0
Seattle,2,1.0,860,3880,860,0,1.0,0,0,4,1916,0,0,2014-06-10,420000.0
Renton,3,1.75,1420,7650,1100,320,1.0,0,0,4,1984,0,0,2014-06-10,310000.0
Seattle,3,2.0,2080,3880,1160,920,1.0,0,0,5,1954,0,0,2014-06-10,700000.0
Maple Valley,3,2.5,1560,4200,1560,0,2.0,0,0,3,2003,0,0,2014-06-10,269000.0
Renton,4,2.5,1960,7133,1960,0,2.0,0,0,3,2002,0,0,2014-06-10,369990.0
Seattle,3,2.25,1620,4500,1620,0,2.0,0,0,4,1926,0,0,2014-06-10,800000.0
Lake Forest Park,5,3.0,3670,10583,2060,1610,1.0,0,0,5,1952,0,0,2014-06-10,569000.0
Burien,6,1.5,1930,8400,1030,900,1.0,0,0,3,1971,0,0,2014-06-10,175000.0
Seattle,3,1.5,1290,1286,1290,0,3.0,0,0,3,2000,0,0,2014-06-10,440000.0
Fall City,5,2.25,1970,15247,1450,520,1.0,0,0,3,1986,0,0,2014-06-10,435000.0
Shoreline,3,1.75,1540,6909,920,620,1.0,0,0,4,1955,0,0,2014-06-10,345000.0
Seattle,4,2.0,2180,3870,1020,1160,1.0,0,0,3,1900,0,0,2014-06-10,558000.0
Auburn,2,1.75,1490,224334,1490,0,1.0,0,2,3,1983,0,0,2014-06-10,475000.0
Issaquah,3,2.0,2220,10275,1640,580,2.0,0,0,3,1980,0,0,2014-06-10,490000.0
Renton,3,1.75,2430,9133,1410,1020,1.0,0,0,4,1978,0,0,2014-06-10,335000.0
Vashon,2,0.75,1392,43710,1392,0,1.5,0,0,4,1978,0,0,2014-06-10,350000.0
Renton,4,1.0,1120,2685,860,260,1.0,0,0,3,1939,0,0,2014-06-10,100000.0
Seattle,4,1.0,1390,10800,1390,0,1.5,0,0,4,1941,0,0,2014-06-10,417500.0
Tukwila,3,1.75,2040,7281,1020,1020,1.0,0,0,3,1962,0,0,2014-06-10,253000.0
Seattle,5,3.0,2830,7500,2460,370,2.0,0,0,3,1923,0,0,2014-06-10,1240000.0
Covington,4,2.5,3020,8302,3020,0,2.0,0,0,4,1994,0,0,2014-06-10,490000.0
Lake Forest Park,3,1.75,2290,14800,1620,670,1.0,0,0,3,1965,0,0,2014-06-10,470000.0
Bellevue,4,2.0,1210,11100,1210,0,1.0,0,0,4,1955,0,0,2014-06-10,483300.0
Sammamish,3,2.5,2510,6320,2510,0,2.0,0,0,3,1996,0,0,2014-06-10,659000.0
Seattle,4,1.75,2320,4322,1140,1180,1.0,0,0,3,1910,0,0,2014-06-10,480000.0
Burien,3,1.0,970,6600,970,0,1.0,0,0,3,1965,0,0,2014-06-10,165000.0
Seattle,3,1.75,1820,5500,1620,200,1.0,0,0,4,1957,0,0,2014-06-10,659500.0
Federal Way,3,1.0,970,7742,970,0,1.0,0,0,4,1967,0,0,2014-06-10,219900.0
Seattle,2,1.0,1740,3622,950,790,1.0,0,0,4,1924,0,0,2014-06-10,315000.0
Kent,3,1.75,1590,7560,1130,460,1.0,0,0,3,1984,0,0,2014-06-10,250000.0
Seattle,2,1.0,1380,5000,870,510,1.0,0,0,3,1943,0,0,2014-06-10,268000.0
Shoreline,4,1.5,1680,11123,1130,550,1.0,0,0,3,1959,0,0,2014-06-10,380000.0
Seattle,2,1.0,1220,3000,920,300,1.0,0,0,3,1926,0,0,2014-06-10,499000.0
Vashon,2,2.0,1651,18200,1651,0,1.0,0,0,3,1946,0,0,2014-06-10,285000.0
Auburn,3,1.75,1330,9200,1330,0,1.0,0,0,4,1973,0,0,2014-06-10,183000.0
Seattle,3,3.0,2940,4622,2230,710,2.0,0,0,4,1988,0,0,2014-06-10,1070000.0
Seattle,3,3.25,1410,1246,1410,0,3.0,0,0,3,2005,0,0,2014-06-10,429000.0
Seattle,2,1.0,1100,3598,1100,0,1.0,0,0,4,1926,0,0,2014-06-10,403000.0
Lake Forest Park,3,1.5,1530,7200,1530,0,1.0,0,0,3,1975,0,0,2014-06-10,375500.0
Mercer Island,5,3.25,5270,17232,4010,1260,2.0,0,1,3,1977,2003,1,2014-06-10,1795000.0
Seattle,3,2.0,2110,5150,1080,1030,1.0,0,0,5,1919,0,0,2014-06-10,516200.0
Kirkland,4,1.75,1720,8750,860,860,1.0,0,0,3,1971,0,0,2014-06-10,385000.0
Kirkland,3,2.5,1800,5001,1800,0,2.0,0,0,3,1996,0,0,2014-06-10,515000.0
Burien,4,2.5,2210,9427,2210,0,2.0,0,0,3,1999,0,0,2014-06-10,375000.0
Kirkland,4,2.25,2560,9731,2560,0,2.0,0,0,4,1973,0,0,2014-06-10,650000.0
Renton,2,1.5,1010,7719,1010,0,2.0,0,0,3,1981,0,0,2014-06-10,306888.0
Seattle,4,2.5,3340,12248,2470,870,2.0,0,1,3,1998,0,0,2014-06-10,870000.0
Shoreline,4,1.0,1740,11075,1740,0,1.5,0,0,3,1965,0,0,2014-06-10,310000.0
Kent,3,2.0,1320,7200,1320,0,1.0,0,0,5,1975,0,0,2014-06-10,251750.0
Bothell,3,1.75,1520,8625,1520,0,1.0,0,0,3,1976,0,0,2014-06-10,366000.0
Seattle,3,1.5,2010,9480,1570,440,1.0,0,0,3,1951,0,0,2014-06-10,429950.0
Bellevue,3,3.5,2440,3427,1990,450,2.0,0,0,3,2000,0,0,2014-06-10,710000.0
Bellevue,5,2.5,2550,20875,1610,940,1.0,0,0,4,1953,0,0,2014-06-10,895000.0
Des Moines,3,1.0,1010,9450,1010,0,1.0,0,0,4,1959,0,0,2014-06-10,149500.0
Seattle,3,2.5,1780,6771,1230,550,1.0,0,0,3,1990,0,0,2014-06-10,310000.0
Seattle,3,2.0,2180,4976,1680,500,1.5,0,2,4,1930,0,0,2014-06-10,555000.0
Kirkland,5,3.25,2750,7500,2150,600,2.0,0,1,3,1937,1997,1,2014-06-10,750000.0
Sammamish,4,3.25,3490,7024,3490,0,2.0,0,0,3,2006,0,0,2014-06-10,745000.0
Redmond,3,2.5,2550,45254,2550,0,2.0,0,0,3,2001,0,0,2014-06-10,695000.0
Seattle,3,1.75,1870,7189,1270,600,1.0,0,0,3,1959,0,0,2014-06-10,433000.0
Shoreline,4,1.0,1150,8184,1150,0,1.5,0,0,3,1947,0,0,2014-06-10,307000.0
Bellevue,3,1.75,2050,11856,1460,590,1.0,0,0,3,1962,0,0,2014-06-10,655275.0
Maple Valley,4,2.75,1940,6555,1940,0,2.0,0,0,3,1990,0,0,2014-06-10,392000.0
Kirkland,5,3.75,3630,6000,2470,1160,1.5,0,0,3,2004,0,0,2014-06-10,1180000.0
Shoreline,3,1.75,1890,9100,1890,0,2.0,0,0,4,1952,0,0,2014-06-10,359950.0
Woodinville,4,2.0,1630,10375,1630,0,1.0,0,0,5,1968,0,0,2014-06-10,360000.0
Seattle,4,1.75,2440,5000,1340,1100,1.0,0,0,3,1954,0,0,2014-06-10,566000.0
Seattle,5,2.75,3100,9825,3100,0,2.0,0,2,4,1950,1982,1,2014-06-10,700000.0
Renton,3,2.5,2090,6045,2090,0,2.0,0,0,3,2000,0,0,2014-06-10,415000.0
Auburn,3,1.0,920,9812,920,0,1.0,0,0,4,1962,0,0,2014-06-10,199500.0
Seattle,3,1.0,1580,5000,1580,0,1.5,0,0,3,1926,0,0,2014-06-10,749000.0
Seattle,3,1.75,1760,8400,1460,300,1.0,0,0,4,1960,0,0,2014-06-10,680000.0
Bothell,4,2.5,2530,7563,1440,1090,1.0,0,0,3,1978,0,0,2014-06-10,400000.0
Bothell,4,2.75,2490,9714,1400,1090,1.0,0,0,4,1983,0,0,2014-06-10,608000.0
Issaquah,4,4.5,3870,35889,2530,1340,2.0,0,0,3,2001,0,0,2014-06-10,589900.0
Federal Way,5,2.5,2732,9500,1870,862,1.0,0,2,4,1975,0,0,2014-06-10,480000.0
Seattle,5,3.25,3230,3825,2480,750,2.0,0,0,3,2014,0,0,2014-06-10,1059500.0
Bellevue,6,3.75,2930,14980,2930,0,2.0,0,3,3,2013,0,0,2014-06-10,915000.0
Snoqualmie,4,3.5,3510,9364,3510,0,2.0,0,0,3,2001,0,0,2014-06-10,695000.0
Kirkland,4,2.5,2580,3909,2580,0,2.0,0,0,3,2013,0,0,2014-06-10,899900.0
Seattle,2,2.25,1060,1208,940,120,2.0,0,0,3,2005,0,0,2014-06-10,499950.0
North Bend,4,2.75,2790,8853,2790,0,2.0,0,0,3,2013,0,0,2014-06-10,533112.0
Auburn,4,2.5,2009,5000,2009,0,2.0,0,0,3,2014,0,0,2014-06-10,303210.0
Renton,5,2.75,2880,8364,2880,0,2.0,0,0,3,2006,0,0,2014-06-10,525000.0
Seattle,2,1.0,710,1157,710,0,2.0,0,0,4,1943,0,0,2014-06-10,399950.0
Seattle,3,2.5,2070,13241,1270,800,1.5,0,0,5,1910,0,0,2014-06-11,850830.0
Shoreline,3,2.0,1370,8336,1370,0,1.0,0,0,5,1964,0,0,2014-06-11,371500.0
Redmond,3,1.75,1730,8400,1400,330,1.0,0,0,4,1980,0,0,2014-06-11,522000.0
Seattle,4,2.0,1680,5000,980,700,1.0,0,0,3,1950,0,0,2014-06-11,588000.0
North Bend,2,1.0,1350,10096,1350,0,1.0,0,2,4,1952,0,0,2014-06-11,276900.0
SeaTac,5,1.5,1510,9078,1510,0,1.0,0,0,4,1959,0,0,2014-06-11,248000.0
Federal Way,3,2.5,1860,6607,1860,0,2.0,0,0,3,1989,0,0,2014-06-11,280000.0
Renton,6,5.0,3440,4500,3280,160,2.0,0,0,3,2007,0,0,2014-06-11,495000.0
Seattle,6,3.0,4250,4400,3020,1230,2.5,0,0,4,1902,0,0,2014-06-11,665000.0
Renton,2,1.0,860,3874,860,0,1.0,0,0,4,1931,0,0,2014-06-11,290300.0
Seattle,2,1.75,1640,4080,840,800,1.0,0,0,3,1921,0,0,2014-06-11,527000.0
Seattle,2,1.5,1295,1093,1105,190,2.0,0,0,3,2007,0,0,2014-06-11,487028.0
Snoqualmie,3,1.75,1790,27427,1130,660,1.0,0,0,3,1978,0,0,2014-06-11,325000.0
Seattle,3,1.5,2210,6300,2210,0,1.5,0,0,5,1916,0,0,2014-06-11,799000.0
Bellevue,5,4.5,10040,37325,7680,2360,2.0,1,2,3,1940,2001,1,2014-06-11,7062500.0
Redmond,3,1.0,940,10368,940,0,1.0,0,0,3,1965,0,0,2014-06-11,354000.0
Seattle,3,1.5,1160,8906,1160,0,1.0,0,0,3,1962,0,0,2014-06-11,262500.0
Sammamish,3,2.5,1990,3984,1990,0,2.0,0,0,3,2004,0,0,2014-06-11,560200.0
Seattle,3,1.0,1050,6300,1050,0,1.0,0,0,3,1942,0,0,2014-06-11,220000.0
Seattle,2,1.0,1030,5750,1030,0,1.0,0,0,5,1928,0,0,2014-06-11,650000.0
Seattle,3,2.5,1420,2581,1420,0,3.0,0,0,3,2004,0,0,2014-06-11,435000.0
Seattle,4,3.75,2690,4000,2120,570,2.0,0,3,4,1909,1989,1,2014-06-11,800000.0
Redmond,4,2.5,3760,29224,3760,0,2.0,0,0,3,1987,0,0,2014-06-11,1010000.0
Renton,2,1.0,700,4700,700,0,1.0,0,0,5,1953,0,0,2014-06-11,200000.0
Seattle,5,3.5,2100,5107,1410,690,2.0,0,0,3,1999,0,0,2014-06-11,295000.0
Sammamish,4,2.75,2240,27820,2240,0,1.5,0,0,4,1976,0,0,2014-06-11,580379.0
Woodinville,4,2.5,3470,32109,3470,0,2.0,0,0,3,1995,0,0,2014-06-11,875000.0
Shoreline,3,2.5,3370,19585,3200,170,2.0,0,0,3,1951,0,0,2014-06-11,515000.0
Woodinville,4,2.5,2790,230868,2790,0,2.0,0,0,3,1989,0,0,2014-06-11,599000.0
Kent,3,2.5,1870,4060,1870,0,2.0,0,0,3,2005,0,0,2014-06-11,285000.0
Maple Valley,3,1.75,1520,15090,1520,0,1.0,0,0,4,1968,0,0,2014-06-11,290000.0
Renton,1,1.75,750,20339,550,200,1.0,0,0,4,1946,0,0,2014-06-11,355000.0
Lake Forest Park,3,1.5,1460,11407,1460,0,1.0,0,0,3,1954,0,0,2014-06-11,381000.0
Bothell,3,2.5,2600,7465,2600,0,2.0,0,0,3,1988,0,0,2014-06-11,571000.0
Bellevue,4,2.5,3320,11901,2650,670,2.0,0,0,5,1977,0,0,2014-06-11,852600.0
Seattle,5,2.5,2340,6000,2340,0,2.0,0,0,4,1922,0,0,2014-06-11,1085000.0
Seattle,3,1.0,890,7200,890,0,1.0,0,0,3,1951,0,0,2014-06-11,371000.0
Seattle,3,1.75,1720,5899,1220,500,1.0,0,1,3,1986,0,0,2014-06-11,514000.0
Seattle,3,1.5,1270,1318,1080,190,2.0,0,0,3,2004,0,0,2014-06-11,386000.0
Renton,4,2.5,2180,7203,2180,0,2.0,0,0,4,1989,0,0,2014-06-11,464000.0
Renton,4,2.25,2030,13500,1230,800,1.0,0,0,3,1963,0,0,2014-06-11,335000.0
Seattle,4,2.75,2490,17833,1490,1000,2.0,0,2,3,1979,0,0,2014-06-11,740000.0
Seattle,4,1.75,1470,5350,980,490,1.0,0,0,3,1955,0,0,2014-06-11,465000.0
Seattle,3,2.75,2500,7378,1390,1110,1.0,0,0,5,1948,0,0,2014-06-11,700000.0
Auburn,3,3.5,4500,21870,4500,0,2.0,0,0,3,2004,0,0,2014-06-11,785000.0
Seattle,3,3.25,1460,1592,1130,330,2.0,0,0,3,2006,0,0,2014-06-11,350000.0
Seattle,1,1.0,620,8261,620,0,1.0,0,0,3,1939,0,0,2014-06-11,148000.0
Seattle,3,1.75,1550,3680,1050,500,1.0,0,0,3,1927,0,0,2014-06-11,530000.0
Seattle,3,2.5,1430,1002,1430,0,3.0,0,0,3,2002,0,0,2014-06-11,349000.0
North Bend,3,1.5,1360,9760,1360,0,1.5,0,0,5,1984,0,0,2014-06-11,240000.0
Federal Way,3,2.5,2210,7557,2210,0,2.0,0,0,3,1989,0,0,2014-06-11,330000.0
Seattle,4,1.75,2460,5100,1450,1010,1.5,0,0,5,1909,0,0,2014-06-11,735000.0
Sammamish,3,2.5,2180,15693,1850,330,1.0,0,0,4,1979,0,0,2014-06-11,545000.0
Covington,3,1.75,1570,4875,1310,260,1.0,0,0,4,1977,0,0,2014-06-11,214950.0
Auburn,4,2.75,4140,24190,4140,0,2.0,0,0,3,2002,0,0,2014-06-11,657500.0
Seattle,3,1.0,1140,5500,1140,0,1.5,0,0,4,1908,0,0,2014-06-11,476000.0
Seattle,5,6.25,8670,64033,6120,2550,2.0,0,4,3,1965,2003,1,2014-06-11,2888000.0
Seattle,2,1.0,800,15000,800,0,1.0,0,0,3,1927,0,0,2014-06-11,110000.0
Auburn,4,2.75,2414,7693,2414,0,2.0,0,0,3,2006,0,0,2014-06-11,292000.0
Seattle,3,1.0,1160,8813,1160,0,1.0,0,0,3,1952,0,0,2014-06-11,317000.0
Auburn,4,2.5,3170,10688,3170,0,2.0,0,2,3,2001,0,0,2014-06-11,455000.0
Bellevue,5,3.5,4210,17258,4210,0,2.0,0,3,3,1995,0,0,2014-06-11,1365000.0
Seattle,3,2.0,2060,4437,1030,1030,1.0,0,0,3,1929,0,0,2014-06-11,460000.0
Seattle,3,2.0,1640,7201,1640,0,1.0,0,0,3,1948,0,0,2014-06-11,405000.0
Seattle,2,1.0,720,6686,720,0,1.0,0,0,3,1942,0,0,2014-06-11,333000.0
Seattle,4,1.0,1860,4736,1860,0,1.5,0,0,1,1901,0,0,2014-06-11,427000.0
Sammamish,4,2.5,2810,10986,2810,0,2.0,0,0,3,1997,0,0,2014-06-11,742000.0
Shoreline,4,2.5,2090,9702,1320,770,1.0,0,0,5,1965,0,0,2014-06-11,465000.0
Sammamish,4,2.5,3280,6181,3280,0,2.0,0,0,3,2001,0,0,2014-06-11,809950.0
Seattle,4,2.0,2090,3610,1790,300,1.5,0,0,5,1927,0,0,2014-06-11,619400.0
Mercer Island,3,1.75,2430,14607,1230,1200,1.0,0,1,3,1949,1970,1,2014-06-11,762400.0
Issaquah,5,2.25,2520,49222,2520,0,2.0,0,0,4,1978,0,0,2014-06-11,535000.0
Seattle,5,3.0,2510,4125,1590,920,1.5,0,3,5,1925,0,0,2014-06-11,881000.0
Seattle,4,2.75,3370,6675,1920,1450,1.0,0,3,4,1948,0,0,2014-06-11,813000.0
Auburn,3,2.0,1640,5280,1640,0,1.5,0,0,5,1910,0,0,2014-06-11,234000.0
Auburn,3,2.5,2250,7294,2250,0,2.0,0,0,3,1994,0,0,2014-06-11,308900.0
North Bend,4,2.5,2300,19250,2300,0,1.0,0,0,4,1955,0,0,2014-06-11,450000.0
Seattle,3,3.5,1650,2262,1650,0,3.0,0,0,3,2010,0,0,2014-06-11,547500.0
Seattle,2,1.0,710,1131,710,0,2.0,0,0,4,1943,0,0,2014-06-11,399950.0
Snoqualmie,4,3.5,2550,8698,2550,0,2.0,0,0,3,2007,0,0,2014-06-11,516000.0
Seattle,2,1.5,982,846,806,176,2.0,0,0,3,2006,0,0,2014-06-11,250000.0
Issaquah,3,2.25,1630,2520,1630,0,2.0,0,0,3,2005,0,0,2014-06-11,475000.0
Renton,4,2.5,2550,4500,2550,0,2.0,0,0,3,2009,0,0,2014-06-11,415000.0
Seattle,2,1.25,1240,2150,1240,0,2.0,0,0,3,2014,0,0,2014-06-11,545000.0
Federal Way,3,2.5,2456,7566,2456,0,2.0,0,0,3,2012,0,0,2014-06-11,329950.0
Clyde Hill,5,2.25,3200,20158,1600,1600,1.0,0,0,3,1965,0,0,2014-06-12,1325000.0
Redmond,3,3.5,3950,111078,2460,1490,1.5,0,0,3,1989,0,0,2014-06-12,784000.0
Sammamish,4,2.25,2180,7297,2180,0,2.0,0,0,3,1984,0,0,2014-06-12,610750.0
Renton,4,2.5,3140,9225,1770,1370,1.0,0,2,5,1966,0,0,2014-06-12,578000.0
Kirkland,4,3.75,4030,10800,4030,0,2.0,0,0,3,2006,0,0,2014-06-12,1485000.0
Renton,3,1.75,1970,7972,1370,600,1.0,0,3,5,1976,0,0,2014-06-12,501000.0
Shoreline,5,2.0,1940,7642,1940,0,1.5,0,0,3,1957,0,0,2014-06-12,465250.0
Seattle,5,4.25,4860,9453,3100,1760,1.5,0,1,5,1905,0,0,2014-06-12,2250000.0
Seattle,0,0.0,3064,4764,3064,0,3.5,0,2,3,1990,0,0,2014-06-12,1095000.0
Seattle,2,1.0,970,5665,970,0,1.0,0,0,4,1908,0,0,2014-06-12,315000.0
Bellevue,4,2.25,2460,44431,2460,0,1.0,0,0,4,1957,0,0,2014-06-12,900000.0
Redmond,4,2.5,3010,6100,3010,0,2.0,0,0,3,2005,0,0,2014-06-12,789500.0
Seattle,3,2.0,2460,6600,1370,1090,1.0,0,2,4,1952,0,0,2014-06-12,678500.0
Enumclaw,3,2.0,2080,11375,2080,0,1.0,0,0,3,2002,0,0,2014-06-12,342500.0
Sammamish,4,3.25,3960,7012,3960,0,2.0,0,0,3,2005,0,0,2014-06-12,860000.0
Auburn,4,2.5,2490,8124,2490,0,2.0,0,0,3,2001,0,0,2014-06-12,306000.0
Seattle,5,2.0,2060,6000,2060,0,2.0,0,0,3,1903,0,0,2014-06-12,580000.0
Sammamish,3,1.0,1330,15678,900,430,1.0,0,0,3,1984,0,0,2014-06-12,405000.0
Kirkland,3,1.75,1600,19200,1600,0,1.0,0,0,4,1967,0,0,2014-06-12,510000.0
Renton,2,1.0,820,10450,820,0,1.0,0,0,4,1965,0,0,2014-06-12,173000.0
Auburn,4,1.75,1200,7680,1200,0,1.0,0,0,3,1968,0,0,2014-06-12,210000.0
Seattle,3,1.0,1050,5664,910,140,1.0,0,0,4,1947,0,0,2014-06-12,445000.0
Seattle,3,2.5,1910,1501,1530,380,2.5,0,0,3,2007,0,0,2014-06-12,585000.0
Shoreline,3,1.75,1800,6000,900,900,1.0,0,0,5,1950,0,0,2014-06-12,381000.0
Kirkland,3,2.25,2060,8640,2060,0,1.0,0,0,4,1966,0,0,2014-06-12,890000.0
Kent,3,1.75,1840,9697,1500,340,1.0,0,0,4,1985,0,0,2014-06-12,235000.0
Seattle,3,2.5,1250,1103,1250,0,3.0,0,2,3,2005,0,0,2014-06-12,480000.0
Seattle,2,1.0,1510,4032,1310,200,1.5,0,0,3,1935,0,0,2014-06-12,575000.0
Seattle,4,2.25,2300,4600,1340,960,1.5,0,0,4,1904,0,0,2014-06-12,350000.0
Des Moines,4,1.5,1490,7560,1490,0,2.0,0,0,3,1966,0,0,2014-06-12,259000.0
Seattle,5,2.75,2820,4608,1450,1370,1.0,0,0,3,1967,0,0,2014-06-12,599000.0
Federal Way,4,1.5,1130,7840,1130,0,1.0,0,0,4,1970,0,0,2014-06-12,210000.0
Seattle,4,2.5,3200,7500,1860,1340,1.5,0,1,5,1948,0,0,2014-06-12,1184000.0
Seattle,3,1.0,1510,5000,1510,0,1.5,0,0,3,1909,0,0,2014-06-12,545000.0
Auburn,3,2.5,1970,7500,1970,0,2.0,0,0,3,1988,0,0,2014-06-12,299995.0
Seattle,3,1.0,1210,5750,1210,0,1.5,0,0,4,1910,0,0,2014-06-12,440000.0
Redmond,4,2.5,3280,27441,3280,0,2.0,0,0,3,1996,0,0,2014-06-12,699000.0
Kirkland,3,2.0,2420,17859,1500,920,1.0,0,1,5,1979,0,0,2014-06-12,795000.0
Seattle,5,1.75,2460,6846,1340,1120,1.5,0,0,5,1911,0,0,2014-06-12,445000.0
Seattle,3,1.0,1180,11862,1180,0,1.0,0,0,4,1948,0,0,2014-06-12,397990.0
Seattle,3,2.75,1900,6400,1410,490,1.0,0,0,5,1942,0,0,2014-06-12,706000.0
Seattle,3,3.25,1651,1779,1341,310,2.0,0,0,3,2008,0,0,2014-06-12,363000.0
Mercer Island,4,2.25,2130,11843,2130,0,2.0,0,0,4,1972,0,0,2014-06-12,850000.0
Seattle,2,1.0,1430,3000,1300,130,1.5,0,0,3,1929,0,0,2014-06-12,620000.0
Sammamish,4,2.5,5730,44947,4280,1450,2.0,0,4,3,1991,0,0,2014-06-12,1228000.0
Renton,4,2.5,1910,9244,1910,0,1.0,0,0,4,1963,0,0,2014-06-12,333000.0
Mercer Island,3,1.75,2110,11250,2110,0,1.0,0,0,4,1961,0,0,2014-06-12,743000.0
Seattle,2,1.5,1630,3780,890,740,1.0,0,0,4,1940,0,0,2014-06-12,448000.0
Auburn,4,2.5,2470,35073,2470,0,2.0,0,0,3,1989,0,0,2014-06-12,485000.0
Auburn,4,2.25,2640,31941,2640,0,1.0,0,0,4,1986,0,0,2014-06-12,489950.0
Renton,5,2.75,2990,7420,2990,0,2.0,0,0,3,1996,0,0,2014-06-12,498500.0
Bothell,3,2.5,2120,9736,2120,0,2.0,0,0,3,1988,0,0,2014-06-12,531000.0
Seattle,3,2.5,2050,6420,1730,320,1.0,0,3,3,1956,0,0,2014-06-12,670000.0
Seattle,5,3.0,1880,5000,1100,780,1.0,0,0,3,1997,0,0,2014-06-12,310000.0
Des Moines,3,3.0,2790,12523,1600,1190,2.0,1,4,4,1977,0,0,2014-06-12,835000.0
Seattle,4,2.5,3000,7500,3000,0,2.0,0,0,3,1937,1994,1,2014-06-12,1688000.0
Seattle,4,2.5,2140,7245,2140,0,2.0,0,0,3,2003,0,0,2014-06-12,495000.0
Normandy Park,3,2.0,1769,9300,1769,0,1.0,0,0,4,1955,2009,1,2014-06-12,495000.0
Seattle,3,1.0,1710,6556,1200,510,1.5,0,0,4,1926,0,0,2014-06-12,440000.0
Seattle,1,0.75,420,6720,420,0,1.0,0,0,3,1922,0,0,2014-06-12,280000.0
Bellevue,4,2.5,3270,35445,3270,0,2.0,0,0,3,1989,0,0,2014-06-12,1070000.0
Bellevue,4,2.5,2370,10858,2370,0,2.0,0,0,3,2003,0,0,2014-06-12,1034500.0
Maple Valley,4,2.5,1770,5855,1770,0,2.0,0,0,3,2003,0,0,2014-06-12,248000.0
Auburn,4,2.5,2210,8465,1490,720,1.0,0,0,3,1990,0,0,2014-06-12,294000.0
Issaquah,3,2.25,1710,4140,1710,0,2.0,0,0,3,2004,0,0,2014-06-12,561000.0
Seattle,4,2.0,2710,4750,1460,1250,1.0,0,0,4,1919,0,0,2014-06-12,656500.0
Seattle,3,3.0,2340,2970,2160,180,2.0,0,0,5,1925,0,0,2014-06-12,660000.0
Kirkland,2,1.0,1220,17172,1220,0,1.0,0,0,4,1947,0,0,2014-06-12,370000.0
Redmond,3,1.0,1060,9525,1060,0,1.0,0,0,3,1966,0,0,2014-06-12,349950.0
Renton,2,1.0,910,9869,910,0,1.0,0,0,3,1957,0,0,2014-06-12,223000.0
Seattle,4,1.75,1880,3880,1090,790,1.5,0,0,4,1944,0,0,2014-06-12,560000.0
Seattle,4,1.75,1870,5200,1200,670,2.0,0,0,4,1937,0,0,2014-06-12,594000.0
Seattle,3,2.25,1480,5400,1480,0,2.0,0,0,4,1914,0,0,2014-06-12,600000.0
Kent,3,2.5,1880,7000,1880,0,2.0,0,0,3,1993,0,0,2014-06-12,315000.0
Seattle,4,1.75,1890,6000,1110,780,1.0,0,0,4,1947,0,0,2014-06-12,430000.0
Kirkland,3,2.75,1560,7392,1030,530,1.0,0,0,5,1972,0,0,2014-06-12,440000.0
Seattle,2,1.5,1070,1200,1070,0,2.0,0,0,3,1999,0,0,2014-06-12,312500.0
Redmond,5,4.0,4410,14380,4410,0,2.0,0,0,3,2006,0,0,2014-06-12,1240000.0
Seattle,3,3.25,1470,1235,1180,290,2.0,0,0,3,2008,0,0,2014-06-12,300000.0
Issaquah,3,2.5,2570,3600,2570,0,2.5,0,0,3,2007,0,0,2014-06-12,680000.0
Issaquah,2,2.25,1170,1011,1170,0,2.0,0,0,3,2009,0,0,2014-06-12,336750.0
Seattle,5,3.5,2320,4960,1720,600,2.0,0,0,5,1926,0,0,2014-06-13,822500.0
Kirkland,4,3.0,2440,9600,2440,0,2.0,0,0,5,1961,0,0,2014-06-13,589000.0
Sammamish,4,2.5,4120,22370,4120,0,2.0,0,0,3,1997,0,0,2014-06-13,863000.0
Des Moines,2,1.75,1440,5680,1440,0,1.0,0,0,4,1978,0,0,2014-06-13,210000.0
Kent,3,1.0,1340,11070,1340,0,1.0,0,0,4,1978,0,0,2014-06-13,206135.0
Seattle,6,3.75,3010,4360,2000,1010,2.0,0,0,3,2014,0,0,2014-06-13,1125000.0
Seattle,3,1.75,1840,8601,920,920,1.0,0,0,3,1905,2014,1,2014-06-13,285000.0
SeaTac,2,1.0,930,7550,930,0,1.0,0,0,3,1986,0,0,2014-06-13,230000.0
North Bend,4,2.75,4070,115434,4070,0,2.0,0,0,3,2002,0,0,2014-06-13,845000.0
Lake Forest Park,3,1.75,1820,9545,1230,590,1.0,0,0,3,1976,0,0,2014-06-13,350000.0
Shoreline,3,1.0,1280,8184,1280,0,1.5,0,0,4,1947,0,0,2014-06-13,304000.0
Seattle,2,1.0,900,4600,900,0,1.0,0,0,3,1951,0,0,2014-06-13,370000.0
Bellevue,3,1.75,1980,13503,1320,660,1.0,0,2,4,1952,0,0,2014-06-13,810000.0
Kirkland,4,2.25,2010,7575,1220,790,1.0,0,0,3,1974,0,0,2014-06-13,440000.0
Seattle,4,2.5,2750,4800,1960,790,2.0,0,0,3,1905,2005,1,2014-06-13,1030000.0
Seattle,4,2.0,3140,10875,1940,1200,1.0,0,1,3,1939,1969,1,2014-06-13,775000.0
Seattle,5,2.25,4200,5800,2910,1290,2.5,0,0,4,1906,0,0,2014-06-13,1335000.0
SeaTac,3,1.75,1900,8540,950,950,1.0,0,0,3,1980,0,0,2014-06-13,235000.0
Seattle,3,1.0,1830,3000,1430,400,1.5,0,0,3,1926,0,0,2014-06-13,499950.0
Woodinville,5,2.75,3320,23760,2190,1130,2.0,0,0,4,1975,0,0,2014-06-13,622500.0
Kent,4,2.5,2700,10814,1560,1140,1.0,0,0,4,1966,0,0,2014-06-13,300000.0
Federal Way,3,1.0,1290,6566,1290,0,1.0,0,0,5,1976,0,0,2014-06-13,205000.0
Kirkland,3,1.75,1500,8173,1500,0,1.0,0,0,3,1997,0,0,2014-06-13,435000.0
Woodinville,4,2.75,3650,48351,3650,0,1.5,0,0,4,1978,0,0,2014-06-13,697000.0
Seattle,3,1.0,1270,6405,1270,0,1.5,0,0,3,1944,0,0,2014-06-13,153000.0
Kent,4,2.25,2630,39000,2630,0,2.0,0,0,3,1979,0,0,2014-06-13,454000.0
Auburn,2,1.5,1800,26615,1240,560,1.0,0,0,5,1987,0,0,2014-06-13,345000.0
Seattle,3,1.0,1870,2807,1580,290,1.5,0,0,4,1927,0,0,2014-06-13,585000.0
Renton,4,2.5,2540,6365,1870,670,2.0,0,0,3,2000,0,0,2014-06-13,380000.0
Auburn,4,2.5,1930,8660,1120,810,1.0,0,0,3,1981,0,0,2014-06-13,250600.0
Mercer Island,4,2.25,2770,13500,2770,0,2.0,0,0,3,1974,0,0,2014-06-13,890000.0
Renton,4,2.5,2220,5338,2220,0,2.0,0,0,3,2001,0,0,2014-06-13,370000.0
Seattle,3,1.5,1650,9957,1100,550,1.0,0,0,4,1961,0,0,2014-06-13,369500.0
Sammamish,4,2.5,3670,54450,3670,0,2.0,0,0,3,1999,0,0,2014-06-13,883000.0
Redmond,4,2.5,3770,35081,3770,0,2.0,0,0,3,1989,0,0,2014-06-13,950000.0
Sammamish,3,1.75,2350,20820,1800,550,1.0,0,0,4,1978,0,0,2014-06-13,615000.0
Seattle,3,1.5,1210,5240,610,600,1.0,0,0,4,1983,0,0,2014-06-13,305000.0
Issaquah,4,2.5,2010,7972,2010,0,2.0,0,0,4,1989,0,0,2014-06-13,590000.0
Issaquah,3,2.5,1580,6065,1580,0,2.0,0,0,3,1985,0,0,2014-06-13,485000.0
Seattle,2,1.0,710,7200,710,0,1.0,0,0,3,1943,0,0,2014-06-13,215000.0
Sammamish,3,2.0,1910,5040,1910,0,1.5,0,0,3,1971,0,0,2014-06-13,430000.0
Maple Valley,4,2.5,1880,7965,1880,0,2.0,0,0,3,2000,0,0,2014-06-13,324900.0
Vashon,2,2.0,2280,641203,2280,0,2.0,0,0,3,1990,0,0,2014-06-13,849900.0
Mercer Island,5,2.75,3100,10014,1660,1440,1.0,0,2,4,1973,0,0,2014-06-13,975000.0
Seattle,5,2.5,2350,4000,2350,0,2.0,0,0,3,1993,0,0,2014-06-13,910000.0
Burien,3,1.75,1850,6869,1100,750,1.0,0,2,5,1919,1934,1,2014-06-13,459950.0
Kent,3,2.5,2070,8337,2070,0,2.0,0,0,3,1997,0,0,2014-06-13,325000.0
Seattle,4,2.75,2020,7070,1010,1010,1.0,0,0,5,1958,0,0,2014-06-13,513000.0
Sammamish,3,2.25,1580,12177,1200,380,1.0,0,0,3,1981,0,0,2014-06-13,475000.0
Renton,4,2.5,2690,7947,2690,0,2.0,0,0,3,1993,0,0,2014-06-13,419000.0
Burien,4,2.5,2420,10285,1700,720,1.0,0,4,3,1958,0,0,2014-06-13,760000.0
Seattle,5,1.5,2540,6660,2340,200,2.0,0,3,4,1954,0,0,2014-06-13,1120000.0
Renton,2,1.0,1150,30184,1150,0,1.0,0,0,3,1950,0,0,2014-06-13,129000.0
Bellevue,5,2.5,3210,12000,1830,1380,1.0,0,0,4,1968,0,0,2014-06-13,725000.0
Redmond,3,2.5,2040,4627,2040,0,2.0,0,0,3,1992,0,0,2014-06-13,580000.0
Seattle,3,2.25,1920,4833,1060,860,1.0,0,0,4,1921,0,0,2014-06-13,385000.0
Auburn,4,1.75,1900,10588,1900,0,1.0,0,0,5,1958,0,0,2014-06-13,265000.0
Shoreline,3,2.5,4310,32093,2510,1800,1.5,0,4,5,1982,0,0,2014-06-13,1735000.0
Seattle,3,2.5,1070,1155,720,350,2.0,0,0,3,2005,0,0,2014-06-13,330000.0
Woodinville,4,2.5,2790,43091,2790,0,2.0,0,0,4,1989,0,0,2014-06-13,665000.0
Seattle,3,2.5,2860,4442,2860,0,2.0,0,0,3,2000,0,0,2014-06-13,799000.0
Seattle,3,2.0,2250,8800,1250,1000,1.0,0,0,4,1925,0,0,2014-06-13,589000.0
Seattle,2,2.25,3170,3000,1990,1180,2.0,0,2,5,1900,0,0,2014-06-13,1695000.0
Seattle,3,1.0,1460,7200,1260,200,1.0,0,0,3,1906,0,0,2014-06-13,538000.0
Seattle,3,1.0,1540,3399,1200,340,1.5,0,0,3,1926,0,0,2014-06-13,530100.0
Seattle,3,2.0,2910,6600,1920,990,2.0,0,0,4,1900,1988,1,2014-06-13,718500.0
Renton,3,1.75,1180,13927,1180,0,1.0,0,0,5,1962,0,0,2014-06-13,299000.0
Seattle,3,1.75,1640,7437,1090,550,1.0,0,0,3,1948,0,0,2014-06-13,556000.0
Tukwila,4,2.0,1520,19672,1020,500,1.0,0,0,3,1920,0,0,2014-06-13,171000.0
Maple Valley,5,3.0,3610,9775,3610,0,2.0,0,0,3,2003,0,0,2014-06-13,540000.0
Covington,3,2.25,1400,3814,1400,0,2.0,0,0,3,2012,0,0,2014-06-13,250000.0
Issaquah,4,3.5,3200,3250,2670,530,2.0,0,0,3,2007,0,0,2014-06-13,795000.0
Seattle,3,3.0,1384,1287,1144,240,2.0,0,0,3,2006,0,0,2014-06-13,575000.0
Issaquah,3,2.25,1410,1287,1290,120,2.0,0,0,3,2005,0,0,2014-06-13,379500.0
Renton,4,2.5,2050,5276,2050,0,2.0,0,0,3,2006,0,0,2014-06-13,385000.0
Kenmore,4,2.5,1750,4779,1750,0,2.0,0,0,3,2009,0,0,2014-06-13,415500.0
Kirkland,3,2.0,1510,6710,1070,440,1.0,0,0,3,1972,0,0,2014-06-14,397500.0
Seattle,3,2.5,1930,7214,1930,0,2.0,0,0,3,2005,0,0,2014-06-14,530000.0
Woodinville,4,2.5,2960,41656,2960,0,2.0,0,0,3,1985,0,0,2014-06-14,883000.0
Issaquah,5,2.75,2920,11880,1660,1260,1.0,0,0,5,1968,0,0,2014-06-14,850000.0
Seattle,2,1.0,1980,5000,1090,890,1.0,0,0,4,1923,0,0,2014-06-14,496752.0
Seattle,3,1.75,1430,8865,1430,0,1.0,0,0,3,1950,0,0,2014-06-14,330000.0
Issaquah,4,2.75,2450,4187,2450,0,2.0,0,2,3,2010,0,0,2014-06-14,735000.0
Kenmore,4,2.75,2360,4924,2360,0,2.0,0,0,3,2008,0,0,2014-06-14,525000.0
Tukwila,3,2.5,1890,4838,1730,160,2.0,0,0,3,2002,0,0,2014-06-15,269950.0
Bellevue,3,1.75,2140,9484,1290,850,1.0,0,0,3,1953,0,0,2014-06-15,650000.0
Seattle,3,2.0,1900,8100,950,950,1.0,0,0,4,1940,0,0,2014-06-15,520500.0
Issaquah,4,2.5,2700,9122,2700,0,2.0,0,0,3,1990,0,0,2014-06-15,652500.0
Bellevue,5,3.0,2430,8000,1370,1060,1.0,0,0,4,1957,0,0,2014-06-15,506000.0
Bellevue,3,1.0,1110,12150,1110,0,1.0,0,0,4,1957,0,0,2014-06-15,416000.0
Newcastle,4,2.75,2280,15347,2280,0,1.0,0,0,5,1960,0,0,2014-06-16,500000.0
Seattle,3,1.75,1550,4708,860,690,1.0,0,0,4,1949,0,0,2014-06-16,460000.0
Bothell,3,2.0,1530,8925,1530,0,1.0,0,0,3,1977,0,0,2014-06-16,371025.0
Kenmore,4,2.5,2440,28405,2440,0,2.0,0,0,3,2002,0,0,2014-06-16,576000.0
Renton,4,2.25,1760,9602,1760,0,2.0,0,0,3,1987,0,0,2014-06-16,353500.0
Seattle,4,2.25,3040,5000,2080,960,2.0,0,3,4,1926,0,0,2014-06-16,1735000.0
Auburn,3,1.75,1070,8100,1070,0,1.0,0,0,4,1957,0,0,2014-06-16,183000.0
Seattle,3,1.75,1990,5560,1100,890,1.0,0,0,4,1939,0,0,2014-06-16,763101.0
Seattle,2,1.5,1090,4000,970,120,1.0,0,0,3,1951,0,0,2014-06-16,460000.0
Seattle,4,1.5,1890,6938,1890,0,1.5,0,0,3,1919,0,0,2014-06-16,825000.0
Renton,3,1.0,1000,9150,1000,0,1.0,0,0,3,1969,0,0,2014-06-16,265000.0
Burien,3,1.75,1770,8235,1030,740,1.0,0,0,3,1960,0,0,2014-06-16,295000.0
Seattle,4,3.0,2360,6250,1460,900,1.0,0,2,3,1960,0,0,2014-06-16,418000.0
Renton,3,3.5,3380,108900,2700,680,2.0,0,0,3,1999,0,0,2014-06-16,554000.0
Issaquah,3,2.5,1700,3150,1700,0,2.0,0,0,3,2005,0,0,2014-06-16,534500.0
Seattle,2,1.75,1600,4000,850,750,1.0,0,0,5,1918,0,0,2014-06-16,690000.0
Issaquah,4,2.5,2050,6360,2050,0,2.0,0,0,3,1988,0,0,2014-06-16,530000.0
Issaquah,2,1.75,1210,1040,1210,0,2.0,0,0,3,2014,0,0,2014-06-16,357186.0
Seattle,5,3.0,1940,6355,1200,740,1.0,0,0,3,2007,0,0,2014-06-16,300000.0
Renton,4,2.0,1810,8750,1110,700,1.0,0,0,2,1967,0,0,2014-06-16,304000.0
Seattle,4,1.75,1690,4080,870,820,1.0,0,0,4,1984,0,0,2014-06-16,385000.0
Seattle,4,2.0,1800,2970,1000,800,1.0,0,0,4,1923,0,0,2014-06-16,415000.0
Bellevue,4,3.5,3280,6603,3280,0,2.0,0,0,3,2007,0,0,2014-06-16,963000.0
Ravensdale,4,2.5,4290,175421,4290,0,2.0,0,0,3,2004,0,0,2014-06-16,792500.0
North Bend,3,1.75,1150,9600,1150,0,1.0,0,0,3,1979,0,0,2014-06-16,309212.0
Seattle,2,1.5,880,1805,880,0,2.0,0,0,3,1999,0,0,2014-06-16,235000.0
Seattle,3,1.5,1720,8100,1720,0,2.0,0,0,3,1907,0,0,2014-06-16,667000.0
Bellevue,3,1.5,1510,8000,1510,0,1.0,0,0,4,1956,0,0,2014-06-16,470000.0
Seattle,4,2.0,1240,3000,1040,200,1.0,0,0,3,1908,0,0,2014-06-16,375000.0
Kirkland,4,2.0,1580,9581,1580,0,1.0,0,0,3,1953,0,0,2014-06-16,410000.0
Sammamish,4,2.25,2170,7737,2170,0,2.0,0,0,3,1987,0,0,2014-06-16,566000.0
Redmond,4,2.75,2500,4950,2500,0,2.0,0,0,3,2010,0,0,2014-06-16,680000.0
Seattle,1,1.0,960,2640,760,200,1.0,0,0,3,1908,0,0,2014-06-16,332000.0
Kirkland,4,2.5,3030,8507,3030,0,2.0,0,0,3,2003,0,0,2014-06-16,902000.0
Mercer Island,3,1.75,1540,10800,770,770,1.0,0,0,5,1947,0,0,2014-06-16,500000.0
Vashon,3,1.75,1890,32340,1890,0,1.5,0,3,3,1976,0,0,2014-06-16,445000.0
Bellevue,4,2.5,2810,9800,1710,1100,1.0,0,0,4,1973,0,0,2014-06-16,825000.0
Seattle,4,4.0,3530,8400,2630,900,2.0,0,0,5,1958,0,0,2014-06-16,1095000.0
Seattle,3,1.0,1100,8536,1100,0,1.0,0,0,4,1957,0,0,2014-06-16,277000.0
Kirkland,3,2.5,1940,9775,1440,500,1.0,0,2,3,1975,0,0,2014-06-16,545000.0
Duvall,3,2.5,2300,9521,2300,0,2.0,0,0,3,2003,0,0,2014-06-16,435000.0
Redmond,3,2.5,2110,3600,2110,0,2.0,0,0,3,2005,0,0,2014-06-16,638000.0
Bellevue,4,1.5,1220,10580,1220,0,1.0,0,0,3,1965,0,0,2014-06-16,418000.0
Redmond,3,1.75,1750,12325,1470,280,1.0,0,0,4,1968,0,0,2014-06-16,499000.0
Burien,3,1.5,1230,8056,1230,0,1.0,0,0,4,1949,0,0,2014-06-16,150000.0
Sammamish,3,2.5,3100,23790,3100,0,2.0,0,0,3,2002,0,0,2014-06-16,759950.0
North Bend,3,2.5,1830,65340,1520,310,1.0,0,0,3,1991,0,0,2014-06-16,427000.0
Redmond,5,2.5,2640,7096,2640,0,2.0,0,0,3,2003,0,0,2014-06-16,632500.0
Seattle,6,1.75,1840,2774,1060,780,1.0,0,0,3,1900,0,0,2014-06-16,660000.0
Woodinville,4,2.5,3190,14565,3190,0,2.0,0,0,3,1990,0,0,2014-06-16,862000.0
Seattle,2,1.0,1120,2000,1120,0,1.5,0,0,3,1910,0,0,2014-06-16,524000.0
Seattle,3,1.5,1760,6723,1160,600,1.0,0,0,3,1958,0,0,2014-06-16,470000.0
Vashon,3,2.0,1590,9912,1590,0,2.0,0,0,3,2000,0,0,2014-06-16,385000.0
Issaquah,4,2.5,2120,9603,2120,0,2.0,0,0,3,1985,0,0,2014-06-16,575000.0
Federal Way,4,2.5,2240,9826,1370,870,1.0,0,0,4,1988,0,0,2014-06-16,220000.0
Seattle,2,1.0,890,2100,760,130,1.0,0,0,4,1919,0,0,2014-06-16,460000.0
Seattle,3,3.25,2940,5432,2440,500,3.0,0,3,4,1978,0,0,2014-06-16,1712500.0
Auburn,3,1.5,1220,7300,1220,0,1.0,0,0,3,1973,0,0,2014-06-16,175000.0
Burien,3,2.25,2670,7500,1640,1030,1.0,0,0,4,1966,0,0,2014-06-16,465000.0
Seattle,3,1.0,1120,2300,820,300,1.0,0,0,4,1912,0,0,2014-06-16,552000.0
Kent,4,2.75,3130,139392,3130,0,2.0,0,0,4,1981,0,0,2014-06-16,565000.0
Redmond,4,2.5,1740,7500,1220,520,1.0,0,0,4,1976,0,0,2014-06-16,518000.0
Kirkland,4,3.5,3290,5414,2360,930,2.0,0,1,3,2006,0,0,2014-06-16,899950.0
Seattle,3,1.0,1770,5720,1140,630,1.5,0,0,4,1926,0,0,2014-06-16,373000.0
Maple Valley,4,2.5,2960,5054,2960,0,2.0,0,0,3,2006,0,0,2014-06-16,385000.0
Seattle,2,1.0,1200,4880,980,220,1.0,0,0,3,1943,0,0,2014-06-16,245000.0
Bothell,4,2.0,2400,6000,2400,0,2.0,0,0,3,1913,1945,1,2014-06-16,375000.0
Sammamish,4,3.5,2690,6164,2690,0,2.0,0,0,3,2002,0,0,2014-06-16,699850.0
Seattle,6,2.25,3550,11780,2960,590,1.0,0,0,4,1948,0,0,2014-06-16,450000.0
Redmond,2,1.5,1310,12196,1310,0,1.5,0,0,3,1970,0,0,2014-06-16,455000.0
Seattle,4,2.75,2610,4160,1910,700,3.0,0,0,5,1910,0,0,2014-06-16,650000.0
Seattle,5,2.5,2760,8015,1600,1160,1.0,0,0,4,1960,0,0,2014-06-16,378000.0
Tukwila,3,2.0,1410,7998,1410,0,1.0,0,0,4,1940,0,0,2014-06-16,220000.0
Federal Way,4,1.75,1960,7950,1960,0,1.0,0,0,4,1967,0,0,2014-06-16,285500.0
Seattle,3,2.5,1212,1174,1212,0,3.0,0,0,3,2004,0,0,2014-06-16,340000.0
Bellevue,4,1.5,2220,9496,1490,730,1.0,0,0,4,1954,0,0,2014-06-16,921000.0
Maple Valley,4,2.5,2040,109336,2040,0,1.5,0,0,4,1973,0,0,2014-06-16,375000.0
Sammamish,4,2.75,2800,19168,2800,0,2.0,0,0,3,1992,0,0,2014-06-16,999000.0
Seattle,3,1.5,2040,6000,1340,700,1.0,0,0,3,1957,0,0,2014-06-16,335000.0
Medina,4,2.5,3070,34412,2070,1000,1.0,0,3,4,1950,0,0,2014-06-16,1920000.0
Vashon,2,1.0,830,26329,830,0,1.0,1,3,4,1928,0,0,2014-06-16,385000.0
Kirkland,4,3.5,4140,7089,3160,980,2.0,0,0,3,2003,0,0,2014-06-16,850000.0
Renton,5,2.5,2340,4500,2340,0,2.0,0,0,3,2009,0,0,2014-06-16,429000.0
Seattle,3,2.25,1420,1282,1420,0,3.0,0,0,3,2006,0,0,2014-06-16,523950.0
Renton,3,2.75,2670,3738,1720,950,1.0,0,0,3,2013,0,0,2014-06-16,798800.0
Kent,3,2.5,1880,6008,1880,0,2.0,0,0,3,2009,0,0,2014-06-16,284000.0
Sammamish,4,3.25,3450,6184,3450,0,2.0,0,0,3,2014,0,0,2014-06-16,852880.0
Seattle,3,2.25,1200,1400,1200,0,3.0,0,0,3,2005,0,0,2014-06-16,320000.0
Bothell,4,3.25,3430,9870,3430,0,2.0,0,0,3,2014,0,0,2014-06-16,749995.0
Seattle,3,2.5,1350,1186,1120,230,2.0,0,0,3,2007,0,0,2014-06-16,468500.0
Duvall,5,2.5,2570,9962,2570,0,2.0,0,0,3,2006,0,0,2014-06-16,492500.0
Seattle,4,3.5,2840,4637,2840,0,3.0,0,0,3,2008,0,0,2014-06-16,685000.0
Renton,4,2.5,2650,5600,2650,0,2.0,0,0,3,2014,0,0,2014-06-16,542525.0
Seattle,3,2.0,1980,2674,1980,0,3.0,0,0,3,2007,0,0,2014-06-16,435000.0
Kent,3,1.75,1280,7524,1280,0,1.5,0,0,4,1988,0,0,2014-06-17,242000.0
Federal Way,4,2.5,2610,7091,2610,0,2.0,0,0,3,1987,0,0,2014-06-17,325000.0
Redmond,5,2.75,3010,12611,3010,0,2.0,0,0,3,1994,0,0,2014-06-17,837700.0
Seattle,1,1.0,930,7129,930,0,1.0,0,0,3,1948,0,0,2014-06-17,210000.0
Federal Way,3,1.5,1180,7000,1180,0,1.0,0,0,4,1977,0,0,2014-06-17,187500.0
Seattle,5,1.0,1710,9100,1320,390,1.5,0,0,4,1926,0,0,2014-06-17,560000.0
Auburn,3,2.0,1380,7476,1380,0,1.0,0,0,3,1989,0,0,2014-06-17,272000.0
Auburn,3,1.75,1190,7280,1190,0,1.0,0,0,4,1968,0,0,2014-06-17,235000.0
Kent,3,2.0,1870,5909,1270,600,1.0,0,0,3,1986,0,0,2014-06-17,259000.0
Bellevue,5,3.5,3130,4797,2570,560,2.0,0,0,3,2014,0,0,2014-06-17,866059.0
Seattle,2,1.0,900,5100,900,0,1.0,0,0,4,1909,0,0,2014-06-17,473000.0
Lake Forest Park,3,1.5,1880,7400,1480,400,1.0,0,0,3,1968,0,0,2014-06-17,405000.0
Seattle,4,4.25,3010,4887,1940,1070,2.0,0,3,4,1951,1996,1,2014-06-17,870000.0
Seattle,3,2.25,2280,5750,1150,1130,1.0,0,1,4,1985,0,0,2014-06-17,475000.0
Renton,3,2.5,2970,21907,2970,0,2.0,0,0,3,1998,2006,1,2014-06-17,499500.0
Snoqualmie,2,2.5,1620,3196,1620,0,2.0,0,0,3,2008,0,0,2014-06-17,386000.0
Seattle,4,1.5,1550,3000,1350,200,1.5,0,0,3,1918,0,0,2014-06-17,458000.0
Vashon,3,1.75,2240,78225,2240,0,2.0,0,0,5,1976,0,0,2014-06-17,550000.0
Woodinville,3,2.5,2830,6536,2830,0,2.0,0,0,3,1989,0,0,2014-06-17,605500.0
SeaTac,3,2.5,2890,21780,2890,0,2.0,0,0,3,2000,0,0,2014-06-17,421000.0
Issaquah,4,2.25,1990,5948,1990,0,2.0,0,0,3,1991,0,0,2014-06-17,536000.0
Covington,3,1.75,1370,8719,1370,0,1.0,0,0,3,1982,0,0,2014-06-17,247200.0
Kirkland,2,1.5,1088,1360,1088,0,2.0,0,0,3,1983,0,0,2014-06-17,250000.0
Federal Way,4,1.75,1740,9344,1180,560,1.0,0,0,3,1978,0,0,2014-06-17,204950.0
Issaquah,3,2.0,1730,9000,1370,360,1.0,0,0,3,1978,0,0,2014-06-17,430000.0
Maple Valley,4,2.5,1800,8100,1800,0,2.0,0,0,3,1998,0,0,2014-06-17,250000.0
Tukwila,3,1.75,1440,12888,1090,350,1.0,0,2,3,1958,0,0,2014-06-17,260000.0
Seattle,4,1.0,1720,2800,1200,520,1.5,0,0,4,1926,0,0,2014-06-17,547000.0
Seattle,5,3.5,2800,7350,2800,0,2.0,0,0,3,1995,0,0,2014-06-17,379900.0
Redmond,3,2.5,2300,6009,2300,0,1.0,0,0,3,2005,0,0,2014-06-17,738500.0
Redmond,4,2.25,2030,11585,1590,440,1.0,0,0,4,1967,0,0,2014-06-17,545000.0
Seattle,2,1.0,740,6180,740,0,1.0,0,0,3,1948,0,0,2014-06-17,342000.0
Mercer Island,5,6.75,9640,13068,4820,4820,1.0,1,4,3,1983,2009,1,2014-06-17,4668000.0
SeaTac,4,1.0,1920,13787,1220,700,1.0,0,0,4,1966,0,0,2014-06-17,170000.0
Sammamish,4,2.5,2490,12929,2490,0,2.0,0,0,3,1983,0,0,2014-06-17,616000.0
Seattle,3,2.0,1380,4800,1380,0,1.0,0,0,3,1948,0,0,2014-06-17,640000.0
Renton,3,2.5,1530,9406,1270,260,1.0,0,0,3,1993,0,0,2014-06-17,332000.0
Seattle,3,3.25,2420,1923,1840,580,2.0,0,2,3,2006,0,0,2014-06-17,1010000.0
Kent,4,2.5,2150,37647,2150,0,2.0,0,0,3,1991,0,0,2014-06-17,380000.0
Newcastle,4,2.0,1610,9600,1610,0,1.0,0,0,5,1967,0,0,2014-06-17,415000.0
Seattle,4,3.5,2650,3060,2060,590,2.0,0,0,3,2001,0,0,2014-06-17,1008000.0
Woodinville,4,2.75,2700,35362,2700,0,2.0,0,0,5,1976,0,0,2014-06-17,669000.0
Lake Forest Park,3,1.5,1270,20700,1150,120,1.0,0,0,2,1948,0,0,2014-06-17,260000.0
Redmond,4,2.75,3150,38865,2480,670,1.0,0,0,3,1986,0,0,2014-06-17,854000.0
Redmond,3,2.25,2010,10760,2010,0,2.0,0,0,3,1985,0,0,2014-06-17,605000.0
Seattle,3,1.0,860,5060,860,0,1.5,0,0,3,1927,0,0,2014-06-17,320000.0
Renton,3,2.0,1410,7466,1410,0,1.0,0,0,3,1983,0,0,2014-06-17,229950.0
Kent,3,1.75,1700,7532,1700,0,1.0,0,0,3,1987,0,0,2014-06-17,255000.0
Bellevue,4,2.5,2570,6251,2570,0,2.0,0,0,3,2000,0,0,2014-06-17,1170000.0
Seattle,2,2.25,1230,932,1020,210,2.0,0,0,3,2004,0,0,2014-06-17,479000.0
Newcastle,4,3.5,4170,9748,4170,0,2.0,0,0,3,2004,0,0,2014-06-17,1200000.0
Seattle,3,2.5,1180,1262,1180,0,3.0,0,0,3,2010,0,0,2014-06-17,472000.0
Federal Way,3,1.5,1430,7347,820,610,1.0,0,0,3,1980,0,0,2014-06-17,198000.0
Kirkland,4,2.0,1450,8400,1450,0,1.5,0,0,4,1962,0,0,2014-06-17,440000.0
Shoreline,3,1.75,2180,7700,1480,700,1.0,0,0,3,1961,0,0,2014-06-17,506000.0
Kent,4,2.5,2210,7079,2210,0,2.0,0,0,3,1993,0,0,2014-06-17,382500.0
Renton,2,1.5,1480,7276,940,540,1.0,0,0,4,1978,0,0,2014-06-17,269500.0
Seattle,3,2.0,2340,3477,1170,1170,1.0,0,1,5,1971,0,0,2014-06-17,560000.0
Woodinville,4,3.5,3860,18334,3120,740,2.0,0,0,3,1996,0,0,2014-06-17,840000.0
Snoqualmie,3,2.75,2300,4637,2300,0,2.0,0,0,3,2008,0,0,2014-06-17,479500.0
Kirkland,3,1.5,1450,7375,1010,440,1.0,0,0,3,1968,0,0,2014-06-17,402000.0
Seattle,2,2.5,1380,953,1380,0,3.0,0,0,3,2006,0,0,2014-06-17,549000.0
Snoqualmie,4,2.5,2470,3811,2470,0,2.0,0,0,3,1999,0,0,2014-06-17,449950.0
Kirkland,4,1.75,2030,18295,2030,0,1.5,0,0,4,1975,0,0,2014-06-17,493000.0
Burien,4,0.75,1440,13300,1440,0,1.0,0,0,3,1948,0,0,2014-06-17,142500.0
Auburn,3,1.75,1160,6134,1160,0,1.0,0,0,3,1998,0,0,2014-06-17,250000.0
Seattle,3,1.0,1580,3840,1580,0,2.0,0,0,3,1908,0,0,2014-06-17,729000.0
Seattle,2,2.75,1430,1425,995,435,2.0,0,0,3,2006,0,0,2014-06-17,465000.0
Vashon,2,2.0,1494,19271,1494,0,2.0,1,4,3,1943,1997,1,2014-06-17,465000.0
Kent,4,2.25,1930,7207,1360,570,1.0,0,0,4,1988,0,0,2014-06-17,280000.0
Seattle,6,1.75,2740,6360,1370,1370,1.0,0,3,3,1953,0,0,2014-06-17,675000.0
Seattle,3,2.0,1880,3800,1030,850,1.0,0,0,5,1927,0,0,2014-06-17,667500.0
Bellevue,3,2.5,2590,7720,2590,0,2.0,0,0,3,1988,0,0,2014-06-17,809000.0
Duvall,3,2.25,2140,11266,2140,0,2.0,0,0,3,1986,0,0,2014-06-17,400000.0
Seattle,4,2.0,1870,6000,1870,0,1.5,0,0,3,1956,0,0,2014-06-17,310000.0
Seattle,2,1.0,1230,3800,1230,0,1.0,0,0,3,1928,0,0,2014-06-17,435000.0
Renton,4,2.5,2340,6896,2340,0,2.0,0,0,3,2001,0,0,2014-06-17,465950.0
Kirkland,3,2.25,2880,7599,1710,1170,1.0,0,2,3,1958,2002,1,2014-06-17,1538000.0
Seattle,3,1.5,880,6600,880,0,1.0,0,0,5,1945,0,0,2014-06-17,253000.0
Auburn,3,2.5,3040,7232,3040,0,2.0,0,0,3,2003,0,0,2014-06-17,330000.0
Seattle,4,1.0,1120,7104,1120,0,1.5,0,0,3,1946,0,0,2014-06-17,554000.0
Seattle,3,2.0,1380,3600,1380,0,3.0,0,0,3,2013,0,0,2014-06-17,350000.0
Kent,4,2.5,1660,9760,1660,0,2.0,0,0,3,1994,0,0,2014-06-17,294999.0
Seattle,3,2.75,2500,5568,2500,0,2.0,0,0,5,1905,0,0,2014-06-17,1185001.0
Newcastle,4,2.5,2940,10382,2940,0,2.0,0,0,4,1991,0,0,2014-06-17,752000.0
Issaquah,4,2.5,1670,3315,1670,0,2.0,0,0,3,2005,0,0,2014-06-17,451000.0
Redmond,4,2.75,2630,7505,2630,0,2.0,0,0,3,1994,0,0,2014-06-17,725000.0
Renton,4,2.75,2250,7412,1480,770,1.0,0,0,4,1975,0,0,2014-06-17,345000.0
Auburn,3,1.0,1320,7000,1320,0,1.0,0,0,4,1967,0,0,2014-06-17,206000.0
Mercer Island,4,3.75,4100,22798,2540,1560,1.5,0,3,5,1934,1979,1,2014-06-17,2027000.0
Seattle,3,3.25,4340,4947,3060,1280,2.0,0,3,3,1993,0,0,2014-06-17,2475000.0
Bellevue,4,3.0,3700,20570,1850,1850,1.0,0,0,4,1976,0,0,2014-06-17,1728000.0
Bellevue,5,2.0,2700,10875,1540,1160,1.0,0,0,4,1962,0,0,2014-06-17,580000.0
Seattle,3,1.0,980,7200,980,0,1.0,0,0,4,1950,0,0,2014-06-17,430000.0
Kirkland,4,2.5,2650,11520,2110,540,2.0,0,0,3,1988,0,0,2014-06-17,720000.0
Seattle,7,4.25,3670,4000,2800,870,2.0,0,1,3,1964,0,0,2014-06-17,824000.0
Seattle,3,1.75,2960,12420,1480,1480,1.0,0,2,4,1952,0,0,2014-06-17,936000.0
Renton,4,2.75,3070,7201,3070,0,2.0,0,0,3,2006,0,0,2014-06-17,535000.0
Kent,3,2.5,1413,3600,1413,0,2.0,0,0,3,2011,0,0,2014-06-17,286800.0
Seattle,2,2.5,1260,1347,1260,0,3.0,0,0,3,2005,0,0,2014-06-17,350000.0
Shoreline,3,2.5,1680,2229,1680,0,2.0,0,0,3,2007,0,0,2014-06-17,345000.0
Seattle,3,2.25,1230,1238,1080,150,2.0,0,0,3,2009,0,0,2014-06-17,435000.0
Seattle,3,3.5,4360,6240,2960,1400,2.0,0,3,3,2008,0,0,2014-06-17,1555000.0
Sammamish,4,4.0,4420,16526,4420,0,2.0,0,0,3,2013,0,0,2014-06-17,1325000.0
Renton,3,3.25,2770,6278,1980,790,2.0,0,0,3,2006,0,0,2014-06-18,461000.0
Redmond,3,2.25,2910,10204,2910,0,2.0,0,0,3,1990,0,0,2014-06-18,770000.0
Bellevue,4,3.25,4290,12103,2690,1600,1.0,0,3,3,1997,0,0,2014-06-18,1384000.0
Duvall,3,2.5,1600,26977,1600,0,2.0,0,0,3,2005,0,0,2014-06-18,330000.0
Maple Valley,4,2.5,1820,6753,1820,0,2.0,0,0,3,1994,0,0,2014-06-18,322500.0
Fall City,6,5.0,6050,230652,6050,0,2.0,0,3,3,2001,0,0,2014-06-18,1600000.0
Seattle,3,1.75,1700,8432,1230,470,1.0,0,0,3,1977,0,0,2014-06-18,475000.0
Normandy Park,2,1.0,790,11234,790,0,1.0,0,0,4,1942,0,0,2014-06-18,250275.0
Federal Way,3,2.25,1720,9000,1320,400,1.0,0,0,4,1969,0,0,2014-06-18,274500.0
Renton,3,1.0,990,10723,990,0,1.0,0,0,5,1960,0,0,2014-06-18,284950.0
Covington,4,1.75,1770,9011,1050,720,1.0,0,0,5,1983,0,0,2014-06-18,264950.0
Maple Valley,3,2.0,1260,8092,1260,0,1.0,0,0,3,1986,0,0,2014-06-18,242000.0
Sammamish,4,2.5,3640,10576,3640,0,2.0,0,0,3,1999,0,0,2014-06-18,913000.0
Seattle,3,1.75,2040,6000,1120,920,1.0,0,0,5,1958,0,0,2014-06-18,555000.0
Mercer Island,4,1.75,1980,10800,990,990,1.0,0,0,5,1948,0,0,2014-06-18,711000.0
Normandy Park,5,2.5,3600,17300,2410,1190,1.0,0,0,4,1968,0,0,2014-06-18,403500.0
Redmond,4,2.5,4270,43386,2680,1590,1.0,0,0,3,1991,0,0,2014-06-18,975000.0
SeaTac,4,2.0,2030,9600,1430,600,1.5,0,0,3,1947,0,0,2014-06-18,253779.0
Seattle,3,3.25,1689,1388,1689,0,3.0,0,0,3,2008,0,0,2014-06-18,384400.0
Seattle,5,2.75,2870,4461,1650,1220,1.0,0,0,3,1976,0,0,2014-06-18,646000.0
Seattle,3,1.75,1270,4800,1270,0,1.0,0,0,3,1952,2014,1,2014-06-18,415000.0
Sammamish,4,2.5,2790,7938,2790,0,2.0,0,0,3,1997,0,0,2014-06-18,764000.0
Auburn,5,3.25,3850,16249,3030,820,2.0,0,2,3,2002,0,0,2014-06-18,507000.0
Seattle,3,2.5,1560,9361,1360,200,1.5,0,0,4,1936,0,0,2014-06-18,545500.0
Seattle,3,1.75,1180,4080,760,420,1.0,0,0,4,1928,0,0,2014-06-18,450000.0
Kent,4,1.75,1820,8118,1080,740,1.0,0,0,4,1980,0,0,2014-06-18,264000.0
Seattle,5,1.75,1260,4500,1260,0,1.5,0,0,3,1926,0,0,2014-06-18,650000.0
Renton,3,2.5,2640,6715,1680,960,2.0,0,0,3,1991,0,0,2014-06-18,365000.0
Seattle,2,1.0,1100,4200,1100,0,1.0,0,0,3,1954,0,0,2014-06-18,343566.0
Shoreline,3,2.5,1950,6871,1950,0,2.0,0,0,3,1997,0,0,2014-06-18,375000.0
Des Moines,3,2.0,1380,8682,1380,0,1.0,0,0,4,1966,0,0,2014-06-18,295000.0
Renton,3,2.75,2200,7000,1280,920,1.0,0,0,4,1977,0,0,2014-06-18,325000.0
Auburn,4,1.5,2050,7100,1050,1000,1.0,0,0,3,1963,0,0,2014-06-18,265000.0
Duvall,5,3.0,2795,15101,2795,0,2.0,0,0,3,1996,0,0,2014-06-18,562000.0
Woodinville,4,2.5,2050,34222,2050,0,2.0,0,0,4,1989,0,0,2014-06-18,540000.0
Bellevue,4,3.0,6430,27517,6430,0,2.0,0,0,3,2001,0,0,2014-06-18,4489000.0
Kent,5,1.75,2150,7171,1460,690,1.0,0,0,4,1970,0,0,2014-06-18,279950.0
Shoreline,3,1.75,1970,8200,1420,550,1.0,0,0,5,1963,0,0,2014-06-18,540000.0
Federal Way,4,2.5,2660,12672,1740,920,1.0,0,0,4,1960,0,0,2014-06-18,310000.0
Seattle,1,1.0,720,4800,720,0,1.0,0,0,3,1914,0,0,2014-06-18,190000.0
Snoqualmie,4,2.5,2410,4780,2410,0,2.0,0,0,3,2000,0,0,2014-06-18,440000.0
Seattle,3,2.0,2020,5500,1790,230,1.5,0,3,3,1937,0,0,2014-06-18,1400000.0
Renton,2,1.0,1080,9435,1080,0,1.0,0,0,3,1958,0,0,2014-06-18,230000.0
North Bend,3,1.75,1180,14292,1180,0,1.0,0,0,3,1981,0,0,2014-06-18,455000.0
Seattle,2,1.0,660,5000,660,0,1.0,0,0,3,1915,0,0,2014-06-18,175000.0
Bellevue,3,1.75,2920,9370,1620,1300,1.0,0,0,4,1981,0,0,2014-06-18,650000.0
Kirkland,4,4.25,4850,12445,3850,1000,2.0,1,4,5,1989,0,0,2014-06-18,3000000.0
Tukwila,3,1.0,1080,8580,1080,0,1.5,0,0,3,1900,0,0,2014-06-18,192500.0
Federal Way,3,1.75,1670,6900,1170,500,1.0,0,0,3,1978,0,0,2014-06-18,239950.0
Seattle,6,1.0,1370,5080,1120,250,1.5,0,0,3,1931,0,0,2014-06-18,175000.0
Kirkland,5,3.5,3450,28324,2350,1100,1.0,0,0,5,1972,0,0,2014-06-18,850000.0
Burien,4,2.0,1970,10500,1820,150,1.0,0,0,3,1961,0,0,2014-06-18,410000.0
Issaquah,4,2.5,2290,6738,2290,0,2.0,0,0,3,1996,0,0,2014-06-18,570000.0
Shoreline,5,2.5,2240,7543,1140,1100,1.0,0,0,3,1966,0,0,2014-06-18,469000.0
Seattle,2,1.0,1240,6400,1060,180,1.0,0,1,4,1938,0,0,2014-06-18,559000.0
Sammamish,3,2.5,2420,43177,1690,730,2.0,0,4,4,1989,0,0,2014-06-18,739888.0
Kent,5,3.5,3260,58806,3260,0,2.0,0,0,4,1969,0,0,2014-06-18,568450.0
Seattle,2,1.0,670,10920,670,0,1.0,0,0,3,1942,0,0,2014-06-18,240000.0
Issaquah,5,3.25,3160,10000,3160,0,2.0,0,0,4,1980,0,0,2014-06-18,574950.0
Des Moines,3,2.25,1990,6350,1990,0,2.0,0,0,3,1967,0,0,2014-06-18,180000.0
Bellevue,4,3.5,4680,9700,3360,1320,2.0,0,0,3,2005,0,0,2014-06-18,1160000.0
Seattle,3,2.5,1700,3575,1700,0,2.0,0,0,3,2000,0,0,2014-06-18,300000.0
Kenmore,4,2.5,2807,9430,2807,0,2.0,0,0,3,1996,0,0,2014-06-18,630000.0
Redmond,4,1.75,1770,9375,1170,600,1.0,0,0,4,1968,0,0,2014-06-18,507000.0
Federal Way,4,2.5,2570,9000,1590,980,1.0,0,0,4,1979,0,0,2014-06-18,287500.0
Sammamish,3,3.0,3450,16200,3450,0,2.0,0,0,3,1983,0,0,2014-06-18,688000.0
Kirkland,3,2.0,1670,7700,1170,500,1.0,0,0,3,1972,0,0,2014-06-18,424000.0
Seattle,3,1.75,1050,6150,950,100,1.5,0,0,4,1928,0,0,2014-06-18,400000.0
Issaquah,4,2.5,1910,7683,1910,0,2.0,0,0,3,1987,0,0,2014-06-18,620000.0
Kirkland,3,1.0,910,7700,910,0,1.0,0,0,4,1971,0,0,2014-06-18,300000.0
Sammamish,5,2.25,2480,12070,2480,0,2.0,0,0,3,1978,0,0,2014-06-18,615000.0
Tukwila,2,1.5,1820,8867,1820,0,2.0,0,0,3,1921,0,0,2014-06-18,206000.0
Duvall,4,2.5,2920,7700,2920,0,2.0,0,0,3,2003,0,0,2014-06-18,515500.0
Lake Forest Park,5,2.25,1870,11411,1170,700,1.0,0,0,4,1961,0,0,2014-06-18,554000.0
Seattle,4,3.5,3810,9792,3810,0,2.0,0,0,3,1938,2013,1,2014-06-18,825000.0
Seattle,4,2.25,2190,4080,1800,390,2.0,0,0,3,1918,0,0,2014-06-18,855000.0
Maple Valley,3,2.5,1730,6368,1730,0,2.0,0,0,3,1993,0,0,2014-06-18,315000.0
Renton,5,2.5,2220,9360,1110,1110,1.0,0,0,4,1968,0,0,2014-06-18,299000.0
Bellevue,3,1.5,1320,8114,1320,0,1.0,0,0,3,1951,0,0,2014-06-18,650000.0
Seattle,3,1.75,1510,4800,860,650,1.0,0,2,3,1925,2011,1,2014-06-18,465000.0
Redmond,3,2.0,2120,4080,2120,0,2.0,0,0,3,2003,0,0,2014-06-18,535000.0
Redmond,2,2.0,1690,4500,1690,0,1.0,0,0,3,2004,0,0,2014-06-18,564000.0
Seattle,3,3.5,1360,1419,1040,320,2.0,0,0,3,2007,0,0,2014-06-18,515000.0
Renton,4,2.5,3250,5000,3250,0,2.0,0,0,3,2008,0,0,2014-06-18,580000.0
Seattle,3,2.25,1490,1294,1220,270,2.0,0,0,3,2010,0,0,2014-06-18,309000.0
Snoqualmie,3,1.75,1930,6360,1930,0,1.0,0,0,3,2013,0,0,2014-06-18,536751.0
Renton,4,2.5,2020,5501,2020,0,2.0,0,0,3,2010,0,0,2014-06-18,415000.0
Auburn,3,2.25,1584,2800,1584,0,2.0,0,0,3,2012,0,0,2014-06-18,267000.0
Kirkland,4,2.5,3170,8523,3170,0,2.0,0,0,3,2008,0,0,2014-06-18,820000.0
Kirkland,4,2.75,3870,10046,3870,0,2.0,0,0,3,2005,0,0,2014-06-18,1399950.0
Seattle,2,2.5,1430,923,1410,20,3.0,0,0,3,2008,0,0,2014-06-18,485000.0
Seattle,3,3.25,1380,1120,1380,0,3.0,0,0,3,2008,0,0,2014-06-18,482000.0
Kenmore,4,2.5,2610,4595,2610,0,2.0,0,0,3,2008,0,0,2014-06-18,535000.0
Seattle,3,3.25,1540,1428,1540,0,3.0,0,0,3,2013,0,0,2014-06-18,690000.0
Seattle,3,2.5,1940,9000,970,970,1.0,0,0,4,1948,0,0,2014-06-19,576000.0
Seattle,3,2.5,2160,3000,1260,900,1.5,0,0,3,1909,2011,1,2014-06-19,378750.0
Renton,4,1.75,1530,8750,1530,0,1.5,0,0,4,1968,0,0,2014-06-19,269900.0
Auburn,3,2.0,1440,7210,1440,0,1.0,0,0,3,1983,0,0,2014-06-19,210000.0
Renton,4,2.5,2640,8625,2640,0,2.0,0,0,3,1987,0,0,2014-06-19,429900.0
Seattle,4,3.25,3620,5131,2350,1270,2.0,0,3,4,1927,0,0,2014-06-19,1525000.0
Maple Valley,4,2.5,2850,4650,2850,0,2.0,0,0,3,2004,0,0,2014-06-19,360000.0
Seattle,2,1.0,1260,4377,1260,0,1.0,0,0,4,1947,0,0,2014-06-19,405000.0
Kirkland,3,1.75,1610,11200,1610,0,1.0,0,0,3,1955,0,0,2014-06-19,450000.0
Seattle,3,2.0,1360,5980,1360,0,1.5,0,0,3,1945,2008,1,2014-06-19,703000.0
Redmond,4,2.5,2496,8058,2496,0,2.0,0,0,3,1998,0,0,2014-06-19,661000.0
Bellevue,4,2.25,2160,9593,2160,0,1.0,0,0,3,1969,0,0,2014-06-19,580000.0
Seattle,3,1.0,1320,3625,1320,0,2.0,0,0,3,1900,0,0,2014-06-19,464000.0
Seattle,2,2.5,2540,7089,2540,0,2.0,0,0,3,2004,0,0,2014-06-19,945000.0
Bellevue,4,3.0,2620,18362,1870,750,1.0,0,0,4,1956,0,0,2014-06-19,659500.0
Tukwila,3,1.5,1140,8340,1140,0,1.0,0,0,3,1960,0,0,2014-06-19,200000.0
Auburn,3,2.0,1790,42399,1790,0,1.0,0,0,4,1990,0,0,2014-06-19,280000.0
Seattle,4,2.5,2440,3600,2440,0,2.5,0,0,4,1902,0,0,2014-06-19,1325000.0
Renton,3,2.0,2140,7200,1480,660,1.0,0,0,4,1966,0,0,2014-06-19,346150.0
Enumclaw,3,1.0,1330,5412,1330,0,2.0,0,0,5,1905,0,0,2014-06-19,197500.0
Seattle,4,2.5,2590,7910,2590,0,2.0,0,0,3,2001,0,0,2014-06-19,799000.0
Seattle,4,4.5,4750,13912,3600,1150,2.0,0,2,3,2005,0,0,2014-06-19,1309500.0
Kirkland,2,1.0,1620,9205,850,770,1.0,0,0,5,1921,0,0,2014-06-19,350000.0
Redmond,4,2.5,2440,34290,2440,0,2.0,0,0,3,1987,0,0,2014-06-19,720000.0
Normandy Park,3,2.75,2020,10744,1270,750,1.0,0,0,5,1954,0,0,2014-06-19,519000.0
Seattle,3,1.5,1470,7200,1470,0,2.0,0,0,4,1907,0,0,2014-06-19,590300.0
Issaquah,5,4.75,5990,10450,4050,1940,2.0,1,4,3,2002,0,0,2014-06-19,2200000.0
Lake Forest Park,6,2.75,2520,9324,1320,1200,1.0,0,0,4,1962,0,0,2014-06-19,410000.0
Redmond,2,1.75,1440,4225,1440,0,1.0,0,0,3,2005,0,0,2014-06-19,437000.0
Federal Way,3,2.25,1640,7350,1140,500,1.0,0,0,3,1984,0,0,2014-06-19,221000.0
Kenmore,4,2.25,2150,20181,1090,1060,1.0,0,0,3,1963,0,0,2014-06-19,380000.0
Seattle,2,1.0,1570,8210,1150,420,1.0,0,0,4,1952,0,0,2014-06-19,506000.0
Issaquah,4,1.0,1980,10350,1430,550,1.0,0,0,4,1968,0,0,2014-06-19,395000.0
Seattle,3,1.0,1210,4731,1210,0,1.5,0,0,3,1901,0,0,2014-06-19,285000.0
Seattle,3,1.75,1900,3000,1070,830,1.5,0,0,5,1903,0,0,2014-06-19,311000.0
Maple Valley,3,1.75,1940,219527,1940,0,1.0,0,0,3,1991,0,0,2014-06-19,520000.0
Seattle,3,1.75,1310,8065,1310,0,1.0,0,0,4,1948,0,0,2014-06-19,435000.0
Kent,2,1.0,990,39964,990,0,1.0,0,0,2,1945,0,0,2014-06-19,120000.0
Seattle,3,3.5,3870,3819,2760,1110,2.0,0,0,3,2002,0,0,2014-06-19,1440000.0
Auburn,3,2.0,1340,4320,920,420,1.0,0,0,3,1912,1993,1,2014-06-19,186000.0
Seattle,4,2.25,2160,5600,1080,1080,1.0,0,0,5,1947,0,0,2014-06-19,756000.0
Seattle,4,2.0,2080,13510,1040,1040,1.0,0,0,3,1950,0,0,2014-06-19,248000.0
SeaTac,3,2.0,1300,11374,1300,0,1.5,0,0,5,1933,0,0,2014-06-19,287000.0
Lake Forest Park,4,2.5,2610,8031,2610,0,2.0,0,0,3,1998,0,0,2014-06-19,510000.0
Kent,3,1.0,1050,8498,1050,0,1.0,0,0,4,1959,0,0,2014-06-19,249000.0
Renton,3,2.5,2480,6112,2480,0,2.0,0,0,3,2004,0,0,2014-06-19,340000.0
Seattle,4,2.25,1820,8255,1320,500,1.5,0,0,4,1930,0,0,2014-06-19,399888.0
Redmond,3,1.75,1170,8740,1170,0,1.0,0,0,4,1968,0,0,2014-06-19,440000.0
Seattle,4,2.25,2370,6000,1440,930,1.0,0,2,3,1959,0,0,2014-06-19,899000.0
Burien,5,3.75,3090,7415,3090,0,2.0,0,0,3,2014,0,0,2014-06-19,540500.0
Kent,3,1.75,2310,11200,1630,680,1.0,0,0,4,1978,0,0,2014-06-19,385000.0
Bellevue,4,2.25,2060,10358,1320,740,1.0,0,0,4,1962,0,0,2014-06-19,558000.0
Enumclaw,3,2.0,2540,237402,2540,0,1.0,0,0,3,2007,0,0,2014-06-19,600000.0
Renton,4,2.5,2400,7693,2400,0,2.0,0,0,3,2003,0,0,2014-06-19,450000.0
Federal Way,3,1.0,1320,8450,880,440,1.0,0,0,3,1961,0,0,2014-06-19,232500.0
Seattle,2,1.0,790,6600,790,0,1.0,0,0,3,1949,0,0,2014-06-19,436000.0
Des Moines,4,2.0,1790,14690,1670,120,1.0,0,1,4,1960,0,0,2014-06-19,240000.0
Kirkland,3,2.25,1820,7326,1820,0,2.0,0,0,3,1983,0,0,2014-06-19,489950.0
Seattle,6,2.0,1670,3000,900,770,1.0,0,0,5,1911,0,0,2014-06-19,680000.0
Newcastle,5,3.5,3990,9938,3990,0,2.0,0,0,3,2001,0,0,2014-06-19,1068000.0
Shoreline,3,2.0,1430,6000,1430,0,1.0,0,0,5,1945,0,0,2014-06-19,352450.0
Enumclaw,4,2.0,2030,103672,2030,0,1.0,0,0,4,1969,0,0,2014-06-19,335000.0
Seattle,4,1.75,1290,3060,1290,0,2.0,0,0,4,1906,0,0,2014-06-19,549000.0
Bellevue,4,3.5,3820,13224,3280,540,2.0,0,0,3,1990,0,0,2014-06-19,1240000.0
Seattle,4,3.25,2520,3360,1550,970,1.5,0,0,4,1931,0,0,2014-06-19,618250.0
Mercer Island,5,3.0,3880,13000,3880,0,2.0,0,0,3,1972,2003,1,2014-06-19,1815000.0
Seattle,2,1.75,1590,5136,1320,270,1.5,0,3,3,1927,0,0,2014-06-19,850000.0
Seattle,5,2.0,3530,9385,3530,0,1.5,0,0,3,1925,0,0,2014-06-19,930000.0
Issaquah,3,2.5,1610,4611,1610,0,2.0,0,0,3,1996,0,0,2014-06-19,505000.0
Redmond,4,2.5,3280,209088,3280,0,2.0,0,0,3,1994,0,0,2014-06-19,925000.0
Federal Way,3,1.75,1860,15681,1860,0,1.0,0,0,4,1971,0,0,2014-06-19,275000.0
Seattle,3,1.75,1840,5000,920,920,1.0,0,0,4,1910,0,0,2014-06-19,499000.0
Seattle,3,2.5,2120,7201,2120,0,2.0,0,0,3,2003,0,0,2014-06-19,507000.0
Bellevue,4,2.5,2270,9247,1500,770,1.0,0,0,5,1972,0,0,2014-06-19,619850.0
Carnation,3,2.5,2840,48716,1870,970,1.0,0,3,3,1994,0,0,2014-06-19,500000.0
Carnation,4,1.5,1220,9600,1220,0,1.0,0,0,3,1980,0,0,2014-06-19,310000.0
Seattle,4,2.5,2310,4079,2310,0,2.0,0,0,3,2008,0,0,2014-06-19,646000.0
Federal Way,3,1.75,1840,7300,1840,0,1.0,0,0,3,1966,0,0,2014-06-19,265000.0
Seattle,3,2.5,950,1110,950,0,2.0,0,0,3,2003,0,0,2014-06-19,475000.0
Kirkland,4,2.25,3070,8400,3070,0,2.0,0,0,4,1970,0,0,2014-06-19,600000.0
Maple Valley,3,2.0,1730,38884,1730,0,1.0,0,0,3,1997,0,0,2014-06-19,470000.0
Seattle,2,1.0,920,8341,920,0,1.0,0,0,3,1939,0,0,2014-06-19,319950.0
Sammamish,3,2.75,3200,6699,3200,0,2.0,0,0,3,2004,0,0,2014-06-19,712000.0
Sammamish,4,2.75,3010,15992,3010,0,2.0,0,0,3,1996,0,0,2014-06-19,775000.0
Kirkland,3,2.25,1600,10240,1090,510,1.0,0,0,3,1979,0,0,2014-06-19,390000.0
Kirkland,4,2.5,2840,11044,2840,0,2.0,0,0,3,2001,0,0,2014-06-19,585000.0
Bellevue,3,2.5,2430,10500,2430,0,2.0,0,1,3,1989,0,0,2014-06-19,1027000.0
Auburn,3,1.75,1750,11461,1750,0,2.0,0,0,4,1976,0,0,2014-06-19,232603.0
Seattle,3,2.25,1240,949,1240,0,3.0,0,0,3,2008,0,0,2014-06-19,543000.0
Seattle,3,3.25,1530,1612,1530,0,3.0,0,0,3,2006,0,0,2014-06-19,607500.0
Newcastle,3,3.5,3390,10078,3040,350,2.0,0,0,3,2012,0,0,2014-06-19,750000.0
Redmond,3,2.5,2320,6775,2320,0,1.0,0,0,3,2008,0,0,2014-06-19,728050.0
Redmond,4,2.5,2650,6884,2650,0,2.0,0,0,3,2012,0,0,2014-06-19,734990.0
Federal Way,3,2.5,2238,7209,2238,0,2.0,0,0,3,2011,0,0,2014-06-19,330000.0
Newcastle,4,2.5,2620,7553,2620,0,2.0,0,0,3,1996,0,0,2014-06-20,605000.0
Kirkland,3,2.75,1910,7280,1160,750,1.0,0,0,3,1979,0,0,2014-06-20,441000.0
Redmond,4,2.5,3040,6587,3040,0,2.0,0,0,3,2003,0,0,2014-06-20,650000.0
Mercer Island,7,3.5,4640,15235,2860,1780,2.0,0,1,3,1965,2003,1,2014-06-20,1950000.0
Seattle,3,1.0,1500,4000,900,600,1.0,0,0,3,1925,0,0,2014-06-20,395000.0
Burien,1,0.75,380,15000,380,0,1.0,0,0,3,1963,0,0,2014-06-20,245000.0
Mercer Island,4,3.5,2970,14486,2340,630,2.0,0,0,3,1997,0,0,2014-06-20,905000.0
Issaquah,4,3.25,3030,9273,3030,0,2.0,0,0,5,1988,0,0,2014-06-20,660000.0
North Bend,4,2.5,1890,12236,1230,660,1.0,0,0,3,1978,0,0,2014-06-20,378000.0
Seattle,2,1.0,1040,3600,1040,0,1.0,0,0,4,1919,1980,1,2014-06-20,600000.0
Sammamish,4,2.5,2090,10306,2090,0,2.0,0,0,3,1986,0,0,2014-06-20,632500.0
Auburn,2,2.0,1680,5756,1680,0,2.0,0,0,4,1910,0,0,2014-06-20,210000.0
Redmond,2,2.5,2770,7781,2770,0,2.0,0,0,3,2006,0,0,2014-06-20,754800.0
Auburn,2,1.0,1020,5130,1020,0,1.0,0,0,4,1948,0,0,2014-06-20,175000.0
Issaquah,3,2.25,1470,4653,1470,0,2.0,0,0,4,1985,0,0,2014-06-20,455000.0
Seattle,3,2.0,1430,3480,980,450,1.0,0,0,3,1947,0,0,2014-06-20,450000.0
Lake Forest Park,4,1.75,2050,10920,1450,600,1.0,0,3,3,1974,0,0,2014-06-20,790000.0
Seattle,4,1.0,2080,5500,1040,1040,1.0,0,0,3,1941,0,0,2014-06-20,480000.0
Seattle,3,2.25,2870,8170,2250,620,2.0,0,0,3,1995,0,0,2014-06-20,850000.0
Renton,4,3.25,3940,27591,3440,500,2.0,0,3,3,2000,0,0,2014-06-20,725000.0
Seattle,3,1.5,1520,4288,1020,500,1.0,0,0,3,1949,0,0,2014-06-20,380000.0
Bellevue,3,1.5,1700,14133,1700,0,1.0,0,1,4,1954,0,0,2014-06-20,979000.0
Seattle,3,2.25,1940,11612,1100,840,1.0,0,0,4,1981,0,0,2014-06-20,359950.0
Seattle,4,2.25,2870,5453,2220,650,2.0,0,1,4,1926,0,0,2014-06-20,665900.0
Sammamish,3,3.25,3240,8338,3240,0,2.0,0,0,3,2001,0,0,2014-06-20,812000.0
Burien,3,1.0,1150,7156,1150,0,1.0,0,0,4,1953,0,0,2014-06-20,203000.0
Sammamish,3,1.5,1440,28516,1440,0,1.0,0,0,4,1975,0,0,2014-06-20,456000.0
Seattle,5,2.5,2200,4080,1420,780,1.5,0,0,5,1916,0,0,2014-06-20,547000.0
Des Moines,3,2.0,1470,8089,1470,0,1.0,0,0,3,1987,0,0,2014-06-20,280000.0
Seattle,2,1.75,1760,4400,880,880,1.0,0,0,4,1930,0,0,2014-06-20,640000.0
Bothell,3,1.75,1780,8085,1210,570,1.0,0,0,3,1976,0,0,2014-06-20,477000.0
Burien,4,2.25,2450,21000,1650,800,1.0,0,2,4,1954,0,0,2014-06-20,455000.0
Seattle,3,3.5,1890,1710,1640,250,2.0,0,0,3,1999,0,0,2014-06-20,587206.0
Renton,3,2.5,2540,5612,2540,0,2.0,0,0,3,1999,0,0,2014-06-20,425000.0
Seattle,4,1.0,1360,6000,1360,0,1.5,0,0,3,1917,0,0,2014-06-20,511500.0
Maple Valley,2,2.0,1310,2841,1310,0,2.0,0,0,3,2004,0,0,2014-06-20,218000.0
Burien,3,2.0,1510,7884,1510,0,1.0,0,0,3,1942,2014,1,2014-06-20,332000.0
Covington,3,1.5,1860,60960,1140,720,1.0,0,0,4,1967,0,0,2014-06-20,291000.0
Renton,4,2.0,2200,7700,1100,1100,1.0,0,0,3,1979,0,0,2014-06-20,279000.0
Kirkland,4,2.5,3360,11548,3360,0,2.0,0,0,3,1988,0,0,2014-06-20,950000.0
Mercer Island,3,2.75,2470,10125,2470,0,2.0,0,0,3,1960,2012,1,2014-06-20,970500.0
Seattle,2,1.0,1260,3960,690,570,1.0,0,0,3,1925,0,0,2014-06-20,412000.0
Seattle,3,1.0,1430,10005,1430,0,1.5,0,0,4,1950,0,0,2014-06-20,400000.0
Auburn,3,2.25,1230,7420,1230,0,1.5,0,0,5,1913,0,0,2014-06-20,200000.0
North Bend,4,2.5,2320,11717,2320,0,2.0,0,0,3,1997,0,0,2014-06-20,397000.0
Sammamish,4,2.5,3290,6628,3290,0,2.0,0,0,3,2003,0,0,2014-06-20,715000.0
Maple Valley,4,2.5,2550,4770,2550,0,2.0,0,0,3,2005,0,0,2014-06-20,371000.0
Bothell,3,2.5,1870,5013,1870,0,2.0,0,0,3,2003,0,0,2014-06-20,458000.0
Bothell,5,3.0,3110,12429,1790,1320,1.0,0,0,3,1977,0,0,2014-06-20,436500.0
Renton,3,2.5,1820,8085,1820,0,2.0,0,0,3,1983,0,0,2014-06-20,329950.0
Des Moines,3,3.25,3050,18892,1650,1400,1.0,1,4,4,1962,0,0,2014-06-20,950000.0
Kent,4,2.0,1890,6302,1890,0,2.0,0,0,3,1997,0,0,2014-06-20,282000.0
Seattle,1,1.0,800,16306,680,120,1.0,0,0,2,1931,0,0,2014-06-20,250000.0
Woodinville,6,4.25,6900,244716,4820,2080,2.0,0,0,4,2002,0,0,2014-06-20,1135000.0
Auburn,4,1.75,2670,189486,2670,0,2.0,0,4,3,1972,0,0,2014-06-20,400000.0
Bellevue,5,2.75,3260,11700,1630,1630,1.0,0,0,3,1964,0,0,2014-06-20,681500.0
Burien,2,1.0,860,6600,860,0,1.0,0,0,5,1949,0,0,2014-06-20,200000.0
Seattle,5,4.0,3366,7800,2966,400,2.5,0,2,3,1937,0,0,2014-06-20,1300000.0
Seattle,5,3.25,3840,4800,2750,1090,3.0,0,3,3,2008,0,0,2014-06-20,1462497.0
Bellevue,4,4.5,3850,13551,3000,850,2.0,0,2,3,1998,0,0,2014-06-20,995000.0
Seattle,4,2.5,2040,8265,2040,0,2.0,0,0,3,1996,0,0,2014-06-20,355000.0
Woodinville,3,2.25,1790,10209,1290,500,1.0,0,0,3,1967,0,0,2014-06-20,425000.0
Woodinville,4,3.0,3740,30884,3060,680,2.0,0,0,3,1988,0,0,2014-06-20,869000.0
Seattle,3,3.25,2660,4000,2170,490,2.0,0,0,3,2003,0,0,2014-06-20,915000.0
Bellevue,3,2.25,3230,17833,3230,0,2.0,0,0,4,1973,0,0,2014-06-20,2110000.0
Mercer Island,4,2.0,3140,10437,2040,1100,1.0,0,0,4,1959,0,0,2014-06-20,925000.0
Seattle,6,4.5,5480,10800,4430,1050,2.0,0,3,4,1999,0,0,2014-06-20,2400000.0
Seattle,3,1.0,1160,3750,1160,0,1.5,0,0,3,1910,0,0,2014-06-20,390000.0
Maple Valley,3,2.25,1860,11227,1860,0,2.0,0,0,3,1995,0,0,2014-06-20,330000.0
Seattle,4,3.0,1630,7626,1110,520,1.0,0,0,5,1990,0,0,2014-06-20,482500.0
Seattle,3,2.25,1750,1879,1750,0,3.0,0,0,3,2001,0,0,2014-06-20,525000.0
Renton,3,1.0,1300,8160,1300,0,1.0,0,0,4,1960,0,0,2014-06-20,237000.0
Auburn,3,1.0,960,7314,960,0,1.0,0,0,5,1960,0,0,2014-06-20,205000.0
Kirkland,3,2.5,1850,7777,1850,0,2.0,0,0,5,1989,0,0,2014-06-20,623000.0
Renton,4,2.75,3260,4900,3260,0,2.0,0,0,3,2013,0,0,2014-06-20,565000.0
Shoreline,4,2.25,2420,7927,1400,1020,1.0,0,0,4,1973,0,0,2014-06-20,400000.0
Sammamish,3,1.0,1460,10000,1460,0,1.5,0,0,3,2002,0,0,2014-06-20,405000.0
Shoreline,4,3.0,2240,8504,2240,0,2.0,0,0,3,1992,0,0,2014-06-20,337000.0
Vashon,2,1.0,1240,27042,1000,240,1.0,0,1,3,1943,0,0,2014-06-20,355000.0
Mercer Island,3,2.25,2060,9552,1610,450,1.0,0,0,4,1975,0,0,2014-06-20,885000.0
Shoreline,5,2.75,2280,10319,1300,980,1.0,0,0,3,1959,0,0,2014-06-20,420000.0
Maple Valley,4,2.5,2510,6853,2510,0,2.0,0,2,3,2006,0,0,2014-06-20,448000.0
Sammamish,4,2.75,3150,7035,3150,0,2.0,0,0,3,2004,0,0,2014-06-20,800000.0
Bellevue,5,2.25,2780,10192,2780,0,2.0,0,0,4,1978,0,0,2014-06-20,830000.0
Seattle,6,1.75,2380,4080,2380,0,2.0,0,0,3,1917,0,0,2014-06-20,725000.0
Seattle,3,2.25,2140,3000,2140,0,2.0,0,0,3,1905,2006,1,2014-06-20,780000.0
Seattle,2,1.0,840,4239,840,0,1.0,0,0,3,1948,0,0,2014-06-20,325000.0
Bellevue,4,2.25,2170,9665,1300,870,1.0,0,0,4,1976,0,0,2014-06-20,488800.0
Bellevue,4,3.5,4410,36200,4410,0,2.0,0,0,3,1989,0,0,2014-06-20,1320000.0
Seattle,4,2.0,2120,11479,1060,1060,1.0,0,0,4,1940,0,0,2014-06-20,489000.0
Bellevue,7,5.5,6630,13782,4930,1700,2.0,0,0,3,2004,0,0,2014-06-20,1240000.0
Newcastle,3,2.75,3290,22649,3290,0,2.0,0,0,4,1993,0,0,2014-06-20,595000.0
Renton,5,2.25,2290,7420,1290,1000,1.0,0,0,3,1973,0,0,2014-06-20,359900.0
Bellevue,3,3.0,4910,43560,4000,910,2.0,0,0,4,1989,0,0,2014-06-20,1080000.0
Sammamish,4,2.75,3730,8014,3730,0,2.0,0,0,3,2012,0,0,2014-06-20,925000.0
Seattle,3,2.5,2440,4800,2440,0,2.0,0,0,3,2014,0,0,2014-06-20,625000.0
Auburn,3,2.5,2570,4600,2570,0,2.0,0,0,3,2014,0,0,2014-06-20,339990.0
Redmond,4,2.5,2970,4400,2970,0,2.0,0,0,3,2014,0,0,2014-06-20,775950.0
Renton,5,3.0,2630,3149,1670,960,2.0,0,0,3,2013,0,0,2014-06-20,420000.0
Seattle,3,3.25,1530,1565,1280,250,2.0,0,0,3,2005,0,0,2014-06-20,654000.0
Snoqualmie,3,3.5,3690,8837,3690,0,2.0,0,0,3,2001,0,0,2014-06-20,725000.0
Seattle,2,1.0,1230,1820,830,400,2.0,0,0,4,1948,0,0,2014-06-21,375000.0
Bellevue,3,2.5,2200,20000,1400,800,1.0,0,1,3,1952,0,0,2014-06-21,1100000.0
Redmond,4,2.25,2330,8994,2330,0,2.0,0,0,3,1986,0,0,2014-06-21,639500.0
Seattle,4,2.0,2160,6300,2160,0,1.5,0,1,4,1928,0,0,2014-06-21,849000.0
Bellevue,4,1.5,1550,9176,1000,550,1.0,0,0,3,1956,0,0,2014-06-21,418000.0
Seattle,4,1.75,1780,2788,890,890,1.0,0,0,4,1943,0,0,2014-06-21,442900.0
Seattle,3,1.75,2610,5544,1680,930,1.5,0,0,3,1934,0,0,2014-06-21,750000.0
Redmond,3,2.5,3290,6830,3290,0,2.0,0,0,3,2000,0,0,2014-06-21,930000.0
Seattle,2,1.75,1330,6000,960,370,1.0,0,0,4,1914,1945,1,2014-06-22,565000.0
Kirkland,4,3.5,3530,14406,2570,960,2.0,0,1,3,1987,0,0,2014-06-22,874150.0
Issaquah,4,2.5,2090,6023,2090,0,2.0,0,0,3,1990,0,0,2014-06-22,545000.0
Bellevue,4,2.5,2040,8400,1420,620,1.0,0,0,3,1963,0,0,2014-06-22,500000.0
Kirkland,4,2.5,2370,10083,2370,0,2.0,0,0,5,1966,0,0,2014-06-22,687000.0
Bellevue,4,2.5,2810,10613,2810,0,2.0,0,0,3,1989,0,0,2014-06-22,810000.0
Issaquah,3,2.5,2050,40003,1570,480,1.0,0,0,4,1977,0,0,2014-06-22,439500.0
Seattle,3,1.75,2870,5000,1840,1030,1.5,0,0,4,1907,0,0,2014-06-22,802000.0
Bellevue,4,2.5,2130,7300,1230,900,1.0,0,0,4,1963,0,0,2014-06-22,732600.0
Renton,4,2.5,2580,6260,2580,0,2.0,0,0,3,2004,0,0,2014-06-22,374000.0
SeaTac,4,2.5,2380,13550,2380,0,2.0,0,0,3,1999,0,0,2014-06-22,330000.0
Bellevue,4,2.0,1940,25600,1940,0,1.0,0,0,1,1962,0,0,2014-06-23,365000.0
Tukwila,2,2.0,1610,17600,1610,0,2.0,0,0,3,1930,1983,1,2014-06-23,290900.0
Seattle,3,2.5,2060,5750,1330,730,1.0,0,0,3,1976,0,0,2014-06-23,577000.0
North Bend,2,1.0,1010,3000,1010,0,1.0,0,0,4,1925,0,0,2014-06-23,280000.0
Sammamish,4,2.5,2810,11120,2810,0,2.0,0,0,3,1982,0,0,2014-06-23,675000.0
Mercer Island,3,2.25,2380,11824,1450,930,1.0,0,0,4,1972,0,0,2014-06-23,800000.0
Shoreline,2,1.0,1060,7200,1060,0,1.0,0,0,4,1951,0,0,2014-06-23,299995.0
Kirkland,3,1.75,1560,7207,1250,310,1.0,0,0,3,1983,0,0,2014-06-23,440000.0
Covington,2,1.75,1500,8645,1500,0,1.0,0,0,4,1963,0,0,2014-06-23,249500.0
Seattle,2,1.0,970,4560,970,0,1.0,0,0,4,1907,0,0,2014-06-23,690000.0
Renton,3,1.0,1170,11100,1170,0,1.0,0,0,4,1968,0,0,2014-06-23,235000.0
Auburn,3,2.5,2280,7417,2280,0,2.0,0,0,3,1998,0,0,2014-06-23,320000.0
Renton,7,3.0,2800,9569,1400,1400,1.0,0,2,3,1963,0,0,2014-06-23,350000.0
Kirkland,4,1.5,1150,9360,1150,0,1.5,0,0,3,1970,0,0,2014-06-23,334000.0
Federal Way,6,3.0,2180,7956,2180,0,2.0,0,0,3,1980,0,0,2014-06-23,235000.0
Renton,4,2.5,2520,7253,2520,0,2.0,0,0,3,1990,0,0,2014-06-23,442000.0
Federal Way,3,1.75,1760,7482,1760,0,1.0,0,0,4,1966,0,0,2014-06-23,264000.0
Shoreline,2,1.0,1180,6552,1180,0,1.0,0,0,4,1949,0,0,2014-06-23,275000.0
Seattle,2,1.5,950,4625,950,0,1.0,0,0,4,1949,0,0,2014-06-23,430000.0
Bellevue,3,2.5,1900,3255,1900,0,2.0,0,0,3,1988,2000,1,2014-06-23,550000.0
Seattle,4,2.5,2300,6158,2300,0,2.0,0,0,3,1999,0,0,2014-06-23,775000.0
Bellevue,6,2.75,2660,8400,1550,1110,1.0,0,0,5,1962,0,0,2014-06-23,603500.0
Enumclaw,3,1.0,1530,389126,1530,0,1.5,0,0,4,1919,0,0,2014-06-23,230000.0
Seattle,4,2.5,1850,5040,1230,620,1.0,0,0,3,1930,2013,1,2014-06-23,449000.0
Bellevue,4,3.5,4230,20377,4230,0,2.0,0,0,3,1997,0,0,2014-06-23,2075000.0
Seattle,3,2.0,1200,5029,880,320,1.0,0,0,3,1937,0,0,2014-06-23,420000.0
Seattle,4,2.25,2270,5102,1340,930,1.0,0,0,5,1954,0,0,2014-06-23,735000.0
Covington,3,1.5,1090,9600,1090,0,1.0,0,0,4,1968,0,0,2014-06-23,200000.0
Seattle,3,2.75,1100,750,780,320,2.0,0,0,3,2008,0,0,2014-06-23,286000.0
Seattle,3,2.5,1640,1269,1640,0,3.0,0,0,3,2009,0,0,2014-06-23,579000.0
Seattle,3,3.75,1950,8625,1360,590,1.0,0,0,3,1959,0,0,2014-06-23,345100.0
Shoreline,3,1.75,1660,10150,1660,0,1.5,0,0,3,1957,0,0,2014-06-23,350000.0
Shoreline,3,1.0,880,9238,880,0,1.5,0,0,5,1946,0,0,2014-06-23,291500.0
Seattle,3,2.5,1500,1375,1200,300,2.0,0,0,3,2014,0,0,2014-06-23,649950.0
Seattle,3,2.0,1890,1599,1430,460,2.0,0,0,3,2012,0,0,2014-06-23,458500.0
Seattle,3,1.0,1150,5100,1150,0,2.0,0,0,3,1911,2005,1,2014-06-23,500000.0
Kent,3,2.5,2430,15264,2430,0,2.0,0,0,3,1997,0,0,2014-06-23,362300.0
Renton,4,1.75,2110,7208,1170,940,1.0,0,0,3,1975,0,0,2014-06-23,324000.0
Burien,3,2.0,2950,12196,2310,640,2.0,0,0,4,1918,0,0,2014-06-23,495000.0
Kent,3,2.25,1650,2958,1650,0,2.0,0,0,3,1985,0,0,2014-06-23,233500.0
Woodinville,3,2.25,2110,11319,2110,0,2.0,0,0,4,1978,0,0,2014-06-23,479000.0
Covington,4,2.25,2010,19000,2010,0,2.0,0,0,4,1975,0,0,2014-06-23,322200.0
Redmond,4,2.5,3030,29163,3030,0,2.0,0,0,3,1998,0,0,2014-06-23,835000.0
Bothell,3,1.0,1270,8400,1270,0,1.0,0,0,3,1955,0,0,2014-06-23,347000.0
Kirkland,3,1.75,1610,8613,1610,0,1.0,0,0,5,1962,0,0,2014-06-23,725000.0
Seattle,3,1.0,1140,4200,1140,0,2.0,0,0,4,1904,0,0,2014-06-23,345000.0
Kent,3,2.5,2110,4118,2110,0,2.0,0,0,3,1989,0,0,2014-06-23,345950.0
Redmond,3,1.75,1840,8086,1840,0,1.0,0,0,4,1964,0,0,2014-06-23,550000.0
Seattle,3,1.75,1560,5223,810,750,1.0,0,0,4,1940,0,0,2014-06-23,399950.0
Kent,3,1.75,1840,7412,1240,600,1.0,0,0,4,1976,0,0,2014-06-23,269500.0
Shoreline,4,2.5,1830,7345,1540,290,1.0,0,0,4,1973,0,0,2014-06-23,494000.0
Bellevue,4,1.75,2120,7420,1060,1060,1.0,0,0,4,1956,0,0,2014-06-23,453000.0
Kirkland,3,1.75,1600,10280,1050,550,1.0,0,0,3,1977,0,0,2014-06-23,442500.0
Tukwila,4,1.75,1450,8891,1180,270,1.5,0,0,3,1962,0,0,2014-06-23,235000.0
Lake Forest Park,3,1.75,1880,12821,1880,0,1.0,0,0,3,1959,0,0,2014-06-23,389800.0
Burien,3,1.75,1270,8100,880,390,1.0,0,0,3,1950,0,0,2014-06-23,346000.0
Seattle,4,1.5,1720,6417,1720,0,1.0,0,0,3,1953,0,0,2014-06-23,360000.0
Issaquah,4,2.5,2400,7351,2400,0,2.0,0,0,3,1990,0,0,2014-06-23,650000.0
Shoreline,3,1.0,1150,8145,990,160,1.0,0,0,4,1932,0,0,2014-06-23,290000.0
Seattle,2,1.0,870,11100,870,0,1.0,0,0,3,1940,0,0,2014-06-23,234000.0
Kent,4,2.5,2000,37045,2000,0,2.0,0,0,3,1989,0,0,2014-06-23,260000.0
Issaquah,3,2.0,2420,38781,1210,1210,1.0,0,0,5,1949,0,0,2014-06-23,349900.0
Shoreline,3,1.0,1080,6000,1080,0,1.0,0,0,4,1952,0,0,2014-06-23,275000.0
Woodinville,4,2.5,3420,30410,3420,0,2.0,0,0,3,1988,0,0,2014-06-23,725000.0
Renton,4,2.5,1870,7471,1870,0,2.0,0,0,3,1990,0,0,2014-06-23,375000.0
Redmond,4,2.5,2500,206474,2500,0,1.0,0,0,3,1997,0,0,2014-06-23,806000.0
Renton,3,2.5,2150,8221,2150,0,2.0,0,0,3,1992,0,0,2014-06-23,470000.0
Seattle,3,2.25,1470,2500,1080,390,2.0,0,0,3,1984,0,0,2014-06-23,490000.0
Seattle,5,2.0,2130,4180,1270,860,1.5,0,0,5,1926,0,0,2014-06-23,615000.0
Kent,3,1.0,1000,19204,1000,0,1.0,0,0,3,1968,2010,1,2014-06-23,249000.0
Seattle,3,1.75,2390,7149,1350,1040,1.0,0,0,3,1955,0,0,2014-06-23,396500.0
Seattle,2,1.0,860,2599,860,0,1.0,0,0,4,1901,0,0,2014-06-23,405000.0
Newcastle,3,2.5,1960,12476,1960,0,2.0,0,0,4,1989,0,0,2014-06-23,560000.0
Bothell,4,2.5,2000,6107,2000,0,2.0,0,0,3,2003,0,0,2014-06-23,459950.0
Seattle,3,1.0,1620,9450,1620,0,1.5,0,0,3,1928,0,0,2014-06-23,265000.0
Bellevue,6,2.5,2890,8122,1630,1260,1.0,0,0,3,1977,0,0,2014-06-23,502000.0
Sammamish,3,1.75,1300,12731,1300,0,1.0,0,0,3,1981,0,0,2014-06-23,430000.0
Seattle,2,1.0,1080,3500,1080,0,1.0,0,3,3,1924,0,0,2014-06-23,525000.0
Seattle,4,2.5,2170,8518,1350,820,1.0,0,3,3,1955,0,0,2014-06-23,415000.0
Sammamish,3,2.5,2260,10153,2260,0,2.0,0,0,3,1987,0,0,2014-06-23,600000.0
Federal Way,3,1.75,1580,8820,1580,0,1.0,0,0,4,1967,0,0,2014-06-23,225000.0
Covington,4,2.5,2620,4469,2620,0,2.0,0,0,3,2008,0,0,2014-06-23,300000.0
Issaquah,4,2.5,1540,1860,1540,0,2.0,0,0,3,2014,0,0,2014-06-23,491234.0
Seattle,4,2.5,4570,74487,4570,0,2.0,0,4,5,1948,1985,1,2014-06-23,1580000.0
Issaquah,4,3.25,3440,7661,3440,0,2.0,0,0,3,2006,0,0,2014-06-23,905000.0
Des Moines,5,2.5,1740,8750,1740,0,1.0,0,0,4,1959,0,0,2014-06-23,199950.0
Seattle,4,1.75,2160,4333,1260,900,1.0,0,0,4,1942,0,0,2014-06-23,450000.0
Yarrow Point,3,1.0,1480,6978,1480,0,2.0,0,0,4,1949,1985,1,2014-06-23,899000.0
Carnation,2,1.75,2260,280962,1890,370,2.0,0,2,3,2005,0,0,2014-06-23,649000.0
Issaquah,4,3.5,3910,59863,2490,1420,2.0,0,0,4,1987,0,0,2014-06-23,780000.0
Duvall,4,1.75,1700,20283,1340,360,1.5,0,0,3,1965,0,0,2014-06-23,400000.0
Woodinville,5,2.5,4470,35124,4470,0,2.5,0,0,3,1984,0,0,2014-06-23,831500.0
Seattle,3,1.75,1800,6000,900,900,1.0,0,0,5,1905,0,0,2014-06-23,471001.0
Seattle,3,3.25,1630,1677,1630,0,3.0,0,0,3,2007,0,0,2014-06-23,385000.0
Woodinville,3,1.0,1030,9834,1030,0,1.0,0,0,3,1969,0,0,2014-06-23,326000.0
Seattle,1,1.0,720,5100,720,0,1.0,0,0,3,1907,0,0,2014-06-23,335000.0
Auburn,4,1.5,1890,43560,1890,0,1.0,0,0,4,1974,0,0,2014-06-23,320000.0
Kent,4,2.5,1840,5550,1840,0,2.0,0,0,3,2004,0,0,2014-06-23,300000.0
Kent,4,2.5,2540,8400,2540,0,2.0,0,0,5,1977,0,0,2014-06-23,269950.0
Seattle,4,3.75,3520,3944,2200,1320,1.5,0,0,5,1913,0,0,2014-06-23,1220000.0
Bellevue,4,2.5,3220,7875,3220,0,1.5,0,0,4,1966,0,0,2014-06-23,590000.0
Seattle,3,2.0,1820,5000,1720,100,1.5,0,0,4,1941,0,0,2014-06-23,750000.0
Covington,3,1.75,1230,9600,1230,0,1.0,0,0,4,1984,0,0,2014-06-23,239950.0
SeaTac,3,2.0,1340,8505,1340,0,1.0,0,0,3,1931,0,0,2014-06-23,215000.0
Tukwila,3,1.0,1200,13100,1200,0,1.0,0,0,3,1943,0,0,2014-06-23,165000.0
Federal Way,3,1.75,1390,18200,1390,0,1.0,0,0,4,1962,0,0,2014-06-23,261350.0
Seattle,4,2.0,1730,3884,1060,670,1.0,0,0,5,1924,0,0,2014-06-23,569000.0
Redmond,3,2.25,1580,39189,1180,400,1.0,0,0,3,1992,0,0,2014-06-23,425000.0
Seattle,4,3.0,3520,4895,1980,1540,1.0,0,0,3,1954,0,0,2014-06-23,800000.0
Issaquah,4,2.5,2650,30500,1680,970,1.0,0,0,4,1960,0,0,2014-06-23,715000.0
Renton,3,1.75,1310,12750,1310,0,1.0,0,0,3,1993,0,0,2014-06-23,337000.0
Sammamish,4,2.5,2300,7989,2300,0,2.0,0,0,3,1990,0,0,2014-06-23,560000.0
Kirkland,3,2.25,1780,7280,1340,440,1.0,0,2,3,1972,0,0,2014-06-23,449500.0
Seattle,3,3.25,1980,2850,1980,0,3.0,0,0,3,1987,0,0,2014-06-23,660000.0
Seattle,2,1.5,1300,1676,1300,0,1.0,0,2,3,1943,0,0,2014-06-23,685000.0
Bellevue,5,3.5,3500,10155,2570,930,2.0,0,0,3,1996,0,0,2014-06-23,905000.0
Seattle,3,1.0,1830,8004,1200,630,1.0,0,0,3,1960,0,0,2014-06-23,403500.0
Seattle,3,2.25,1520,1245,1520,0,3.0,0,0,3,2004,0,0,2014-06-23,405000.0
Kent,4,2.75,2700,37011,2700,0,2.0,0,0,3,1984,0,0,2014-06-23,385000.0
Redmond,3,2.75,2810,18731,2810,0,2.0,1,4,4,1974,0,0,2014-06-23,1700000.0
Kent,3,2.5,1660,6263,1660,0,2.0,0,0,3,2003,0,0,2014-06-23,285000.0
Covington,3,2.0,1310,6738,1310,0,1.0,0,0,4,1990,0,0,2014-06-23,249900.0
Snoqualmie,4,3.5,2960,6000,2960,0,2.0,0,0,3,2014,0,0,2014-06-23,633634.0
Auburn,3,2.5,2242,4995,2242,0,2.0,0,0,3,2011,0,0,2014-06-23,329900.0
Kent,3,2.5,2540,4775,2540,0,2.0,0,0,3,2006,0,0,2014-06-23,310000.0
Seattle,3,1.5,1420,1192,1140,280,2.0,0,0,3,2008,0,0,2014-06-23,345000.0
Seattle,3,1.5,1270,2356,1270,0,2.0,0,0,3,2012,0,0,2014-06-23,160797.0
Seattle,3,2.25,1300,907,1000,300,2.0,0,0,3,2006,0,0,2014-06-23,562500.0
Seattle,5,3.0,3190,7081,1890,1300,1.0,0,2,3,2013,0,0,2014-06-23,664950.0
Seattle,5,3.25,2910,5027,2040,870,2.0,0,0,3,2013,0,0,2014-06-23,515000.0
Issaquah,3,2.25,1630,3817,1630,0,2.0,0,0,3,2005,0,0,2014-06-23,497000.0
Federal Way,5,3.0,2300,8214,2300,0,2.0,0,0,3,2013,0,0,2014-06-23,312891.0
Seattle,3,2.5,3310,5300,2440,870,2.0,0,2,3,2008,0,0,2014-06-23,670000.0
Seattle,2,1.5,940,1768,940,0,2.0,0,0,3,2009,0,0,2014-06-23,362500.0
Seattle,2,0.75,1020,1350,1020,0,2.0,0,0,3,2009,0,0,2014-06-23,402101.0
Seattle,3,1.75,1520,6380,790,730,1.0,0,0,3,1948,0,0,2014-06-24,438000.0
Seattle,4,1.75,2330,5000,1510,820,1.5,0,0,4,1929,0,0,2014-06-24,687500.0
Des Moines,3,1.5,1010,9600,1010,0,1.0,0,0,4,1962,0,0,2014-06-24,160000.0
Redmond,3,1.75,1070,8000,1070,0,1.0,0,0,3,1977,0,0,2014-06-24,415000.0
Federal Way,3,2.5,3170,12750,2360,810,2.0,0,0,3,1995,0,0,2014-06-24,405000.0
Seattle,4,2.5,3030,3841,3030,0,3.0,0,0,3,2005,0,0,2014-06-24,880000.0
Vashon,3,2.5,2270,100545,2270,0,2.0,0,0,3,1998,0,0,2014-06-24,585000.0
Redmond,4,2.5,2341,9594,2341,0,2.0,0,0,3,1997,0,0,2014-06-24,640000.0
Seattle,3,3.5,2130,6150,1530,600,2.0,0,2,5,1908,0,0,2014-06-24,819000.0
Woodinville,3,1.75,2300,35722,2300,0,1.0,0,0,3,1984,0,0,2014-06-24,520000.0
Woodinville,3,1.0,1660,11783,1160,500,1.0,0,0,4,1978,0,0,2014-06-24,367500.0
Mercer Island,4,2.75,2610,8760,1760,850,1.0,0,0,4,1978,0,0,2014-06-24,762500.0
Shoreline,3,1.0,2150,7007,2150,0,1.0,0,0,3,1954,0,0,2014-06-24,300000.0
Woodinville,3,2.5,2410,64073,1820,590,1.0,0,0,4,1976,0,0,2014-06-24,625000.0
Seattle,2,1.5,1580,3680,1280,300,1.0,0,2,3,1941,0,0,2014-06-24,530000.0
North Bend,3,2.5,1740,30886,1740,0,2.0,0,0,3,1992,0,0,2014-06-24,379000.0
Seattle,2,1.0,1270,5000,1090,180,1.0,0,0,3,1949,0,0,2014-06-24,615000.0
Seattle,2,2.25,2550,6000,1860,690,2.0,0,0,5,1902,0,0,2014-06-24,660000.0
Enumclaw,3,2.25,1860,15559,1860,0,2.0,0,0,4,1963,0,0,2014-06-24,380000.0
Federal Way,4,1.75,2700,27072,1380,1320,1.0,0,0,3,1958,0,0,2014-06-24,314900.0
Burien,3,1.5,1460,8710,1460,0,1.0,0,0,3,1955,0,0,2014-06-24,324950.0
Federal Way,3,1.75,1330,13102,1330,0,1.0,0,0,3,1968,0,0,2014-06-24,225000.0
Sammamish,3,2.5,2070,4132,2070,0,2.0,0,0,3,1999,0,0,2014-06-24,535000.0
Renton,3,1.5,1360,10726,1360,0,1.0,0,0,4,1966,0,0,2014-06-24,348500.0
Bellevue,4,2.5,2650,18295,2650,0,2.0,0,0,3,1986,0,0,2014-06-24,725000.0
Woodinville,4,3.0,3580,35261,3580,0,1.5,0,0,3,1985,0,0,2014-06-24,925000.0
Vashon,2,1.0,2034,13392,1159,875,1.0,1,4,5,1947,0,0,2014-06-24,549000.0
Sammamish,3,2.0,1230,11413,990,240,1.0,0,0,3,1984,0,0,2014-06-24,400000.0
Redmond,4,2.5,2450,55387,2450,0,2.0,0,0,3,1994,0,0,2014-06-24,620000.0
Seattle,6,2.75,2840,8346,1420,1420,1.0,0,0,5,1961,0,0,2014-06-24,665000.0
Woodinville,4,3.75,3820,53574,3820,0,1.0,0,0,3,1994,0,0,2014-06-24,1215000.0
Seattle,3,2.5,2740,5925,2740,0,2.0,0,2,3,1913,1992,1,2014-06-24,1157400.0
Renton,4,2.5,2090,5289,2090,0,2.0,0,0,3,1989,0,0,2014-06-24,349950.0
Seattle,5,4.75,6390,13180,4560,1830,2.0,0,0,3,1940,0,0,2014-06-24,2466350.0
Seattle,4,2.0,2470,5080,1970,500,1.5,0,0,3,1948,1988,1,2014-06-24,339000.0
Seattle,3,1.75,1720,4080,960,760,1.0,0,0,4,1924,0,0,2014-06-24,615000.0
Redmond,4,3.25,3090,9571,2370,720,2.0,0,0,3,2004,0,0,2014-06-24,751000.0
Seattle,4,1.75,2320,3825,1820,500,1.5,0,0,5,1926,0,0,2014-06-24,941000.0
Bellevue,4,1.75,1740,7700,1740,0,1.0,0,0,5,1968,0,0,2014-06-24,600000.0
Renton,4,2.5,2950,4502,2950,0,2.0,0,0,3,2005,0,0,2014-06-24,455000.0
Redmond,0,0.0,4810,28008,4810,0,2.0,0,0,3,1990,0,0,2014-06-24,1295648.0
Seattle,3,2.5,1500,5412,900,600,1.0,0,0,5,1920,0,0,2014-06-24,485000.0
Enumclaw,3,1.5,1810,100188,1810,0,1.0,0,0,5,1969,0,0,2014-06-24,358000.0
Seattle,3,1.0,1100,4128,720,380,1.0,0,0,4,1942,0,0,2014-06-24,339000.0
Des Moines,3,1.0,1490,7435,1120,370,1.0,0,0,3,1969,0,0,2014-06-24,258000.0
Seattle,2,1.5,1200,1259,1000,200,2.0,0,0,3,2013,0,0,2014-06-24,455000.0
Redmond,4,2.5,1890,8505,1290,600,1.0,0,0,3,1980,0,0,2014-06-24,437000.0
Bellevue,3,1.75,2200,9840,1500,700,1.0,0,0,5,1978,0,0,2014-06-24,689000.0
Kent,4,2.5,2510,7992,1610,900,1.0,0,0,3,1978,0,0,2014-06-24,319000.0
Seattle,3,2.25,1420,1309,1420,0,3.0,0,0,3,2006,0,0,2014-06-24,510000.0
Normandy Park,3,1.75,2000,9900,1480,520,1.0,0,2,4,1957,0,0,2014-06-24,440000.0
Kirkland,2,2.0,1460,9052,1460,0,1.0,0,2,5,1900,0,0,2014-06-24,1010000.0
Woodinville,4,2.5,3220,22588,3220,0,2.0,0,0,3,1996,0,0,2014-06-24,875000.0
Shoreline,4,2.0,1310,8454,1310,0,1.0,0,0,4,1953,0,0,2014-06-24,304000.0
Renton,2,1.0,690,5280,690,0,1.0,0,0,4,1942,0,0,2014-06-24,139000.0
Bellevue,3,1.75,1150,10466,1150,0,1.0,0,0,5,1959,0,0,2014-06-24,464500.0
Shoreline,3,1.0,1480,7284,970,510,1.0,0,0,3,1963,0,0,2014-06-24,336500.0
Seattle,4,1.75,1850,6000,1270,580,1.0,0,0,4,1944,0,0,2014-06-24,230000.0
Issaquah,3,2.5,1930,4500,1930,0,2.0,0,0,3,1990,0,0,2014-06-24,425000.0
Seattle,2,1.0,750,5120,750,0,1.0,0,0,4,1941,0,0,2014-06-24,300000.0
Seattle,3,2.25,1430,2003,980,450,2.0,0,0,3,1996,0,0,2014-06-24,457500.0
Renton,3,1.75,1840,11440,1340,500,1.0,0,0,4,1977,0,0,2014-06-24,366000.0
Bellevue,3,2.0,1300,14350,1300,0,1.0,0,0,3,1955,2013,1,2014-06-24,502000.0
Federal Way,3,1.0,1050,7577,1050,0,1.0,0,0,3,1983,0,0,2014-06-24,194000.0
Kent,4,2.25,2210,9371,2210,0,2.0,0,0,4,1968,0,0,2014-06-24,305000.0
Bellevue,4,2.5,3220,15600,1680,1540,1.0,0,0,5,1973,0,0,2014-06-24,1250000.0
Federal Way,4,2.5,4620,20793,4620,0,2.0,0,0,4,1991,0,0,2014-06-24,575000.0
Seattle,4,1.75,1760,6204,1180,580,1.0,0,2,4,1950,0,0,2014-06-24,343500.0
Shoreline,3,1.0,850,6906,850,0,1.0,0,0,3,1948,0,0,2014-06-24,325000.0
Lake Forest Park,4,3.25,4690,14930,3680,1010,2.0,0,2,3,1995,0,0,2014-06-24,600000.0
Redmond,4,3.5,3920,37122,3920,0,2.0,0,0,3,1996,0,0,2014-06-24,850000.0
Issaquah,3,2.5,2140,3821,2140,0,2.0,0,0,3,2005,0,0,2014-06-24,420000.0
Seattle,2,2.0,1180,9265,1180,0,1.0,0,0,3,1940,0,0,2014-06-24,257500.0
Seattle,5,2.5,2360,11375,1180,1180,1.0,0,0,4,1962,0,0,2014-06-24,317000.0
Seattle,3,2.25,3060,9950,1810,1250,1.5,0,2,4,1930,0,0,2014-06-24,970000.0
Kent,3,2.25,1670,7881,1190,480,1.0,0,0,4,1977,0,0,2014-06-24,252000.0
Seattle,3,1.5,1820,5756,1640,180,1.5,0,0,3,1946,0,0,2014-06-24,683500.0
Auburn,3,2.5,1970,9607,1090,880,2.0,0,0,3,1988,0,0,2014-06-24,289000.0
Seattle,2,2.25,930,747,630,300,2.0,0,0,3,2007,0,0,2014-06-24,355000.0
Redmond,3,3.5,2300,5611,2300,0,1.0,0,0,3,2004,0,0,2014-06-24,675000.0
Kent,3,2.5,2590,18980,2590,0,1.0,0,0,4,1976,0,0,2014-06-24,396500.0
Issaquah,4,1.75,1450,8450,1450,0,1.0,0,0,3,1960,0,0,2014-06-24,362500.0
Seattle,4,1.75,1540,5120,770,770,1.0,0,0,5,1943,0,0,2014-06-24,395000.0
Sammamish,5,2.75,2730,22572,2080,650,1.0,0,0,3,1968,1992,1,2014-06-24,599000.0
Seattle,3,1.0,880,18205,880,0,1.0,0,0,4,1945,0,0,2014-06-24,218000.0
Maple Valley,4,2.5,3190,8195,3190,0,2.0,0,0,3,2006,0,0,2014-06-24,589950.0
Federal Way,3,1.5,1330,7600,1330,0,1.0,0,0,4,1968,0,0,2014-06-24,218000.0
Shoreline,3,1.75,1500,7200,1500,0,1.0,0,0,3,1957,0,0,2014-06-24,360000.0
Seattle,2,1.0,740,7680,740,0,1.0,0,0,4,1922,0,0,2014-06-24,350000.0
Auburn,4,3.0,2560,5606,2560,0,2.0,0,0,3,2004,0,0,2014-06-24,350000.0
Seattle,3,2.0,2540,4750,1840,700,1.5,0,0,5,1930,0,0,2014-06-24,845000.0
Woodinville,3,2.5,3200,203425,3200,0,1.0,0,0,3,2000,0,0,2014-06-24,839000.0
Seattle,4,3.0,3330,4000,1790,1540,1.0,0,0,3,1958,0,0,2014-06-24,850000.0
Seattle,2,1.0,900,5220,900,0,1.0,0,0,4,1956,0,0,2014-06-24,329950.0
Seattle,4,1.5,1600,6180,1600,0,1.5,0,0,3,1946,0,0,2014-06-24,425000.0
Seattle,2,1.0,970,5500,970,0,1.0,0,0,3,1956,0,0,2014-06-24,210000.0
Seattle,2,1.0,1130,2640,1130,0,1.0,0,0,4,1927,0,0,2014-06-24,631500.0
Seattle,2,1.0,650,5400,650,0,1.0,0,0,3,1950,0,0,2014-06-24,295000.0
Seattle,3,2.25,2400,5000,1440,960,1.5,0,0,4,1926,0,0,2014-06-24,575000.0
Duvall,3,2.5,2280,6031,2280,0,2.0,0,0,3,2011,0,0,2014-06-24,415000.0
Bellevue,4,2.25,3550,13900,1830,1720,1.0,0,0,3,2010,0,0,2014-06-24,859000.0
Issaquah,4,2.5,2050,2772,2050,0,2.0,0,0,3,2012,0,0,2014-06-24,639888.0
Seattle,2,1.5,830,1119,830,0,2.0,0,0,3,2005,0,0,2014-06-24,329445.0
Redmond,4,2.5,2440,4850,2440,0,2.0,0,0,3,2013,0,0,2014-06-24,745641.0
Seattle,3,2.5,1600,1936,1600,0,2.0,0,0,3,2007,0,0,2014-06-24,395000.0
Issaquah,4,3.5,3190,31450,3190,0,2.0,0,0,3,2010,0,0,2014-06-24,790000.0
Seattle,4,1.0,2550,4000,2370,180,2.0,0,0,3,1905,0,0,2014-06-25,890000.0
Shoreline,3,2.5,2180,7508,1420,760,1.0,0,0,4,1962,0,0,2014-06-25,400000.0
Woodinville,3,2.0,1410,9600,1410,0,1.0,0,0,4,1983,0,0,2014-06-25,365500.0
Kent,3,2.0,1410,5760,1410,0,1.0,0,0,3,1985,0,0,2014-06-25,245000.0
Kent,4,2.5,2340,8548,2340,0,2.0,0,0,3,1993,0,0,2014-06-25,390000.0
Auburn,3,1.0,1320,9000,1320,0,1.0,0,0,3,1966,0,0,2014-06-25,196500.0
Newcastle,4,1.75,3990,13470,3990,0,2.0,0,0,3,2006,0,0,2014-06-25,1200000.0
Renton,3,1.0,1270,7566,1270,0,1.0,0,0,4,1958,0,0,2014-06-25,276900.0
Burien,3,4.5,4380,47044,3720,660,2.0,1,3,3,1968,1990,1,2014-06-25,995000.0
Bellevue,4,3.25,4250,8570,4250,0,2.0,0,0,3,2004,0,0,2014-06-25,2300000.0
Issaquah,3,2.5,1860,8060,1860,0,2.0,0,0,4,1987,0,0,2014-06-25,505000.0
Bellevue,4,3.5,3770,37034,2830,940,2.0,0,0,3,1989,0,0,2014-06-25,1229000.0
Seattle,4,1.0,1530,8890,980,550,1.0,0,0,3,1925,0,0,2014-06-25,352000.0
Mercer Island,4,4.0,3570,8250,2860,710,2.0,0,0,3,2013,0,0,2014-06-25,597326.0
Seattle,2,1.0,1740,5719,1740,0,1.0,0,0,3,1955,0,0,2014-06-25,800000.0
Covington,3,2.5,1670,8364,1300,370,1.0,0,0,4,1990,0,0,2014-06-25,270000.0
Auburn,4,2.0,1570,9415,1570,0,2.0,0,0,4,1984,0,0,2014-06-25,235000.0
Kirkland,2,2.5,1590,1845,1590,0,2.0,0,0,3,1997,0,0,2014-06-25,409900.0
Redmond,5,2.5,2980,5377,2980,0,2.0,0,0,3,2006,0,0,2014-06-25,739900.0
Redmond,4,2.5,2690,4736,2690,0,2.0,0,0,3,2001,0,0,2014-06-25,608000.0
Seattle,2,1.0,900,2910,900,0,1.0,0,0,5,1924,0,0,2014-06-25,381500.0
Seattle,2,0.75,1440,3700,1200,240,1.0,0,0,3,1914,0,0,2014-06-25,562100.0
Issaquah,4,2.5,3000,10392,3000,0,2.0,0,0,3,1995,0,0,2014-06-25,740000.0
Seattle,3,1.0,1640,18144,1640,0,1.5,0,0,3,1942,0,0,2014-06-25,308000.0
Bellevue,5,3.5,3100,10200,1660,1440,1.0,0,4,3,1970,0,0,2014-06-25,905000.0
Snoqualmie,4,3.5,4000,15253,4000,0,2.0,0,0,3,2007,0,0,2014-06-25,762000.0
North Bend,4,2.0,2020,48693,2020,0,1.5,0,0,3,1949,0,0,2014-06-25,356000.0
Seattle,3,1.5,1840,5000,1340,500,1.5,0,0,5,1915,0,0,2014-06-25,750000.0
Kenmore,4,2.25,2100,9984,1290,810,1.0,0,0,4,1973,0,0,2014-06-25,418800.0
Auburn,4,2.25,2460,11250,2460,0,1.0,0,0,4,1959,0,0,2014-06-25,276000.0
Redmond,3,2.5,2610,7510,2610,0,2.0,0,0,3,1996,0,0,2014-06-25,725000.0
Maple Valley,3,2.0,1460,6377,1460,0,1.0,0,0,3,1995,0,0,2014-06-25,285000.0
Kent,3,1.0,1050,8498,1050,0,1.0,0,0,3,1958,0,0,2014-06-25,205000.0
Sammamish,3,2.5,1790,8144,1790,0,2.0,0,0,3,1989,0,0,2014-06-25,583000.0
Seattle,4,2.5,2180,3375,1420,760,1.5,0,0,4,1926,0,0,2014-06-25,657000.0
Des Moines,4,2.25,2050,9583,1770,280,2.0,0,2,3,1965,0,0,2014-06-25,386000.0
Renton,5,3.0,2790,19439,1500,1290,1.0,0,3,5,1973,0,0,2014-06-25,589950.0
Seattle,3,2.25,1700,3333,1100,600,1.5,0,0,3,1924,0,0,2014-06-25,575000.0
Snoqualmie,3,2.5,2380,6832,2380,0,2.0,0,0,3,2002,0,0,2014-06-25,574000.0
Seattle,5,2.0,2000,4211,1280,720,1.5,0,2,4,1908,0,0,2014-06-25,690500.0
Issaquah,2,1.75,1670,4008,1670,0,1.0,0,0,3,2005,0,0,2014-06-25,565000.0
Seattle,3,1.5,1190,4750,970,220,1.0,0,0,3,1940,0,0,2014-06-25,500000.0
Kent,6,2.25,3040,28535,1890,1150,1.0,0,0,3,1951,0,0,2014-06-25,330000.0
North Bend,2,1.0,780,3475,780,0,1.0,0,0,4,1930,0,0,2014-06-25,286000.0
Lake Forest Park,3,1.5,2330,11740,1330,1000,1.0,0,0,3,1954,0,0,2014-06-25,450000.0
Seattle,4,2.75,2840,4000,1960,880,1.5,0,0,5,1912,0,0,2014-06-25,870000.0
Redmond,4,2.5,2490,5170,2490,0,2.0,0,0,4,2000,0,0,2014-06-25,725000.0
Seattle,2,1.0,770,4840,770,0,1.0,0,0,4,1927,0,0,2014-06-25,275000.0
Seattle,3,2.75,1850,16960,1850,0,1.0,0,2,4,1953,0,0,2014-06-25,645000.0
Auburn,3,1.0,1090,3264,1090,0,1.0,0,0,4,1969,0,0,2014-06-25,152000.0
Seattle,4,2.0,1780,5336,930,850,1.5,0,0,5,1918,0,0,2014-06-25,315000.0
Seattle,1,0.75,930,29258,930,0,1.0,0,0,3,1941,0,0,2014-06-25,190000.0
Sammamish,4,2.5,2770,5686,2770,0,2.0,0,0,3,2004,0,0,2014-06-25,700000.0
Shoreline,3,1.0,1250,6180,1250,0,1.5,0,0,3,1955,0,0,2014-06-25,233000.0
Kent,4,2.25,1830,6136,1830,0,2.0,0,0,3,1990,0,0,2014-06-25,249000.0
Seattle,2,1.0,870,5400,870,0,1.0,0,0,3,1950,2007,1,2014-06-25,310000.0
Seattle,3,1.5,1150,8450,1150,0,1.0,0,0,4,1951,0,0,2014-06-25,265950.0
Seattle,5,3.25,4500,9648,3000,1500,2.0,0,4,4,1968,0,0,2014-06-25,860000.0
Auburn,3,1.0,1150,4800,1150,0,1.5,0,0,4,1938,0,0,2014-06-25,200000.0
Seattle,4,2.25,2000,3672,1650,350,2.0,0,0,5,1926,0,0,2014-06-25,402000.0
Seattle,6,2.0,1900,8240,1200,700,1.0,0,0,2,1964,0,0,2014-06-25,305000.0
Kirkland,3,1.75,1640,10695,1640,0,1.0,0,2,3,1975,0,0,2014-06-25,505000.0
Seattle,3,1.5,2680,4775,1880,800,2.0,0,2,5,1913,0,0,2014-06-25,1355000.0
Snoqualmie,3,2.5,2420,7307,2420,0,2.0,0,0,3,1998,0,0,2014-06-25,482000.0
Federal Way,3,1.75,1790,7650,1790,0,1.0,0,3,3,1978,0,0,2014-06-25,299950.0
Sammamish,4,2.5,3920,12415,3920,0,2.0,0,0,3,1997,0,0,2014-06-25,770000.0
Kent,3,2.25,1640,8400,1180,460,1.0,0,0,3,1968,0,0,2014-06-25,245700.0
Renton,3,1.0,890,8400,890,0,1.0,0,0,4,1954,0,0,2014-06-25,283000.0
Seattle,4,2.75,1910,16532,1420,490,1.0,0,0,4,1940,0,0,2014-06-25,650000.0
Bellevue,5,2.25,2140,7910,1070,1070,1.0,0,0,3,1962,0,0,2014-06-25,530000.0
Burien,3,1.75,2030,17100,2030,0,1.0,0,0,4,1953,0,0,2014-06-25,440000.0
Sammamish,4,4.5,4225,284011,4225,0,2.0,0,0,4,1985,0,0,2014-06-25,1005000.0
Issaquah,3,2.25,2680,9162,1570,1110,1.0,0,0,3,1978,0,0,2014-06-25,599990.0
Issaquah,4,2.5,2030,3974,2030,0,2.0,0,0,3,1994,0,0,2014-06-25,544000.0
Bellevue,5,3.5,5850,22885,4670,1180,2.0,0,2,4,1978,0,0,2014-06-25,1700000.0
Seattle,2,1.0,2060,8398,1260,800,1.0,0,0,3,1962,0,0,2014-06-25,270000.0
Seattle,2,1.0,1060,3036,1060,0,1.5,0,0,4,1943,0,0,2014-06-25,435000.0
Shoreline,3,1.0,1010,8184,1010,0,1.0,0,0,4,1947,0,0,2014-06-25,349000.0
Woodinville,4,2.25,3310,127631,3310,0,2.0,0,0,5,1924,1956,1,2014-06-25,1140000.0
Maple Valley,4,2.5,2000,10051,2000,0,2.0,0,0,3,1997,0,0,2014-06-25,320000.0
Newcastle,4,2.5,3070,8086,3070,0,2.0,0,0,3,2005,0,0,2014-06-25,804100.0
Seattle,3,2.25,1270,1406,1060,210,2.0,0,0,3,2014,0,0,2014-06-25,594000.0
Black Diamond,4,2.75,3110,49765,3110,0,1.0,0,0,4,1958,1972,1,2014-06-25,531500.0
Sammamish,3,2.0,2110,18815,2110,0,2.0,0,0,5,1979,0,0,2014-06-25,1150000.0
Kenmore,3,2.25,1400,11400,1400,0,2.0,0,0,3,1984,0,0,2014-06-25,374500.0
Seattle,4,2.75,2310,5650,1330,980,1.0,0,2,3,1952,2012,1,2014-06-25,450000.0
Bellevue,5,2.5,2700,16570,1750,950,1.0,0,0,4,1967,0,0,2014-06-25,744500.0
Bellevue,5,2.25,2370,15512,2370,0,2.0,0,0,4,1981,0,0,2014-06-25,913888.0
Seattle,4,2.5,2760,6000,2230,530,2.0,0,0,5,1942,0,0,2014-06-25,760000.0
Seattle,2,1.75,1610,6300,1010,600,1.0,0,0,3,1941,0,0,2014-06-25,346500.0
Renton,3,1.75,1230,8250,1230,0,1.0,0,0,3,1966,0,0,2014-06-25,280000.0
Bellevue,3,1.75,1900,11165,1900,0,1.0,0,0,4,1959,0,0,2014-06-25,557500.0
Des Moines,3,1.5,1580,8184,1140,440,1.0,0,0,3,1954,0,0,2014-06-25,260000.0
Seattle,3,1.5,1940,2885,1940,0,1.5,0,2,3,1900,0,0,2014-06-25,1330000.0
Seattle,3,1.75,1620,6000,1040,580,1.0,0,0,5,1947,0,0,2014-06-25,640000.0
Auburn,7,2.5,1940,5458,1940,0,2.0,0,0,3,1994,0,0,2014-06-25,280000.0
Federal Way,3,1.0,1230,8750,1230,0,1.0,0,0,3,1965,0,0,2014-06-25,205000.0
Seattle,5,3.25,3160,5000,2180,980,2.0,0,2,3,2005,0,0,2014-06-25,957000.0
Bellevue,5,2.5,2700,21208,1950,750,1.0,0,0,4,1955,0,0,2014-06-25,625000.0
Seattle,4,1.5,1880,6200,1440,440,1.0,0,2,5,1954,0,0,2014-06-25,680000.0
Burien,2,1.0,890,8100,890,0,1.0,0,0,3,1942,0,0,2014-06-25,150000.0
Kent,3,2.5,1720,3676,1720,0,2.0,0,0,3,1992,0,0,2014-06-25,255950.0
Maple Valley,3,2.5,1620,7686,1620,0,2.0,0,0,3,1989,0,0,2014-06-25,246500.0
Seattle,2,1.0,1380,4390,880,500,1.0,0,0,4,1931,0,0,2014-06-25,450000.0
Seattle,3,1.75,1870,9000,1870,0,1.0,0,0,5,1958,0,0,2014-06-25,595888.0
Snoqualmie,3,1.0,1970,22144,1970,0,1.0,0,0,4,1970,0,0,2014-06-25,454000.0
Shoreline,3,1.0,1110,8593,1110,0,1.0,0,0,3,1979,0,0,2014-06-25,299900.0
Auburn,3,2.0,1190,6833,1190,0,1.0,0,0,3,1995,0,0,2014-06-25,200000.0
Seattle,3,1.0,1150,11802,1150,0,1.0,0,0,4,1932,1958,1,2014-06-25,346500.0
Kirkland,4,2.75,2890,6825,1560,1330,1.0,0,0,3,1973,0,0,2014-06-25,585000.0
Woodinville,3,1.75,1500,13430,1500,0,1.0,0,0,3,1977,0,0,2014-06-25,383000.0
Seattle,4,2.5,1950,2617,1250,700,1.5,0,0,4,1910,0,0,2014-06-25,519000.0
Newcastle,3,1.5,1250,7700,1250,0,1.0,0,0,5,1968,0,0,2014-06-25,410000.0
Issaquah,4,2.5,2070,5415,2070,0,2.0,0,0,3,1996,0,0,2014-06-25,578000.0
Bellevue,4,3.5,4660,17398,4660,0,2.0,0,2,3,2003,0,0,2014-06-25,1280000.0
Seattle,2,2.25,1350,1493,1050,300,2.0,0,0,3,2007,0,0,2014-06-25,395000.0
Seattle,3,2.5,1800,2790,1800,0,2.0,0,0,3,2011,0,0,2014-06-25,364000.0
Auburn,3,2.25,1481,2820,1481,0,2.0,0,0,3,2012,0,0,2014-06-25,240000.0
Seattle,3,2.5,1730,3600,1730,0,2.0,0,0,3,2014,0,0,2014-06-25,328423.0
Kenmore,4,2.75,2720,4613,2720,0,2.0,0,0,3,2005,0,0,2014-06-25,594000.0
Seattle,3,2.5,2320,2267,2320,0,3.0,0,0,3,2009,0,0,2014-06-25,425000.0
Duvall,3,2.5,1860,3730,1860,0,2.0,0,0,3,2012,0,0,2014-06-25,309620.0
Pacific,5,2.5,2025,7760,2025,0,2.0,0,0,3,2007,0,0,2014-06-25,260000.0
Seattle,3,2.5,1400,1312,1400,0,3.5,0,0,3,2007,0,0,2014-06-25,563500.0
Seattle,5,3.0,2620,5477,2620,0,2.0,0,0,3,2009,0,0,2014-06-25,975000.0
Seattle,3,1.75,2450,2691,1750,700,2.0,0,0,3,1915,0,0,2014-06-26,937000.0
Seattle,3,3.5,1590,1102,1590,0,3.0,0,0,3,2010,0,0,2014-06-26,518500.0
Fall City,4,1.75,2085,174240,1610,475,1.0,0,0,3,1964,0,0,2014-06-26,563500.0
Bellevue,4,3.5,3450,7832,3450,0,2.0,0,0,3,2007,0,0,2014-06-26,1050000.0
Renton,3,2.25,1780,16290,1780,0,2.0,0,0,4,1987,0,0,2014-06-26,350000.0
Issaquah,4,2.5,3060,7140,3060,0,2.0,0,0,3,2006,0,0,2014-06-26,826000.0
Burien,3,2.0,1700,11475,970,730,1.0,0,0,5,1945,0,0,2014-06-26,225000.0
Renton,4,2.0,1330,5926,1330,0,1.0,0,0,4,1942,0,0,2014-06-26,235867.0
Covington,4,3.0,3060,5000,3060,0,2.0,0,0,3,2001,0,0,2014-06-26,399000.0
Renton,3,1.5,1220,6000,1220,0,1.0,0,0,3,1968,0,0,2014-06-26,177500.0
Auburn,4,1.5,1600,9289,1600,0,1.0,0,0,4,1959,0,0,2014-06-26,224000.0
Renton,4,1.75,1530,17664,1530,0,1.5,0,0,3,1968,0,0,2014-06-26,302000.0
Mercer Island,3,2.5,1980,13964,1980,0,1.0,0,0,5,1959,0,0,2014-06-26,760000.0
Kirkland,3,2.5,1730,8490,1210,520,1.0,0,0,3,1969,0,0,2014-06-26,460000.0
Seattle,3,1.0,1170,6700,1170,0,1.0,0,0,3,1957,0,0,2014-06-26,415000.0
Burien,2,1.75,1950,10766,1160,790,1.0,0,3,4,1952,0,0,2014-06-26,669000.0
Auburn,3,2.0,1470,20000,1470,0,1.0,0,0,4,1968,0,0,2014-06-26,254600.0
Seattle,3,1.5,1400,8840,1400,0,1.0,0,0,4,1952,0,0,2014-06-26,357250.0
Woodinville,4,3.5,4040,50479,4040,0,2.0,0,0,3,1987,0,0,2014-06-26,910000.0
Seattle,6,3.0,3110,5000,1810,1300,1.5,0,0,5,1921,0,0,2014-06-26,725000.0
Seattle,3,1.5,1490,4400,1490,0,1.5,0,0,4,1906,0,0,2014-06-26,670000.0
Seattle,4,1.5,1770,5750,1770,0,2.0,0,0,3,1947,0,0,2014-06-26,440000.0
Mercer Island,4,3.5,3320,19850,2040,1280,1.0,0,2,4,1977,0,0,2014-06-26,1025000.0
Seattle,2,1.0,950,5316,950,0,1.0,0,2,3,1948,0,0,2014-06-26,320000.0
Covington,4,2.5,2430,5499,2430,0,2.0,0,0,3,2002,0,0,2014-06-26,310000.0
Bellevue,4,2.5,2660,10800,2660,0,1.0,0,0,3,1955,2014,1,2014-06-26,772650.0
Sammamish,4,2.5,2670,11877,2670,0,2.0,0,0,3,1996,0,0,2014-06-26,669950.0
Seattle,5,3.5,2720,7598,1860,860,2.0,0,0,3,1993,0,0,2014-06-26,690000.0
Kent,4,2.5,3200,22651,1610,1590,1.0,0,0,5,1970,0,0,2014-06-26,385000.0
Vashon,3,2.5,2480,37843,2480,0,1.5,1,3,4,1974,0,0,2014-06-26,663000.0
Renton,3,2.25,1780,10395,1780,0,1.0,0,0,3,1967,0,0,2014-06-26,300000.0
Auburn,2,1.75,1590,11276,1590,0,1.0,0,0,4,1972,0,0,2014-06-26,225500.0
North Bend,3,2.0,1550,34175,1550,0,1.5,0,0,3,1999,0,0,2014-06-26,320000.0
Bellevue,3,2.75,2850,14800,1920,930,1.0,0,0,4,1976,0,0,2014-06-26,775000.0
Seattle,3,2.75,2600,5875,1600,1000,1.5,0,2,5,1929,0,0,2014-06-26,805000.0
Burien,4,1.0,1230,7410,1230,0,1.5,0,0,3,1944,0,0,2014-06-26,252750.0
Auburn,5,2.0,2080,16117,1740,340,1.0,0,0,5,1959,0,0,2014-06-26,254000.0
Snoqualmie,6,3.5,3600,6875,2740,860,2.0,0,0,3,2004,0,0,2014-06-26,620000.0
Bothell,4,2.75,2110,8751,1510,600,1.0,0,0,3,1962,0,0,2014-06-26,435000.0
Lake Forest Park,4,2.5,2550,19017,1300,1250,1.0,0,0,4,1961,0,0,2014-06-26,460000.0
Kent,3,2.5,1650,6684,1650,0,2.0,0,0,3,1991,0,0,2014-06-26,268000.0
Seattle,2,1.5,1370,1221,1080,290,2.0,0,0,3,2008,0,0,2014-06-26,446000.0
Lake Forest Park,2,1.0,1010,7200,1010,0,1.0,0,0,3,1975,0,0,2014-06-26,285000.0
Bellevue,3,2.0,2330,26571,2330,0,2.5,0,0,3,1987,0,0,2014-06-26,530000.0
Seattle,2,1.0,620,2475,620,0,1.0,0,0,5,1911,0,0,2014-06-26,402000.0
Snoqualmie,3,1.5,2450,12497,2450,0,1.0,0,0,4,1967,0,0,2014-06-26,358000.0
Federal Way,4,2.75,2530,7350,1280,1250,1.0,0,0,5,1977,0,0,2014-06-26,354950.0
Renton,4,2.5,2220,4652,2220,0,2.0,0,0,3,2001,0,0,2014-06-26,405000.0
Redmond,4,1.75,2110,265716,2110,0,1.0,0,0,4,1979,0,0,2014-06-26,568000.0
Des Moines,5,3.0,3690,49709,2690,1000,1.0,0,2,3,1960,0,0,2014-06-26,575000.0
Kent,4,2.5,1940,10200,1140,800,1.0,0,0,4,1977,0,0,2014-06-26,315000.0
Kent,4,2.25,2070,7350,2070,0,2.0,0,0,4,1977,0,0,2014-06-26,280927.0
Lake Forest Park,4,2.5,2160,7826,1390,770,1.0,0,0,4,1976,0,0,2014-06-26,440000.0
Seattle,4,2.25,2600,9900,1600,1000,1.0,0,0,3,1965,0,0,2014-06-26,270000.0
Seattle,4,2.75,2880,4000,2100,780,1.5,0,0,3,1912,2000,1,2014-06-26,755000.0
Kent,4,2.25,2260,7200,2260,0,2.0,0,0,4,1984,0,0,2014-06-26,289659.0
Maple Valley,5,3.0,3640,6930,3640,0,2.0,0,0,3,2004,0,0,2014-06-26,555000.0
Lake Forest Park,3,1.5,1530,23660,1530,0,1.0,0,0,3,1952,0,0,2014-06-26,450000.0
Seattle,3,2.5,2490,4000,1670,820,2.0,0,0,5,1918,0,0,2014-06-26,1145000.0
Sammamish,3,1.75,1440,11787,1440,0,1.0,0,0,3,1983,0,0,2014-06-26,495000.0
Seattle,3,3.0,3760,8500,3060,700,2.5,0,3,4,1910,0,0,2014-06-26,1250000.0
Redmond,4,1.75,1720,6975,1420,300,1.0,0,0,3,1975,0,0,2014-06-26,580000.0
Kenmore,4,2.5,2480,16360,1510,970,1.0,0,0,5,1959,0,0,2014-06-26,560000.0
Bellevue,4,3.5,3990,5267,3990,0,2.0,0,0,3,2008,0,0,2014-06-26,1080000.0
Seattle,2,1.75,840,3340,700,140,1.0,0,0,3,1912,0,0,2014-06-26,450000.0
Mercer Island,3,2.0,2270,11989,2270,0,1.0,0,0,4,1968,0,0,2014-06-26,815000.0
Kent,4,2.5,2580,5476,2580,0,2.0,0,0,3,2005,0,0,2014-06-26,354000.0
Federal Way,3,1.75,1580,6620,1580,0,1.0,0,0,3,1988,0,0,2014-06-26,279900.0
Seattle,2,1.0,950,7954,950,0,1.0,0,0,4,1941,0,0,2014-06-26,339000.0
Seattle,4,3.5,3190,5040,2160,1030,2.0,0,3,3,2003,0,0,2014-06-26,1340000.0
Burien,3,3.25,3740,136915,3100,640,2.5,0,0,3,1990,0,0,2014-06-26,710000.0
Seattle,4,2.75,2620,4743,1310,1310,1.0,0,2,4,1949,0,0,2014-06-26,815000.0
Kirkland,3,1.75,2080,75794,2080,0,1.0,0,0,3,1958,0,0,2014-06-26,800000.0
Seattle,3,2.0,1660,3729,970,690,1.0,0,0,5,1922,0,0,2014-06-26,638000.0
Sammamish,3,1.75,1520,11085,1520,0,1.0,0,0,3,1983,0,0,2014-06-26,475580.0
Issaquah,3,1.0,1140,27760,1140,0,1.0,0,0,4,1981,0,0,2014-06-26,243800.0
Snoqualmie,3,2.5,3240,8016,2910,330,2.0,0,0,3,2004,0,0,2014-06-26,600000.0
Issaquah,3,2.0,2460,41343,2460,0,1.0,0,0,4,1988,0,0,2014-06-26,620000.0
Seattle,4,2.75,1750,5080,1750,0,1.5,0,0,3,1903,0,0,2014-06-26,750000.0
Seattle,3,1.75,2430,5000,1760,670,2.0,0,0,4,1945,0,0,2014-06-26,626000.0
SeaTac,3,1.0,1060,9946,1060,0,1.0,0,0,4,1956,0,0,2014-06-26,230000.0
Lake Forest Park,3,3.0,2410,7479,2410,0,2.0,0,2,3,1942,1988,1,2014-06-26,537000.0
Burien,2,1.0,720,8040,720,0,1.0,0,0,3,1943,0,0,2014-06-26,210000.0
Kent,3,1.75,1260,9346,1260,0,1.0,0,0,4,1963,0,0,2014-06-26,200500.0
Federal Way,3,1.0,1640,12384,1090,550,1.0,0,0,4,1954,0,0,2014-06-26,253500.0
Auburn,3,1.0,1310,9612,960,350,1.0,0,0,3,1962,0,0,2014-06-26,150000.0
Seattle,3,1.5,2120,6290,1220,900,1.0,0,0,4,1949,0,0,2014-06-26,440000.0
Enumclaw,3,1.75,3320,478288,2260,1060,1.5,0,3,4,1933,1982,1,2014-06-26,667000.0
Bellevue,3,1.0,1210,9622,1210,0,1.0,0,1,3,1955,2009,1,2014-06-26,660000.0
Bellevue,3,2.75,2590,12063,2590,0,2.0,0,0,3,1993,0,0,2014-06-26,695000.0
Renton,4,2.5,2250,7526,2250,0,2.0,0,0,3,1989,0,0,2014-06-26,440000.0
Clyde Hill,4,3.0,4040,20001,2020,2020,1.0,0,0,3,1972,2001,1,2014-06-26,1388000.0
Auburn,3,1.0,1090,6710,1090,0,1.5,0,0,5,1912,0,0,2014-06-26,219500.0
Auburn,3,1.5,1660,15600,1660,0,2.0,0,0,3,1981,0,0,2014-06-26,220000.0
Auburn,2,1.0,1780,81021,1780,0,1.0,0,3,4,1954,0,0,2014-06-26,270000.0
Seattle,4,3.5,3370,5000,2470,900,2.0,0,2,3,2008,0,0,2014-06-26,900000.0
Seattle,5,3.0,4480,5000,3420,1060,2.5,0,0,5,1902,0,0,2014-06-26,1990000.0
Woodinville,4,2.5,2990,16809,2990,0,2.0,0,0,3,1990,0,0,2014-06-26,800000.0
Burien,5,2.0,2280,19000,2280,0,1.5,0,0,3,1924,0,0,2014-06-26,365000.0
Seattle,3,3.0,2480,5500,1730,750,2.0,0,3,3,1950,2005,1,2014-06-26,1387800.0
Kirkland,5,2.75,2830,8925,2830,0,1.5,0,0,3,1967,0,0,2014-06-26,451000.0
Burien,2,1.0,920,7569,920,0,1.0,0,0,4,1950,0,0,2014-06-26,202000.0
Medina,4,2.25,3250,16684,3250,0,2.0,0,0,3,1979,0,0,2014-06-26,1410000.0
Seattle,2,1.75,1240,6417,1240,0,1.0,0,0,5,1924,0,0,2014-06-26,471000.0
Bellevue,4,2.5,3230,12100,1870,1360,1.0,0,0,3,1977,0,0,2014-06-26,827000.0
Des Moines,5,2.5,2500,9583,1300,1200,1.0,0,0,3,1979,0,0,2014-06-26,235000.0
Des Moines,2,1.75,1390,4482,1390,0,1.0,0,0,4,1980,0,0,2014-06-26,216500.0
Burien,5,1.75,1940,6654,1940,0,1.5,0,0,4,1953,0,0,2014-06-26,359000.0
Federal Way,3,2.0,1900,8002,1900,0,1.0,0,0,3,1991,0,0,2014-06-26,252500.0
Kenmore,3,1.5,2380,14500,1850,530,1.0,0,0,4,1961,0,0,2014-06-26,370000.0
Seattle,3,2.0,1480,3876,860,620,1.0,0,0,5,1928,0,0,2014-06-26,663000.0
Renton,4,3.75,3460,6738,3460,0,2.0,0,0,3,2013,0,0,2014-06-26,971971.0
Vashon,3,1.75,1444,249126,1444,0,1.5,0,0,3,2008,0,0,2014-06-26,420000.0
Duvall,4,3.0,1930,3031,1200,730,1.0,0,0,3,2006,0,0,2014-06-26,330675.0
Seattle,4,1.0,1200,2171,1200,0,1.5,0,0,3,1933,0,0,2014-06-26,240000.0
Auburn,3,2.5,1769,7324,1769,0,2.0,0,0,3,2012,0,0,2014-06-26,334888.0
Renton,3,2.5,2490,4540,2490,0,2.5,0,0,3,2012,0,0,2014-06-26,414000.0
Issaquah,4,3.25,3060,3898,2300,760,2.0,0,0,3,2014,0,0,2014-06-26,782900.0
Renton,4,2.75,3030,6625,3030,0,2.0,0,0,3,2011,0,0,2014-06-26,525000.0
Duvall,3,2.5,2370,5353,2370,0,2.0,0,0,3,2009,0,0,2014-06-26,429900.0
Seattle,3,3.25,1370,913,1100,270,2.0,0,0,3,2006,0,0,2014-06-26,390000.0
Black Diamond,3,1.75,1500,11968,1500,0,1.0,0,0,3,2014,0,0,2014-06-26,224000.0
Federal Way,3,2.25,1715,6819,1715,0,2.0,0,0,3,1995,0,0,2014-06-27,257500.0
Seattle,2,1.0,1110,3200,1110,0,1.0,0,0,3,1925,0,0,2014-06-27,665000.0
Auburn,5,2.75,2400,8050,2400,0,2.0,0,0,3,1998,0,0,2014-06-27,327000.0
Renton,3,1.0,1520,213444,1520,0,1.5,0,3,5,1988,0,0,2014-06-27,425000.0
Sammamish,4,2.75,3190,10970,3190,0,2.0,0,0,3,1994,0,0,2014-06-27,687500.0
Seattle,3,2.25,2400,5300,1250,1150,1.5,0,0,4,1939,0,0,2014-06-27,672500.0
Des Moines,3,1.0,1060,7473,1060,0,1.0,0,0,3,1959,0,0,2014-06-27,140000.0
Auburn,2,1.75,1220,15600,1220,0,1.0,0,0,3,1972,0,0,2014-06-27,215500.0
Kirkland,4,2.25,2020,8424,1380,640,1.0,0,0,4,1979,0,0,2014-06-27,464900.0
Seattle,4,2.25,2300,7700,1380,920,1.0,0,0,3,1959,0,0,2014-06-27,417000.0
Vashon,4,2.75,2300,37533,1550,750,1.0,0,3,5,1979,0,0,2014-06-27,453000.0
Seattle,3,2.5,1660,1545,1400,260,2.0,0,2,3,2002,0,0,2014-06-27,700000.0
Bellevue,4,3.0,3900,9750,2520,1380,1.0,0,4,5,1972,0,0,2014-06-27,1619999.0
SeaTac,3,1.75,1650,12349,1650,0,1.0,0,0,3,1957,0,0,2014-06-27,259500.0
Issaquah,4,2.5,2110,35091,1290,820,1.0,0,0,4,1985,0,0,2014-06-27,460000.0
Seattle,3,1.75,1960,6380,980,980,1.0,0,0,4,1939,0,0,2014-06-27,561500.0
Carnation,4,2.5,2770,63118,2770,0,2.0,0,0,3,1997,0,0,2014-06-27,641000.0
Kent,4,1.75,2440,7350,1610,830,1.0,0,0,3,1978,0,0,2014-06-27,330000.0
Seattle,2,1.0,1320,8380,1320,0,1.0,0,0,3,1953,0,0,2014-06-27,447000.0
Maple Valley,4,2.5,2570,4865,2570,0,2.0,0,0,3,2005,0,0,2014-06-27,320000.0
Seattle,2,1.0,940,5040,940,0,1.0,0,0,3,1926,0,0,2014-06-27,212700.0
Seattle,2,1.0,700,4800,700,0,1.0,0,0,3,1922,0,0,2014-06-27,260000.0
Vashon,3,2.0,1400,45738,1400,0,2.0,0,0,4,1981,0,0,2014-06-27,410000.0
Maple Valley,4,2.5,1890,7867,1890,0,2.0,0,0,3,1996,0,0,2014-06-27,355000.0
Shoreline,2,1.0,720,11400,720,0,1.0,0,0,5,1951,0,0,2014-06-27,275500.0
Renton,3,1.75,2410,8944,1860,550,1.0,0,0,4,1967,0,0,2014-06-27,415000.0
Kent,3,2.5,1630,7950,1320,310,1.0,0,0,3,1985,0,0,2014-06-27,279000.0
Renton,5,1.75,2330,14322,1180,1150,1.0,0,0,4,1968,0,0,2014-06-27,350000.0
Kenmore,2,2.25,1330,10838,1330,0,2.0,0,0,3,1985,0,0,2014-06-27,355000.0
Sammamish,4,2.25,3190,11597,2300,890,2.0,0,0,3,1984,0,0,2014-06-27,750000.0
Enumclaw,3,1.75,1400,6300,1400,0,1.0,0,0,3,1998,0,0,2014-06-27,235000.0
Federal Way,3,1.0,970,9583,970,0,1.0,0,0,4,1967,0,0,2014-06-27,209950.0
Covington,3,1.75,1010,9600,1010,0,1.0,0,0,5,1969,0,0,2014-06-27,230000.0
Maple Valley,3,2.5,3580,54450,3580,0,1.5,0,0,3,1990,0,0,2014-06-27,725000.0
Seattle,2,1.0,1050,2570,850,200,1.0,0,0,5,1927,0,0,2014-06-27,430000.0
Redmond,5,2.5,2500,7200,1490,1010,1.0,0,0,4,1977,0,0,2014-06-27,661500.0
Redmond,3,3.0,2630,4896,2630,0,2.0,0,0,3,2006,0,0,2014-06-27,738000.0
Woodinville,4,4.5,6640,53330,6640,0,2.0,0,0,3,1993,0,0,2014-06-27,1820000.0
Seattle,3,1.0,910,8789,910,0,1.0,0,0,3,1966,0,0,2014-06-27,221000.0
Woodinville,3,2.5,2610,35000,2610,0,2.0,0,0,3,1988,0,0,2014-06-27,665000.0
Auburn,3,2.5,1720,6194,1720,0,2.0,0,0,3,1998,0,0,2014-06-27,255000.0
Mercer Island,5,2.75,3650,13297,2750,900,2.0,0,0,5,1969,0,0,2014-06-27,1195000.0
Kent,3,1.75,2040,22693,2040,0,1.0,0,0,4,1980,0,0,2014-06-27,355000.0
Lake Forest Park,5,2.5,3260,24300,2310,950,1.5,0,1,4,1950,0,0,2014-06-27,755000.0
Kenmore,3,1.5,1590,8911,1590,0,1.0,0,0,3,1956,0,0,2014-06-27,300000.0
Seattle,4,1.0,1440,7100,1440,0,1.5,0,0,3,1906,0,0,2014-06-27,500000.0
Seattle,2,1.0,900,3400,900,0,1.0,0,0,5,1905,0,0,2014-06-27,191000.0
Seattle,6,4.0,3120,4240,2090,1030,2.0,0,2,4,1993,0,0,2014-06-27,315000.0
Seattle,3,2.5,1060,1536,1060,0,2.0,0,0,3,2000,0,0,2014-06-27,415000.0
Maple Valley,4,2.5,3000,9793,3000,0,2.0,0,0,3,2002,0,0,2014-06-27,394000.0
Snoqualmie,3,2.5,2230,5348,2230,0,2.0,0,0,3,2000,0,0,2014-06-27,490000.0
Seattle,5,1.75,1890,5000,1090,800,1.5,0,0,3,1906,0,0,2014-06-27,523460.0
Auburn,4,3.5,4150,16197,4150,0,2.0,0,0,3,2006,0,0,2014-06-27,550000.0
Renton,3,1.75,1780,10409,1280,500,1.0,0,0,3,1981,0,0,2014-06-27,342000.0
Renton,4,2.5,2710,6583,2710,0,2.0,0,0,3,2003,0,0,2014-06-27,560000.0
Issaquah,4,4.25,4390,13833,3320,1070,2.0,0,3,3,2003,0,0,2014-06-27,1050000.0
Seattle,2,1.5,1640,4080,1540,100,1.5,0,0,5,1916,0,0,2014-06-27,710000.0
Seattle,3,2.25,1670,4800,1670,0,1.5,0,3,3,1903,0,0,2014-06-27,1020000.0
Kent,3,2.5,2570,10431,2570,0,2.0,0,0,3,1989,0,0,2014-06-27,399950.0
Seattle,2,1.0,1500,3420,1500,0,1.0,0,0,3,1902,0,0,2014-06-27,480000.0
Burien,3,1.0,2710,19000,2710,0,2.0,0,3,4,1950,0,0,2014-06-27,410000.0
Woodinville,4,1.75,2860,48351,1710,1150,1.0,0,0,3,1978,0,0,2014-06-27,530000.0
Vashon,2,0.75,840,40642,840,0,1.0,1,4,4,1937,0,0,2014-06-27,528000.0
Renton,4,2.5,2990,8913,2990,0,2.0,0,0,4,1991,0,0,2014-06-27,469900.0
Seattle,5,1.0,1170,6757,800,370,1.0,0,0,4,1944,0,0,2014-06-27,397000.0
Seattle,3,1.5,1200,6240,1030,170,1.0,0,0,3,1952,0,0,2014-06-27,718500.0
Seattle,2,1.0,1020,8100,1020,0,1.0,0,0,3,1940,0,0,2014-06-27,195000.0
Shoreline,2,1.0,910,8155,910,0,1.0,0,0,4,1948,0,0,2014-06-27,285000.0
Seattle,1,1.0,700,2500,700,0,1.0,0,0,4,1907,0,0,2014-06-27,295000.0
Redmond,4,1.75,2420,37800,1880,540,1.0,0,0,4,1981,0,0,2014-06-27,602000.0
Renton,3,1.75,1950,8712,1950,0,1.0,0,0,3,1960,0,0,2014-06-27,235000.0
Maple Valley,4,2.5,3060,6000,3060,0,2.0,0,0,3,2012,0,0,2014-06-27,465000.0
Kent,4,1.0,1390,18000,1390,0,1.0,0,0,3,1955,2013,1,2014-06-27,234000.0
Seattle,2,1.5,1200,1687,1200,0,3.0,0,0,3,2008,0,0,2014-06-27,504200.0
Redmond,3,2.5,2440,4153,2440,0,2.0,0,0,3,2003,0,0,2014-06-27,710000.0
Seattle,3,3.25,2310,3075,1730,580,2.0,0,0,3,2005,0,0,2014-06-27,589500.0
Skykomish,3,2.75,2600,64626,2600,0,1.5,0,0,3,2009,0,0,2014-06-27,415000.0
Seattle,3,2.25,1490,1212,1040,450,2.0,0,0,3,2011,0,0,2014-06-27,735000.0
Federal Way,3,2.5,2432,9391,2432,0,2.0,0,2,3,2005,0,0,2014-06-27,427000.0
Kirkland,4,2.75,3610,8580,3610,0,2.0,0,0,3,2014,0,0,2014-06-27,982000.0
Burien,4,3.0,2530,10000,2530,0,2.0,0,0,3,2013,0,0,2014-06-27,459000.0
North Bend,4,2.75,2790,5527,2790,0,2.0,0,0,3,2014,0,0,2014-06-27,483453.0
Enumclaw,3,3.0,1670,4440,1670,0,1.0,0,0,3,2014,0,0,2014-06-27,246950.0
Seattle,1,1.5,1170,1456,1070,100,2.0,0,0,3,2007,0,0,2014-06-27,235000.0
Issaquah,4,2.0,1350,942,1350,0,3.0,0,0,3,2008,0,0,2014-06-27,288790.0
Seattle,2,1.75,1110,1773,1110,0,2.0,0,0,3,2014,0,0,2014-06-27,229800.0
Seattle,1,1.25,1100,638,1100,0,3.0,0,0,3,2014,0,0,2014-06-27,516500.0
Seattle,3,4.25,2820,7200,2460,360,2.0,0,0,4,1930,0,0,2014-06-28,1600000.0
Duvall,3,1.0,1040,8128,1040,0,1.0,0,0,3,1983,0,0,2014-06-28,234000.0
Maple Valley,2,1.75,1910,3376,1910,0,2.0,0,0,3,1980,0,0,2014-06-28,230000.0
Shoreline,4,1.0,1370,8499,1370,0,1.0,0,0,3,1949,0,0,2014-06-28,300000.0
Seattle,3,1.5,1500,5000,1140,360,1.5,0,0,4,1927,0,0,2014-06-28,470000.0
Newcastle,3,1.0,1200,9087,1200,0,1.0,0,0,5,1969,0,0,2014-06-28,339900.0
Seattle,2,1.0,1050,2542,880,170,1.0,0,0,3,1904,0,0,2014-06-28,650000.0
Seattle,5,2.5,2670,16777,1620,1050,1.5,0,0,4,1920,0,0,2014-06-28,585000.0
Bellevue,4,2.5,2190,11500,1430,760,1.0,0,0,4,1972,0,0,2014-06-28,699900.0
North Bend,4,2.5,3130,40918,3130,0,2.0,0,0,3,1994,0,0,2014-06-28,598000.0
Seattle,3,2.5,1700,9100,1160,540,1.0,0,0,3,1998,0,0,2014-06-28,475000.0
Maple Valley,3,1.75,1700,17355,1200,500,1.0,0,0,3,1978,0,0,2014-06-28,314500.0
Seattle,3,3.5,1360,1275,1240,120,2.0,0,0,3,2007,0,0,2014-06-29,397000.0
Carnation,3,2.0,1610,15005,1610,0,1.0,0,0,4,1986,0,0,2014-06-29,345000.0
Seattle,5,2.75,2130,6222,1300,830,1.0,0,0,3,1991,0,0,2014-06-29,325000.0
Renton,3,1.0,1800,7650,1800,0,1.0,0,0,5,1957,0,0,2014-06-29,265000.0
Kent,4,2.75,2950,15540,2120,830,1.0,0,0,4,1974,0,0,2014-06-29,402000.0
Bellevue,3,2.25,2120,54014,2120,0,2.0,0,0,4,1964,0,0,2014-06-29,835000.0
Redmond,4,2.5,3500,7048,3500,0,2.0,0,0,3,2005,0,0,2014-06-30,780000.0
Des Moines,3,2.0,1440,9220,1440,0,1.0,0,0,3,1965,0,0,2014-06-30,250000.0
Seattle,4,2.0,2120,3360,2120,0,2.0,0,0,3,1905,0,0,2014-06-30,1200000.0
Bellevue,2,2.5,1780,2067,1780,0,2.0,0,0,5,1974,0,0,2014-06-30,935000.0
Shoreline,2,1.0,960,8153,960,0,1.0,0,0,3,1947,0,0,2014-06-30,300000.0
Redmond,2,1.75,1510,4980,1510,0,1.0,0,0,3,2006,0,0,2014-06-30,419000.0
Seattle,1,1.5,1010,5750,1010,0,1.0,0,0,3,1911,1948,1,2014-06-30,410000.0
Seattle,3,3.0,3790,5001,2810,980,2.0,0,0,3,1989,0,0,2014-06-30,1165000.0
Kirkland,3,1.75,3600,8666,2400,1200,2.0,0,0,4,1948,0,0,2014-06-30,461000.0
Kirkland,3,1.75,1300,7030,1300,0,1.0,0,0,3,1968,0,0,2014-06-30,385000.0
Seattle,4,2.25,2500,4046,1520,980,1.5,0,0,4,1940,0,0,2014-06-30,669500.0
Seattle,3,2.25,2090,10733,1440,650,1.0,0,0,3,1958,0,0,2014-06-30,491950.0
Bellevue,3,1.75,2200,14630,2200,0,1.5,0,1,3,1948,2003,1,2014-06-30,1230000.0
Lake Forest Park,3,2.25,2070,15002,2070,0,1.5,0,0,3,1955,2013,1,2014-06-30,560000.0
Shoreline,3,1.0,1320,7341,1320,0,1.0,0,0,3,1982,0,0,2014-06-30,370000.0
Auburn,4,2.0,1360,60548,960,400,1.0,0,0,3,1960,0,0,2014-06-30,263400.0
Burien,2,1.0,930,7623,930,0,1.0,0,0,2,1942,0,0,2014-06-30,100000.0
Burien,3,2.5,1760,8584,1760,0,1.5,0,0,5,1937,0,0,2014-06-30,289950.0
Maple Valley,3,1.75,1410,8100,1410,0,2.0,0,0,3,1985,0,0,2014-06-30,263000.0
Maple Valley,4,2.5,2570,7859,2570,0,2.0,0,0,3,1992,0,0,2014-06-30,397500.0
Kent,3,2.75,1300,14197,860,440,1.0,0,0,3,1996,0,0,2014-06-30,245000.0
Seattle,3,1.0,1580,6300,1180,400,1.0,0,0,3,1925,0,0,2014-06-30,535000.0
Maple Valley,4,2.5,2960,6031,2960,0,2.0,0,0,3,2005,0,0,2014-06-30,449000.0
Seattle,4,3.0,2330,3497,1920,410,2.0,0,0,3,2003,0,0,2014-06-30,490000.0
Lake Forest Park,4,2.25,2070,39446,1470,600,1.0,0,0,3,1977,0,0,2014-06-30,445800.0
Seattle,2,1.0,970,5750,970,0,1.0,0,0,4,1932,0,0,2014-06-30,345000.0
Kent,3,2.25,2310,7200,2310,0,2.0,0,0,3,1990,0,0,2014-06-30,327500.0
Renton,4,2.5,2290,11173,2290,0,2.0,0,0,4,1988,0,0,2014-06-30,436500.0
Redmond,3,2.25,1720,9600,1220,500,1.0,0,0,4,1967,0,0,2014-06-30,550000.0
Seattle,2,1.5,1190,3400,990,200,1.0,0,0,3,1919,0,0,2014-06-30,441000.0
Seattle,2,1.0,870,5750,870,0,1.0,0,0,4,1947,0,0,2014-06-30,406500.0
Kenmore,2,1.5,1068,1758,1068,0,2.0,0,0,3,1990,0,0,2014-06-30,243000.0
Auburn,4,2.75,2140,10316,2140,0,2.0,0,0,3,1993,0,0,2014-06-30,359500.0
Woodinville,4,2.5,3300,165528,3300,0,2.0,0,0,3,1984,0,0,2014-06-30,760000.0
Seattle,5,4.25,4830,8050,3710,1120,2.5,0,2,4,1914,0,0,2014-06-30,1925000.0
Seattle,5,3.25,2820,6589,2320,500,1.5,0,0,3,1906,2014,1,2014-06-30,408000.0
Kenmore,4,3.0,2440,9664,1890,550,2.0,0,0,3,1981,0,0,2014-06-30,480000.0
Seattle,4,1.5,1800,3245,1800,0,1.5,0,0,4,1929,0,0,2014-06-30,875000.0
Seattle,3,1.0,1010,8800,1010,0,1.0,0,0,4,1954,0,0,2014-06-30,308000.0
Seattle,4,2.75,3220,4392,2320,900,1.5,0,0,4,1931,0,0,2014-06-30,880000.0
Mercer Island,5,3.5,5000,26540,3410,1590,2.0,0,3,3,2008,0,0,2014-06-30,1730000.0
Redmond,2,1.0,1200,24792,1200,0,2.0,0,0,2,1976,0,0,2014-06-30,170000.0
Issaquah,3,2.25,1470,4322,1470,0,2.0,0,0,3,1985,0,0,2014-06-30,491500.0
Kenmore,3,2.5,2600,4506,2600,0,2.0,0,0,3,2003,0,0,2014-06-30,515000.0
Renton,4,1.5,2750,128502,1500,1250,1.0,0,0,2,1958,0,0,2014-06-30,550000.0
Seattle,2,1.0,1320,9967,940,380,1.0,0,0,3,1919,0,0,2014-06-30,255000.0
Kirkland,3,2.5,3350,4007,2550,800,2.0,0,0,3,2005,0,0,2014-06-30,635000.0
Seattle,3,2.5,2650,2387,1830,820,2.0,0,0,3,1920,0,0,2014-06-30,850000.0
Seattle,2,2.0,1860,10856,1260,600,1.0,0,0,3,1952,0,0,2014-06-30,265000.0
Shoreline,3,1.0,960,8855,960,0,1.0,0,0,4,1958,0,0,2014-06-30,349810.0
Seattle,4,1.75,2010,6300,1610,400,1.0,0,2,5,1937,0,0,2014-06-30,972000.0
Snoqualmie,2,1.0,900,28800,900,0,1.0,0,0,1,1928,0,0,2014-06-30,235000.0
Kent,4,2.5,2340,11784,2340,0,2.0,0,0,3,1997,0,0,2014-06-30,330000.0
Renton,4,3.0,3720,15048,3720,0,3.0,0,0,3,1979,2014,1,2014-06-30,500000.0
Bellevue,3,2.0,1890,29185,1470,420,1.0,0,0,3,1949,2013,1,2014-06-30,570000.0
Normandy Park,4,2.5,2680,12215,1590,1090,1.0,1,4,3,1956,0,0,2014-06-30,1309500.0
Seattle,3,2.5,1460,1613,1180,280,2.0,0,0,3,2007,0,0,2014-06-30,544000.0
Renton,3,2.5,3180,7904,1810,1370,1.0,0,0,3,2006,0,0,2014-06-30,439000.0
Sammamish,4,2.25,1980,15086,1980,0,2.0,0,0,3,1981,0,0,2014-06-30,530000.0
Seattle,2,2.0,1090,934,1090,0,3.0,0,0,3,2008,0,0,2014-06-30,427500.0
Covington,4,2.5,2230,5970,2230,0,2.0,0,0,4,2002,0,0,2014-06-30,337000.0
Kirkland,4,2.75,3330,9143,3330,0,2.0,0,0,4,1995,0,0,2014-06-30,1095000.0
Seattle,4,2.0,1880,3840,970,910,1.0,0,0,3,1904,0,0,2014-06-30,435000.0
Seattle,5,3.0,2870,5700,1950,920,1.0,0,0,3,1964,0,0,2014-06-30,765000.0
Shoreline,4,1.75,2120,9786,1640,480,1.0,0,0,3,1967,0,0,2014-06-30,492650.0
Tukwila,4,2.5,2700,6998,2700,0,2.0,0,0,3,2001,0,0,2014-06-30,383962.0
Issaquah,4,2.5,3670,7680,3670,0,2.5,0,0,3,2007,0,0,2014-06-30,950000.0
Seattle,3,2.5,1220,1330,1010,210,2.0,0,0,3,2008,0,0,2014-06-30,457000.0
Mercer Island,5,3.25,4390,11250,4390,0,2.0,0,0,3,2007,0,0,2014-06-30,1510000.0
Redmond,4,2.5,3560,5265,3560,0,3.0,0,0,3,2014,0,0,2014-06-30,882566.0
Kirkland,4,3.25,3530,8589,3530,0,2.0,0,0,3,2007,0,0,2014-06-30,963000.0
Maple Valley,4,2.5,2280,5000,2280,0,2.0,0,0,3,2006,0,0,2014-06-30,345000.0
Bellevue,4,3.75,4350,7965,4350,0,2.0,0,0,3,2013,0,0,2014-06-30,2065000.0
Woodinville,3,3.5,3830,221284,3530,300,2.0,0,0,3,1993,0,0,2014-07-01,800000.0
Federal Way,3,2.0,2050,13303,2050,0,1.0,0,0,3,1993,0,0,2014-07-01,314500.0
Enumclaw,3,2.5,3660,39478,3260,400,2.0,0,2,4,1989,0,0,2014-07-01,530000.0
Black Diamond,4,2.5,3350,46748,3350,0,2.0,0,0,3,2004,0,0,2014-07-01,650000.0
Seattle,3,2.0,1270,3600,1270,0,1.0,0,0,3,1963,0,0,2014-07-01,349500.0
Seattle,4,3.5,3400,3850,2790,610,2.5,0,0,3,2008,0,0,2014-07-01,1198000.0
Enumclaw,3,1.0,1200,8514,1200,0,1.0,0,0,3,1959,0,0,2014-07-01,165050.0
Bellevue,3,2.5,2200,11000,2200,0,2.0,0,2,3,1978,0,0,2014-07-01,580000.0
Seattle,3,2.5,1680,11312,1080,600,1.0,0,0,3,1959,0,0,2014-07-01,330000.0
Sammamish,5,3.5,3840,8279,3840,0,2.0,0,0,3,2001,0,0,2014-07-01,875000.0
Seattle,2,1.0,950,4500,850,100,1.0,0,2,3,1926,0,0,2014-07-01,500000.0
Kent,4,2.5,2280,42077,2280,0,2.0,0,0,3,1994,0,0,2014-07-01,445000.0
Kent,4,2.5,1970,6600,1970,0,2.0,0,0,3,1987,0,0,2014-07-01,274900.0
Covington,3,1.5,1620,9310,1620,0,1.0,0,0,4,1967,0,0,2014-07-01,219950.0
Seattle,4,2.5,2600,7200,2600,0,2.0,0,0,3,1962,2002,1,2014-07-01,691500.0
Seattle,2,1.0,1250,3825,850,400,1.0,0,0,3,1929,0,0,2014-07-01,459500.0
Seattle,4,1.75,2130,5080,2130,0,1.5,0,0,3,1914,1993,1,2014-07-01,955500.0
Kent,4,1.75,2550,8976,1300,1250,1.0,0,0,5,1978,0,0,2014-07-01,328950.0
North Bend,3,1.0,1150,6000,1150,0,1.5,0,0,3,1927,0,0,2014-07-01,307000.0
Issaquah,3,1.75,1040,9000,1040,0,1.0,0,0,4,1967,0,0,2014-07-01,382500.0
Kirkland,4,2.5,3340,10422,3340,0,2.0,0,0,3,1996,0,0,2014-07-01,1150000.0
Seattle,6,2.75,2630,9420,2510,120,2.0,0,0,5,1900,0,0,2014-07-01,1297000.0
Issaquah,3,2.25,1640,3896,1640,0,2.0,0,0,3,1994,0,0,2014-07-01,478000.0
Shoreline,2,1.0,770,7906,770,0,1.0,0,0,4,1948,0,0,2014-07-01,260000.0
Issaquah,4,3.25,4350,112750,2200,2150,1.0,0,0,3,2006,0,0,2014-07-01,850000.0
Seattle,4,1.75,1700,5846,1700,0,1.0,0,0,3,1957,0,0,2014-07-01,616000.0
Sammamish,3,1.75,2050,9580,1400,650,1.0,0,0,3,1984,0,0,2014-07-01,540000.0
Duvall,3,2.25,1660,5128,1660,0,2.0,0,0,3,2001,0,0,2014-07-01,300000.0
Redmond,3,1.75,1990,9594,1190,800,1.0,0,0,3,1977,0,0,2014-07-01,507500.0
Clyde Hill,5,5.5,7050,42840,4320,2730,1.0,0,2,4,1978,0,0,2014-07-01,3800000.0
Auburn,3,2.0,1770,7000,1770,0,1.0,0,0,3,1986,0,0,2014-07-01,241000.0
Redmond,3,2.25,2440,47916,2090,350,2.0,0,0,3,1991,0,0,2014-07-01,485000.0
Woodinville,3,2.5,2620,51354,2620,0,2.0,0,0,3,1998,0,0,2014-07-01,695000.0
Newcastle,4,2.5,2440,11005,2440,0,2.0,0,0,3,1994,0,0,2014-07-01,548000.0
Seattle,2,1.0,1080,7775,1080,0,1.0,0,0,3,1955,0,0,2014-07-01,345000.0
Renton,3,1.0,1090,10710,1090,0,1.0,0,0,4,1962,0,0,2014-07-01,280000.0
Kenmore,3,1.75,1400,13775,1400,0,1.0,0,0,3,1963,0,0,2014-07-01,450000.0
Kenmore,3,2.5,2010,7200,2010,0,2.0,0,0,3,1994,0,0,2014-07-01,515000.0
Bellevue,3,1.0,1640,12855,1500,140,1.5,0,0,5,1920,0,0,2014-07-01,1014250.0
Sammamish,5,2.5,3290,5029,3290,0,2.0,0,0,3,2004,0,0,2014-07-01,739900.0
Bothell,2,2.5,2510,14878,2510,0,2.0,0,0,3,1990,0,0,2014-07-01,600000.0
Seattle,2,1.0,860,6050,860,0,1.0,0,0,3,1952,0,0,2014-07-01,370000.0
Bellevue,4,2.5,2840,12866,1780,1060,1.0,0,0,4,1977,0,0,2014-07-01,729032.0
Black Diamond,3,1.75,1750,7020,1750,0,2.0,0,0,3,1934,1978,1,2014-07-01,510000.0
Redmond,3,1.5,1300,19163,1300,0,1.0,0,0,3,1964,0,0,2014-07-01,425000.0
Seattle,3,2.75,3890,7216,3260,630,2.0,0,1,3,1967,2010,1,2014-07-01,1080000.0
Seattle,3,2.25,1460,941,1460,0,3.0,0,0,3,2006,0,0,2014-07-01,337000.0
Seattle,4,1.0,1410,3376,1410,0,1.5,0,0,5,1911,0,0,2014-07-01,563000.0
Seattle,4,2.75,3770,10900,3070,700,2.0,0,2,5,1924,0,0,2014-07-01,1695000.0
Seattle,3,2.0,1190,4072,1190,0,1.5,0,0,5,1907,0,0,2014-07-01,245000.0
Seattle,3,2.0,1410,6413,910,500,1.0,0,0,4,1947,0,0,2014-07-01,590000.0
Seattle,3,2.0,2500,4080,1680,820,1.5,0,0,5,1922,0,0,2014-07-01,695000.0
Seattle,2,1.0,800,2280,800,0,1.0,0,0,5,1946,0,0,2014-07-01,402500.0
Duvall,3,2.5,2530,13446,2530,0,2.0,0,0,3,1993,0,0,2014-07-01,435000.0
Redmond,3,2.0,2570,28500,1970,600,1.0,0,0,3,1983,0,0,2014-07-01,660000.0
Federal Way,3,2.75,2090,9620,1340,750,1.0,0,0,3,1987,0,0,2014-07-01,300000.0
Seattle,5,2.25,2980,7781,1580,1400,1.0,0,0,3,1960,0,0,2014-07-01,600000.0
Covington,3,1.75,1170,8239,1170,0,1.0,0,0,3,1981,0,0,2014-07-01,205000.0
Maple Valley,3,3.5,2080,5100,2080,0,2.0,0,0,3,2004,0,0,2014-07-01,357500.0
Seattle,5,3.25,3350,4000,2510,840,2.0,0,0,4,1997,0,0,2014-07-01,1110000.0
Seattle,2,2.5,1050,1029,950,100,2.0,0,0,3,2007,0,0,2014-07-01,332888.0
Pacific,2,1.0,900,13531,900,0,1.0,0,0,3,1979,0,0,2014-07-01,174000.0
Seattle,2,1.0,1050,5000,1050,0,1.0,0,0,5,1907,0,0,2014-07-01,515000.0
Des Moines,5,2.25,3740,32481,2240,1500,1.5,0,0,3,1958,0,0,2014-07-01,392000.0
Seattle,4,1.75,1430,4096,1430,0,2.0,0,0,3,1900,0,0,2014-07-01,485000.0
Federal Way,3,1.75,1400,9546,1400,0,1.0,0,0,4,1984,0,0,2014-07-01,217500.0
Woodinville,3,2.25,1600,45613,1600,0,2.0,0,0,4,1983,0,0,2014-07-01,502000.0
Bellevue,3,2.25,2880,9750,2880,0,2.0,0,0,3,1989,0,0,2014-07-01,820000.0
Seattle,3,3.25,3140,5445,2240,900,2.0,0,3,4,1913,0,0,2014-07-01,1640000.0
Seattle,2,1.0,820,4320,820,0,1.0,0,0,3,1937,0,0,2014-07-01,102500.0
Snoqualmie,5,5.5,5190,12637,5190,0,2.0,0,2,3,2001,0,0,2014-07-01,925000.0
Redmond,4,2.5,2180,10140,1180,1000,1.0,0,0,4,1968,0,0,2014-07-01,540000.0
Seattle,2,1.0,910,2002,910,0,1.5,0,0,3,1900,0,0,2014-07-01,600000.0
Seattle,4,1.0,1580,8475,1580,0,1.5,0,2,4,1928,0,0,2014-07-01,406000.0
Seattle,4,3.0,2130,6325,1440,690,1.0,0,0,5,1948,0,0,2014-07-01,620000.0
Sammamish,4,2.5,4570,16015,4570,0,2.0,0,2,3,1990,0,0,2014-07-01,1060000.0
Sammamish,3,2.0,1240,11172,1000,240,1.0,0,0,3,1984,0,0,2014-07-01,401000.0
Seattle,3,1.75,1860,6000,1860,0,2.0,0,2,4,1959,0,0,2014-07-01,725000.0
Seattle,1,0.75,370,1801,370,0,1.0,0,0,5,1923,0,0,2014-07-01,276000.0
Issaquah,5,3.25,3130,12087,2180,950,2.0,0,0,3,1975,0,0,2014-07-01,500000.0
Kent,3,1.75,2530,35150,1800,730,1.0,0,0,4,1977,0,0,2014-07-01,375000.0
Seattle,4,4.75,3970,9778,3390,580,2.0,0,2,4,1928,0,0,2014-07-01,2300000.0
Kent,3,2.25,1920,9680,1300,620,1.0,0,0,4,1961,0,0,2014-07-01,260000.0
Bellevue,4,2.75,2970,12750,2130,840,1.5,0,1,4,1918,1986,1,2014-07-01,1565000.0
Renton,4,2.5,2300,6087,2300,0,2.0,0,0,3,2001,0,0,2014-07-01,431000.0
Maple Valley,4,2.5,1830,9601,1830,0,2.0,0,0,3,2003,0,0,2014-07-01,321000.0
Seattle,4,1.5,1550,5053,1180,370,1.0,0,0,4,1963,0,0,2014-07-01,433000.0
Redmond,4,3.5,4080,10666,4080,0,2.0,0,0,3,2005,0,0,2014-07-01,920000.0
Sammamish,3,2.25,1710,21485,1710,0,2.0,0,0,3,1989,0,0,2014-07-01,482000.0
Redmond,3,2.5,2375,4094,2375,0,2.0,0,0,3,2002,0,0,2014-07-01,712000.0
Bellevue,4,2.75,2200,9778,1100,1100,1.0,0,0,4,1962,0,0,2014-07-01,505000.0
Mercer Island,3,2.25,3530,17450,1840,1690,1.0,1,3,3,1930,1993,1,2014-07-01,2367000.0
Redmond,3,1.75,1110,9012,1110,0,1.0,0,0,4,1966,0,0,2014-07-01,452000.0
Seattle,4,1.0,1630,2566,1630,0,1.5,0,0,3,1921,0,0,2014-07-01,581000.0
Seattle,4,1.5,2550,5055,2550,0,2.0,0,0,4,1910,0,0,2014-07-01,952500.0
Bellevue,4,2.25,2500,8866,2500,0,2.0,0,0,4,1987,0,0,2014-07-01,808000.0
Seattle,4,3.0,2890,6885,1590,1300,1.0,0,0,3,1945,2013,1,2014-07-01,476000.0
Seattle,4,1.75,1420,5000,1420,0,1.5,0,0,4,1945,0,0,2014-07-01,535000.0
Seattle,4,3.5,4270,5800,3170,1100,2.0,0,3,5,1937,0,0,2014-07-01,1356925.0
Issaquah,3,2.5,2390,1984,2220,170,2.0,0,0,3,2008,0,0,2014-07-01,629800.0
Maple Valley,4,2.5,2530,5048,2530,0,2.0,0,0,3,2014,0,0,2014-07-01,417838.0
Auburn,4,2.5,2701,4500,2701,0,2.0,0,0,3,2014,0,0,2014-07-01,399895.0
Redmond,4,2.75,3990,6637,3990,0,2.0,0,0,3,2003,0,0,2014-07-01,825000.0
Auburn,4,2.5,2303,3826,2303,0,2.0,0,0,3,2006,0,0,2014-07-01,300000.0
Seattle,2,2.25,1540,965,1540,0,3.0,0,0,3,2007,0,0,2014-07-01,640000.0
Seattle,3,2.5,1450,1053,940,510,2.0,0,0,3,2008,0,0,2014-07-01,460000.0
Seattle,2,2.5,1160,1458,1040,120,2.0,0,0,3,2012,0,0,2014-07-01,525000.0
North Bend,4,2.75,2910,6334,2910,0,2.0,0,0,3,2013,0,0,2014-07-01,499990.0
Kirkland,4,3.5,3770,8501,3770,0,2.0,0,0,3,2008,0,0,2014-07-01,1020000.0
Bellevue,5,2.25,2900,10300,1450,1450,1.0,0,0,3,1985,0,0,2014-07-02,675000.0
Seattle,3,1.75,1540,3000,770,770,1.0,0,2,3,1920,0,0,2014-07-02,512031.0
Seattle,2,1.0,700,3000,700,0,1.0,0,0,4,1918,0,0,2014-07-02,310000.0
Seattle,3,2.5,3280,10302,1680,1600,1.0,0,0,3,1970,0,0,2014-07-02,1075000.0
Seattle,4,2.0,2430,8960,1430,1000,1.0,0,0,3,1960,0,0,2014-07-02,255000.0
Bothell,3,2.5,1900,7984,1900,0,2.0,0,0,3,1993,0,0,2014-07-02,435000.0
Kirkland,3,2.0,1660,15050,1260,400,1.0,0,0,3,1983,0,0,2014-07-02,453000.0
Kent,4,2.0,1620,7992,1620,0,2.0,0,0,4,1975,0,0,2014-07-02,260000.0
Mercer Island,4,2.0,2090,10800,2090,0,1.0,0,0,4,1951,0,0,2014-07-02,659000.0
Kent,3,2.0,1110,7231,1110,0,1.0,0,0,4,1991,0,0,2014-07-02,223000.0
Bellevue,5,3.25,3760,9792,2550,1210,2.0,0,0,3,1984,0,0,2014-07-02,851000.0
Redmond,3,2.25,2080,12134,1530,550,1.0,0,0,4,1973,0,0,2014-07-02,605000.0
Seattle,4,2.25,1950,5950,1330,620,1.0,0,0,3,1947,0,0,2014-07-02,895000.0
Normandy Park,5,2.25,2570,13054,1470,1100,1.0,0,1,3,1950,1992,1,2014-07-02,519000.0
Woodinville,3,1.75,2330,12141,1390,940,1.0,0,0,3,1983,0,0,2014-07-02,535000.0
SeaTac,3,3.0,3700,10375,3700,0,2.0,0,0,3,1982,0,0,2014-07-02,489000.0
Burien,3,2.25,1920,7738,1520,400,1.0,0,0,3,1965,0,0,2014-07-02,250000.0
Seattle,3,2.25,1900,3960,1200,700,1.5,0,0,3,1905,0,0,2014-07-02,580000.0
Bellevue,4,1.75,1440,13296,1440,0,1.0,0,0,4,1967,0,0,2014-07-02,1038000.0
Kenmore,4,2.25,2940,48788,1520,1420,1.0,0,0,5,1961,0,0,2014-07-02,605000.0
Redmond,4,3.5,2500,3080,1810,690,2.0,0,0,3,2008,0,0,2014-07-02,599950.0
Redmond,3,2.5,2490,23891,2490,0,2.0,0,0,3,1993,0,0,2014-07-02,700000.0
Seattle,3,2.0,1470,10052,1470,0,1.0,0,0,4,1956,0,0,2014-07-02,480000.0
Maple Valley,4,2.5,2120,4558,2120,0,2.0,0,0,3,2002,0,0,2014-07-02,329950.0
Kent,3,1.75,1200,24805,1200,0,1.0,0,0,3,1984,0,0,2014-07-02,250000.0
Kent,5,2.5,2450,6994,2450,0,2.0,0,0,3,2002,0,0,2014-07-02,345000.0
Des Moines,4,2.5,1780,6000,1780,0,2.0,0,0,3,1991,0,0,2014-07-02,175000.0
Seattle,5,1.0,1590,6700,1090,500,1.5,0,0,3,1942,0,0,2014-07-02,185000.0
Auburn,4,2.0,2370,76665,2370,0,2.0,0,0,4,1978,0,0,2014-07-02,411000.0
Seattle,3,1.5,1760,4000,1760,0,2.0,0,0,3,1922,0,0,2014-07-02,690000.0
Shoreline,4,3.0,1940,8170,1940,0,1.0,0,0,4,1948,0,0,2014-07-02,265000.0
Bothell,4,3.0,3550,12327,2180,1370,1.5,0,0,4,1990,0,0,2014-07-02,720000.0
Des Moines,4,2.5,2050,5787,2050,0,2.0,0,0,3,2002,0,0,2014-07-02,256000.0
Auburn,4,2.25,1680,3179,1680,0,2.0,0,0,3,2002,0,0,2014-07-02,255000.0
Seattle,3,2.25,1320,1800,1320,0,2.0,0,0,3,1994,0,0,2014-07-02,540000.0
Kirkland,3,2.25,1550,5511,1550,0,2.0,0,0,3,1987,0,0,2014-07-02,481015.0
Issaquah,3,1.75,2680,8625,1590,1090,1.0,0,0,5,1974,0,0,2014-07-02,575000.0
Kent,3,2.5,2390,34041,1840,550,1.0,0,0,3,1984,0,0,2014-07-02,339950.0
Shoreline,4,2.5,2040,7260,2040,0,2.0,0,0,4,1963,0,0,2014-07-02,475000.0
Seattle,3,3.75,2670,6517,2020,650,2.5,0,4,4,1977,0,0,2014-07-02,732000.0
Seattle,4,1.75,1880,3720,1880,0,1.5,0,0,4,1924,0,0,2014-07-02,860000.0
Seattle,4,1.75,2400,7700,1500,900,1.5,0,0,4,1927,0,0,2014-07-02,389000.0
Seattle,3,1.75,2270,11472,1370,900,1.0,0,0,4,1956,0,0,2014-07-02,645000.0
Kirkland,4,2.5,1850,5444,1850,0,2.0,0,0,5,1981,0,0,2014-07-02,475000.0
Seattle,4,2.75,2160,5005,1430,730,1.0,0,0,3,1987,0,0,2014-07-02,550000.0
Tukwila,2,1.0,2160,12960,1360,800,1.0,0,0,3,1968,0,0,2014-07-02,305000.0
Seattle,2,1.5,1570,3600,1320,250,1.5,0,2,4,1906,0,0,2014-07-02,782000.0
Seattle,3,2.0,1340,7200,1340,0,1.5,0,0,4,1923,0,0,2014-07-02,545000.0
Kent,4,2.5,3002,6042,3002,0,2.0,0,0,3,2004,0,0,2014-07-02,394500.0
Redmond,5,2.0,2190,9072,1110,1080,1.0,0,0,5,1965,0,0,2014-07-02,600000.0
Clyde Hill,4,1.75,2610,21600,2610,0,1.0,0,0,4,1966,0,0,2014-07-02,1300000.0
Shoreline,2,1.0,1010,11919,1010,0,1.0,0,0,3,1947,0,0,2014-07-02,300000.0
Kent,4,2.5,2105,6093,2105,0,2.0,0,0,3,2003,0,0,2014-07-02,330000.0
Seattle,4,2.25,2430,4748,1630,800,1.5,0,0,3,1928,0,0,2014-07-02,723000.0
Medina,4,3.25,4040,18916,4040,0,1.0,0,0,4,1954,0,0,2014-07-02,2271150.0
Snoqualmie,5,2.5,2160,7737,2160,0,2.0,0,0,3,1998,0,0,2014-07-02,480000.0
Seattle,2,1.0,900,9260,900,0,1.0,0,0,3,1946,0,0,2014-07-02,496000.0
Seattle,3,3.0,1820,1641,1540,280,3.0,0,0,3,2006,0,0,2014-07-02,625000.0
Seattle,4,2.0,2100,13468,1050,1050,1.0,0,0,5,1962,0,0,2014-07-02,475000.0
Maple Valley,3,2.25,1520,7199,1520,0,2.0,0,0,4,1992,0,0,2014-07-02,275250.0
Kent,2,1.0,1310,7128,940,370,1.0,0,0,4,1980,0,0,2014-07-02,253000.0
Kirkland,4,2.5,2190,9880,1410,780,1.0,0,0,4,1979,0,0,2014-07-02,630000.0
Seattle,5,2.5,2950,5500,1720,1230,1.5,0,0,5,1918,0,0,2014-07-02,660500.0
Seattle,5,1.0,1870,7800,1580,290,1.0,0,0,3,1962,0,0,2014-07-02,262000.0
Seattle,3,3.5,4660,5500,3040,1620,2.0,0,4,5,1909,0,0,2014-07-02,2147500.0
Bellevue,3,2.5,1840,9900,1840,0,1.0,0,0,3,1978,0,0,2014-07-02,552000.0
Bellevue,2,2.5,3180,9400,2610,570,2.0,0,4,5,1985,0,0,2014-07-02,1411600.0
Seattle,2,1.0,1500,4000,1100,400,1.0,0,0,3,1933,0,0,2014-07-02,736000.0
Shoreline,3,1.75,1730,7416,1730,0,1.5,0,0,3,1954,0,0,2014-07-02,355000.0
Renton,3,1.0,1580,7424,1010,570,1.0,0,0,3,1962,0,0,2014-07-02,305000.0
Issaquah,4,2.5,1540,1870,1540,0,2.0,0,0,3,2014,0,0,2014-07-02,484998.0
Seattle,4,3.5,3390,3979,2610,780,2.0,0,0,3,2014,0,0,2014-07-02,1054690.0
Seattle,2,1.5,830,1858,830,0,2.0,0,0,3,2005,0,0,2014-07-02,334500.0
North Bend,4,2.75,2620,6178,2620,0,2.0,0,0,3,2013,0,0,2014-07-02,475000.0
Auburn,3,2.5,2242,4500,2242,0,2.0,0,0,3,2014,0,0,2014-07-02,309780.0
Bellevue,4,2.5,2890,7798,2890,0,2.0,0,0,3,2005,0,0,2014-07-02,795000.0
Maple Valley,3,2.25,1450,4050,1450,0,2.0,0,0,3,2010,0,0,2014-07-02,274500.0
Seattle,2,1.5,800,2119,800,0,2.0,0,0,3,2008,0,0,2014-07-02,265050.0
Issaquah,3,2.5,2280,2502,1880,400,2.0,0,0,3,2006,0,0,2014-07-02,567500.0
Redmond,3,4.5,3850,62726,3120,730,2.0,0,0,3,2013,0,0,2014-07-02,915000.0
Auburn,5,2.5,2270,6300,2270,0,2.0,0,0,3,1995,0,0,2014-07-03,285000.0
Seattle,3,2.5,2250,5692,2250,0,2.0,0,0,3,2000,0,0,2014-07-03,445838.0
Kent,4,1.75,2600,11325,1610,990,1.0,0,0,4,1969,0,0,2014-07-03,304900.0
Mercer Island,4,2.0,2490,9525,2490,0,2.0,0,0,5,1968,0,0,2014-07-03,940000.0
Kirkland,4,2.5,3160,8281,3160,0,2.0,0,0,4,1995,0,0,2014-07-03,1127000.0
Auburn,4,4.25,4930,25714,4930,0,2.0,0,0,3,2005,0,0,2014-07-03,835000.0
Renton,3,1.0,1440,11250,1440,0,1.0,0,0,3,1967,0,0,2014-07-03,290000.0
Auburn,3,1.75,1770,8868,1770,0,1.0,0,0,4,1959,0,0,2014-07-03,250000.0
Kent,4,2.5,2300,6448,2300,0,2.0,0,0,3,2001,0,0,2014-07-03,342000.0
Bellevue,4,2.5,2980,16263,2980,0,2.0,0,0,3,1989,0,0,2014-07-03,1012000.0
Shoreline,4,2.25,2230,7200,1300,930,1.0,0,0,4,1963,0,0,2014-07-03,400000.0
Renton,3,1.75,1830,7969,930,900,1.0,0,0,3,1950,2008,1,2014-07-03,312500.0
Tukwila,3,1.0,1740,10875,1020,720,1.0,0,0,4,1962,0,0,2014-07-03,267000.0
Seattle,3,1.75,1530,6743,1410,120,1.0,0,0,3,1955,0,0,2014-07-03,575000.0
Bellevue,3,1.5,1520,9041,1520,0,1.0,0,0,4,1954,0,0,2014-07-03,810000.0
Seattle,3,2.5,3230,5000,2430,800,2.0,0,2,5,1945,0,0,2014-07-03,850000.0
Seattle,3,3.25,3620,4000,2730,890,2.0,0,0,3,2005,0,0,2014-07-03,1015000.0
Redmond,4,3.75,5070,60123,5070,0,2.0,0,0,3,2000,0,0,2014-07-03,1100000.0
Burien,3,1.75,1570,8750,1570,0,1.0,0,0,3,1960,0,0,2014-07-03,240000.0
Auburn,4,1.75,2080,7200,1050,1030,1.0,0,0,4,1966,0,0,2014-07-03,198000.0
Redmond,4,2.5,2230,8624,1430,800,1.0,0,0,4,1969,0,0,2014-07-03,565000.0
Mercer Island,5,3.0,3420,18129,2540,880,2.0,0,0,3,1952,2005,1,2014-07-03,1195000.0
Shoreline,8,2.75,2790,6695,1470,1320,1.0,0,0,3,1977,0,0,2014-07-03,340000.0
Kirkland,4,2.5,3150,4203,3150,0,2.0,0,0,3,2002,0,0,2014-07-03,815000.0
Bellevue,4,3.25,3930,10929,3930,0,2.0,0,0,3,2006,0,0,2014-07-03,1875000.0
Seattle,5,3.0,2190,4900,1490,700,2.0,0,0,5,1940,0,0,2014-07-03,588000.0
Auburn,4,2.5,1890,6962,1890,0,2.0,0,0,3,1997,0,0,2014-07-03,280500.0
Kent,4,2.0,1900,76877,1900,0,1.0,0,0,3,2004,0,0,2014-07-03,390000.0
Bellevue,2,1.5,1930,3521,1930,0,2.0,0,0,3,1989,0,0,2014-07-03,509000.0
Federal Way,3,2.5,3316,11447,3316,0,2.0,0,0,3,1986,0,0,2014-07-03,490600.0
Mercer Island,3,1.5,1380,4500,1380,0,1.0,0,0,5,1960,0,0,2014-07-03,650000.0
Seattle,3,4.0,2080,2250,2080,0,3.0,0,4,3,1997,0,0,2014-07-03,715000.0
Seattle,3,1.0,1240,5000,1240,0,1.5,0,0,5,1909,0,0,2014-07-03,529950.0
Renton,3,1.0,1020,8610,1020,0,1.0,0,0,5,1959,0,0,2014-07-03,265000.0
Seattle,3,2.0,2360,4800,2360,0,2.0,0,0,3,1909,2014,1,2014-07-03,1755000.0
Sammamish,3,2.5,2780,33503,2110,670,1.5,0,1,4,1969,0,0,2014-07-03,1140000.0
Bellevue,3,2.0,2300,13418,1430,870,1.0,0,0,3,1955,0,0,2014-07-03,610000.0
Seattle,4,2.5,2020,4350,1730,290,2.0,0,0,5,1943,0,0,2014-07-03,554729.0
Burien,5,1.75,1840,10453,1360,480,1.0,0,2,3,1948,0,0,2014-07-03,395000.0
Seattle,3,1.0,1390,4814,1390,0,1.5,0,0,3,1908,0,0,2014-07-03,341000.0
Federal Way,4,2.25,2060,11385,1200,860,1.0,0,0,4,1962,0,0,2014-07-03,264500.0
Kent,4,2.75,2640,35070,2640,0,1.5,0,0,3,1963,0,0,2014-07-03,395000.0
Bellevue,3,2.25,1980,10115,1980,0,1.0,0,0,3,1959,0,0,2014-07-03,640000.0
Seattle,3,1.5,1810,5080,1030,780,1.0,0,0,3,1958,0,0,2014-07-03,430000.0
Kirkland,4,2.5,1700,9000,1700,0,1.0,0,0,5,1972,0,0,2014-07-03,410000.0
Seattle,4,1.0,1200,6000,1200,0,1.5,0,0,3,1923,0,0,2014-07-03,220000.0
Seattle,4,3.25,2980,3600,2150,830,2.0,0,0,3,1999,0,0,2014-07-03,1625000.0
Seattle,2,2.75,1350,1252,1120,230,2.0,0,0,3,2006,0,0,2014-07-03,405500.0
Seattle,4,2.5,2360,10000,1980,380,1.0,0,3,3,1977,0,0,2014-07-03,633000.0
Shoreline,2,1.0,1190,6200,1190,0,1.0,0,0,3,1948,0,0,2014-07-03,295950.0
Bellevue,4,5.0,4110,43560,4110,0,2.0,0,0,4,1978,0,0,2014-07-03,1042031.0
Bellevue,4,2.5,2800,10786,1420,1380,1.0,0,0,3,1970,0,0,2014-07-03,605000.0
Seattle,2,1.5,920,1598,920,0,2.0,0,0,3,1995,0,0,2014-07-03,255000.0
Redmond,3,1.75,1530,8000,1530,0,2.0,0,0,3,1978,0,0,2014-07-03,474000.0
Seattle,2,1.0,860,5040,860,0,1.0,0,0,3,1956,0,0,2014-07-03,370000.0
Maple Valley,3,2.5,1520,3593,1520,0,2.0,0,0,3,2004,0,0,2014-07-03,288000.0
Kent,2,0.75,660,5240,660,0,1.0,0,0,4,1912,0,0,2014-07-03,100000.0
Kirkland,5,2.5,3580,8921,3580,0,2.0,0,0,3,2000,0,0,2014-07-03,1150000.0
Redmond,5,2.25,3000,13899,3000,0,2.0,0,0,4,1975,0,0,2014-07-03,600000.0
Bothell,5,3.25,2740,9629,1390,1350,1.0,0,0,5,1977,0,0,2014-07-03,515000.0
Burien,4,2.5,2040,5523,2040,0,2.0,0,0,3,1999,0,0,2014-07-03,345000.0
Seattle,6,2.75,2520,54160,2520,0,2.0,1,4,3,1954,0,0,2014-07-03,975000.0
Mercer Island,3,2.0,2470,8800,2470,0,2.0,0,0,3,1961,2004,1,2014-07-03,850000.0
Seattle,3,2.5,1930,1348,1300,630,2.0,0,0,3,2005,0,0,2014-07-03,439990.0
Renton,3,2.5,2950,10254,2950,0,2.0,0,0,3,2006,0,0,2014-07-03,554950.0
Snoqualmie,3,2.5,2610,6405,2610,0,2.0,0,0,3,2001,0,0,2014-07-03,605000.0
Seattle,3,1.75,1630,1526,1630,0,3.0,0,0,3,2014,0,0,2014-07-03,609000.0
Seattle,3,1.5,1400,1022,1400,0,3.0,0,0,3,2007,0,0,2014-07-03,425000.0
Issaquah,2,1.75,1410,1005,900,510,1.5,0,0,3,2011,0,0,2014-07-03,399900.0
Renton,4,3.5,4370,10860,4370,0,2.0,0,0,3,2008,0,0,2014-07-03,1025000.0
Mercer Island,4,4.25,5010,19412,4000,1010,2.0,0,1,3,2014,0,0,2014-07-03,2351956.0
Renton,4,3.0,2590,6160,2590,0,2.0,0,0,3,2014,0,0,2014-07-03,519995.0
Kirkland,3,1.5,1300,7200,1300,0,1.0,0,0,5,1960,0,0,2014-07-04,625000.0
Issaquah,3,2.5,2320,7609,2320,0,2.0,0,0,3,2003,0,0,2014-07-04,600000.0
Seattle,4,2.5,2700,4275,2700,0,2.0,0,0,3,2004,0,0,2014-07-05,1200000.0
Seattle,4,2.25,2920,6513,2260,660,2.0,0,0,4,1937,0,0,2014-07-05,1738000.0
Seattle,4,3.0,3130,5700,1750,1380,1.5,0,0,3,1953,0,0,2014-07-05,671000.0
Seattle,3,1.75,1470,4950,1030,440,1.0,0,0,3,1984,0,0,2014-07-05,459500.0
Seattle,3,2.5,1540,1326,1390,150,3.0,0,0,3,1995,0,0,2014-07-05,499000.0
Seattle,4,2.5,3160,4620,2020,1140,1.5,0,4,3,1917,2005,1,2014-07-06,1280000.0
Kirkland,3,1.75,1480,7700,1480,0,1.0,0,0,3,1975,0,0,2014-07-06,395000.0
Redmond,5,2.75,3595,5639,3595,0,2.0,0,0,3,2014,0,0,2014-07-07,861990.0
Seattle,2,1.0,1190,4440,1190,0,1.0,0,0,3,1981,0,0,2014-07-07,382500.0
Auburn,4,2.25,2340,217014,2340,0,1.0,0,0,4,1982,0,0,2014-07-07,404950.0
Seattle,3,1.75,1320,2500,870,450,1.0,0,0,3,1918,0,0,2014-07-07,530000.0
Issaquah,2,1.0,1190,27007,1190,0,1.0,0,0,4,1910,0,0,2014-07-07,195000.0
Kenmore,4,2.25,2350,18600,2350,0,2.0,0,0,4,1977,0,0,2014-07-07,747500.0
Federal Way,3,1.0,1100,8560,1100,0,1.0,0,0,3,1961,0,0,2014-07-07,199990.0
Seattle,4,1.0,1660,4704,1260,400,1.5,0,0,3,1930,0,0,2014-07-07,548800.0
Sammamish,4,3.0,3040,36246,2680,360,1.5,0,0,3,1923,2014,1,2014-07-07,870000.0
Seattle,3,2.0,1860,4777,1860,0,2.0,0,0,5,1908,0,0,2014-07-07,588000.0
Woodinville,4,3.25,4100,241322,2500,1600,2.0,0,0,3,1981,0,0,2014-07-07,775000.0
Issaquah,6,3.0,4050,36171,2620,1430,2.0,0,0,4,1970,0,0,2014-07-07,670000.0
Seattle,2,2.0,1240,2500,1240,0,2.0,0,0,3,1985,0,0,2014-07-07,445000.0
Renton,4,3.0,2200,10800,2200,0,1.0,0,0,3,1960,0,0,2014-07-07,300000.0
Bellevue,3,2.25,1680,9090,1130,550,1.0,0,0,4,1959,0,0,2014-07-07,480000.0
Seattle,3,1.0,930,5160,930,0,1.5,0,0,5,1919,0,0,2014-07-07,300000.0
Tukwila,3,1.5,1800,22000,1800,0,2.0,0,0,3,1931,0,0,2014-07-07,360000.0
Seattle,6,3.5,3000,8401,1500,1500,1.0,0,0,3,1979,0,0,2014-07-07,527000.0
Bellevue,3,1.5,1820,12686,1820,0,1.0,0,0,4,1952,0,0,2014-07-07,875000.0
Federal Way,4,2.25,1995,7102,1995,0,2.0,0,0,4,1981,0,0,2014-07-07,266000.0
Redmond,4,3.25,3990,9786,3990,0,2.0,0,0,3,2004,0,0,2014-07-07,866000.0
Seattle,2,1.5,800,5192,800,0,1.0,0,0,5,1951,0,0,2014-07-07,335950.0
Federal Way,3,1.0,960,9563,960,0,1.0,0,0,5,1967,0,0,2014-07-07,215000.0
Renton,4,2.5,2286,8269,2286,0,2.0,0,0,3,2002,0,0,2014-07-07,481000.0
Kenmore,3,1.75,2220,11646,1270,950,1.0,0,0,3,1950,0,0,2014-07-07,320000.0
Enumclaw,3,1.75,1940,7500,1940,0,1.5,0,0,4,1918,1985,1,2014-07-07,295000.0
Seattle,3,1.5,1640,7222,1640,0,2.0,0,0,4,1908,0,0,2014-07-07,295000.0
Woodinville,3,1.0,1120,10576,1120,0,1.0,0,0,4,1969,0,0,2014-07-07,320000.0
Seattle,4,2.0,2600,4800,1400,1200,1.0,0,2,3,1953,0,0,2014-07-07,780000.0
Seattle,3,2.0,1490,4800,1490,0,2.0,0,0,5,1948,0,0,2014-07-07,437500.0
Seattle,5,1.75,1650,3000,1650,0,1.5,0,0,3,1902,0,0,2014-07-07,443000.0
Sammamish,4,2.5,2400,6137,2400,0,2.0,0,0,3,1990,0,0,2014-07-07,575000.0
Seattle,2,1.0,1500,6685,1190,310,1.0,0,0,3,1926,0,0,2014-07-07,245000.0
Kenmore,3,2.5,1990,12793,1990,0,2.0,0,0,3,1993,0,0,2014-07-07,450000.0
Seattle,2,1.5,1130,746,1030,100,2.0,0,0,3,2009,0,0,2014-07-07,536000.0
Redmond,3,3.25,2030,11070,2030,0,2.0,0,0,4,1980,0,0,2014-07-07,685000.0
Shoreline,4,1.75,1590,7920,1590,0,2.0,0,0,4,1960,0,0,2014-07-07,373000.0
Redmond,3,1.75,1480,8394,1480,0,1.0,0,0,4,1971,0,0,2014-07-07,450000.0
Sammamish,4,2.5,2690,18653,2690,0,2.0,0,0,3,1985,0,0,2014-07-07,645000.0
Bellevue,3,2.5,3870,46609,3870,0,2.0,0,3,3,1997,0,0,2014-07-07,1275000.0
Renton,3,1.0,1390,6000,1390,0,1.0,0,0,3,1954,0,0,2014-07-07,230000.0
Issaquah,3,2.75,1830,1850,1690,140,2.0,0,0,3,2011,0,0,2014-07-07,593000.0
Seattle,2,2.0,1580,5750,790,790,1.0,0,0,5,1910,0,0,2014-07-07,558000.0
Des Moines,3,2.25,2590,15229,2590,0,2.0,0,3,3,1984,0,0,2014-07-07,538250.0
Kirkland,5,2.5,2510,8050,1490,1020,1.0,0,0,4,1977,0,0,2014-07-07,475000.0
Auburn,3,1.5,1180,7300,1180,0,1.0,0,0,4,1968,0,0,2014-07-07,209950.0
Sammamish,3,2.25,1450,19206,1450,0,2.0,0,0,3,1989,0,0,2014-07-07,410000.0
Seattle,3,2.5,3110,6765,2550,560,2.0,0,1,4,1946,0,0,2014-07-07,1636000.0
Snoqualmie,5,2.5,2860,68519,2860,0,2.0,0,0,5,1958,0,0,2014-07-07,670000.0
Mercer Island,3,2.75,2760,8476,1690,1070,1.0,0,0,4,1967,0,0,2014-07-07,821000.0
Kirkland,5,2.0,2800,17788,1400,1400,1.0,0,0,4,1963,0,0,2014-07-07,665000.0
Snoqualmie,3,2.5,1450,3748,1450,0,2.0,0,0,3,2004,0,0,2014-07-07,339000.0
Seattle,4,2.0,2530,5650,1910,620,1.5,0,0,4,1910,0,0,2014-07-07,631500.0
Seattle,3,2.0,1640,2808,820,820,1.0,0,3,4,1924,0,0,2014-07-07,570000.0
Woodinville,3,1.75,2220,17568,2220,0,1.0,0,0,4,1967,0,0,2014-07-07,437000.0
Redmond,3,2.5,2040,10086,2040,0,2.0,0,0,3,1987,0,0,2014-07-07,542500.0
Auburn,3,1.0,1230,6000,1230,0,1.0,0,0,4,1967,0,0,2014-07-07,229500.0
Renton,2,1.0,1060,7700,820,240,1.0,0,0,3,1981,0,0,2014-07-07,170500.0
North Bend,3,2.5,1920,9625,1920,0,2.0,0,0,3,1993,0,0,2014-07-07,391500.0
Maple Valley,3,2.5,1520,4170,1520,0,2.0,0,0,3,2004,0,0,2014-07-07,296475.0
Seattle,4,3.25,3770,4103,2710,1060,2.0,0,0,5,1925,0,0,2014-07-07,1450000.0
Redmond,3,2.5,3540,38322,3540,0,2.0,0,0,3,1989,0,0,2014-07-07,888550.0
Redmond,4,3.0,5430,108900,5430,0,2.0,0,0,4,1987,0,0,2014-07-07,1360000.0
Auburn,3,2.0,2250,7904,2250,0,1.5,0,0,3,1998,0,0,2014-07-07,328000.0
Kent,4,2.5,2090,5195,2090,0,2.0,0,0,3,2007,0,0,2014-07-07,300000.0
Seattle,3,2.5,1720,3012,1720,0,2.0,0,0,3,2011,0,0,2014-07-07,500000.0
Issaquah,3,2.5,1910,2091,1910,0,2.0,0,0,3,2014,0,0,2014-07-07,494815.0
Seattle,3,2.5,1601,2491,1536,65,3.0,0,0,3,2007,0,0,2014-07-07,378000.0
Seattle,2,2.25,1060,1209,940,120,2.0,0,0,3,2006,0,0,2014-07-07,505000.0
Issaquah,4,2.75,2330,3920,2330,0,2.0,0,0,3,2005,0,0,2014-07-07,680000.0
Maple Valley,3,2.5,2370,4200,2370,0,2.0,0,0,3,2014,0,0,2014-07-07,351999.0
Seattle,3,2.5,1420,1237,1420,0,3.0,0,0,3,2014,0,0,2014-07-07,510000.0
Seattle,4,2.25,2360,4000,2360,0,2.0,0,0,3,2013,0,0,2014-07-07,1300000.0
Seattle,2,1.5,1260,1575,1260,0,2.0,0,0,3,2001,0,0,2014-07-07,374000.0
Renton,3,2.5,3030,9053,3030,0,2.0,0,0,3,2009,0,0,2014-07-07,509900.0
Seattle,3,1.75,1140,1201,1140,0,2.0,0,0,3,2014,0,0,2014-07-07,230000.0
Bellevue,5,2.5,2820,9375,1550,1270,1.0,0,0,4,1968,0,0,2014-07-08,527700.0
Seattle,2,2.0,1270,1372,1270,0,3.0,0,0,3,2000,0,0,2014-07-08,438000.0
Sammamish,3,2.5,3180,12600,3180,0,2.0,0,0,4,1978,0,0,2014-07-08,900000.0
Normandy Park,3,2.25,2790,13791,2790,0,1.0,0,3,3,2006,0,0,2014-07-08,1131000.0
Bothell,4,2.25,2570,9503,2570,0,2.0,0,0,3,1980,0,0,2014-07-08,439000.0
Seattle,2,1.0,1080,2674,720,360,1.0,0,0,4,1919,0,0,2014-07-08,315000.0
Sammamish,4,4.0,3010,7221,3010,0,2.0,0,0,3,2004,0,0,2014-07-08,765000.0
Auburn,3,2.25,2120,14915,1720,400,1.0,0,0,3,1979,0,0,2014-07-08,332000.0
Woodinville,3,2.25,1900,46609,1440,460,1.5,0,0,4,1969,0,0,2014-07-08,600000.0
Auburn,3,2.5,2860,43821,2860,0,2.0,0,0,4,1990,0,0,2014-07-08,378500.0
Federal Way,3,1.0,910,10575,910,0,1.0,0,0,4,1968,0,0,2014-07-08,190000.0
Sammamish,4,2.5,2850,37522,2850,0,2.0,0,0,3,1987,0,0,2014-07-08,645000.0
Seattle,2,2.5,2560,2500,1690,870,2.0,0,0,5,1901,0,0,2014-07-08,780000.0
North Bend,3,1.75,1570,16817,1570,0,2.0,0,0,3,1982,0,0,2014-07-08,370000.0
Sammamish,4,3.5,3110,108464,3110,0,2.0,0,2,4,1979,0,0,2014-07-08,875000.0
Issaquah,4,3.75,4740,126759,4740,0,2.0,0,0,4,1991,0,0,2014-07-08,1049000.0
Bellevue,3,1.0,1340,13750,1340,0,1.0,0,0,4,1955,0,0,2014-07-08,479000.0
Federal Way,4,2.25,2600,6390,1390,1210,1.0,0,0,3,1978,0,0,2014-07-08,245000.0
Redmond,3,1.75,1070,8030,1070,0,1.0,0,0,3,1966,2014,1,2014-07-08,542000.0
Redmond,3,2.25,1820,9670,1820,0,2.0,0,0,3,1984,0,0,2014-07-08,557500.0
Seattle,2,1.0,1060,3040,860,200,1.0,0,0,3,1924,0,0,2014-07-08,480000.0
Seattle,3,2.25,2220,4060,1330,890,1.0,0,0,3,1993,0,0,2014-07-08,330000.0
SeaTac,3,1.0,1350,8700,1350,0,1.5,0,0,3,1942,0,0,2014-07-08,160000.0
Redmond,5,2.75,2510,9180,1600,910,1.0,0,1,4,1975,0,0,2014-07-08,695500.0
Federal Way,5,2.5,2340,13713,1670,670,1.0,0,0,2,1967,0,0,2014-07-08,235500.0
Seattle,3,1.0,1060,7920,1060,0,1.0,0,0,4,1968,0,0,2014-07-08,326500.0
Kent,4,2.5,2200,8065,2200,0,2.0,0,0,3,1998,0,0,2014-07-08,300000.0
Seattle,3,1.0,1400,8100,1400,0,1.5,0,0,3,1944,0,0,2014-07-08,267000.0
Renton,3,1.5,1520,7123,1520,0,1.0,0,0,4,1959,0,0,2014-07-08,292600.0
Seattle,5,3.0,1810,3000,1810,0,2.0,0,0,3,1998,0,0,2014-07-08,362000.0
Mercer Island,2,2.0,2360,11340,2360,0,1.5,0,0,3,1997,0,0,2014-07-08,1087500.0
Issaquah,2,1.75,1210,1032,1210,0,2.0,0,0,3,2014,0,0,2014-07-08,357562.0
Bellevue,3,2.5,3420,25150,1750,1670,1.0,0,0,4,1987,0,0,2014-07-08,789900.0
Issaquah,3,2.5,1810,4592,1810,0,2.0,0,0,3,1992,0,0,2014-07-08,513000.0
Renton,3,2.25,2760,10160,2760,0,1.0,0,0,3,1969,0,0,2014-07-08,336000.0
Kirkland,4,2.25,1950,9800,1330,620,1.0,0,0,3,1968,0,0,2014-07-08,560000.0
Bellevue,3,2.5,3830,48743,3830,0,2.0,0,0,3,1991,0,0,2014-07-08,1150000.0
Shoreline,4,2.25,2060,7283,1220,840,1.0,0,0,3,1963,2013,1,2014-07-08,410000.0
Seattle,3,1.0,1650,6400,980,670,1.0,0,0,4,1954,0,0,2014-07-08,371500.0
Seattle,4,1.75,2100,11942,1030,1070,1.0,0,0,3,1964,0,0,2014-07-08,368000.0
Carnation,4,3.0,3720,57499,1880,1840,1.0,0,0,3,2003,0,0,2014-07-08,650000.0
Enumclaw,4,2.5,1920,8562,1920,0,2.0,0,2,4,1994,0,0,2014-07-08,308950.0
Renton,3,2.0,1860,217800,1860,0,2.0,0,2,3,1998,0,0,2014-07-08,440000.0
Issaquah,2,2.5,2290,3507,2290,0,2.0,0,0,3,2005,0,0,2014-07-08,630000.0
Federal Way,3,1.75,1200,9085,1200,0,1.0,0,0,4,1968,0,0,2014-07-08,228950.0
Renton,4,3.5,5270,53428,3440,1830,2.0,0,0,3,2004,0,0,2014-07-08,782000.0
Kent,3,2.5,1600,2788,1600,0,2.0,0,0,4,1992,0,0,2014-07-08,245000.0
Maple Valley,4,2.5,2560,4020,2560,0,2.0,0,0,3,2006,0,0,2014-07-08,410000.0
Seattle,2,1.0,880,4000,880,0,1.0,0,0,3,1940,0,0,2014-07-08,427550.0
Seattle,2,1.0,1020,7920,1020,0,1.0,0,0,3,1939,0,0,2014-07-08,235000.0
Seattle,3,2.0,960,9380,960,0,1.0,0,0,3,1949,0,0,2014-07-08,210000.0
Seattle,4,2.25,1900,7200,1370,530,1.0,0,0,3,1977,0,0,2014-07-08,485000.0
Seattle,3,2.0,1320,6000,1320,0,1.5,0,0,4,1920,0,0,2014-07-08,410000.0
Seattle,4,2.75,2230,9640,1320,910,1.0,0,0,3,1998,0,0,2014-07-08,435000.0
Bellevue,3,1.0,1150,7314,1150,0,1.0,0,0,3,1960,0,0,2014-07-08,300000.0
Normandy Park,4,3.5,3440,6000,3440,0,2.0,0,0,4,2002,0,0,2014-07-08,455000.0
Seattle,3,1.0,1070,8179,1070,0,1.0,0,0,3,1949,0,0,2014-07-08,210000.0
Seattle,4,2.75,2250,3433,1500,750,1.5,0,0,3,1927,2013,1,2014-07-08,1050000.0
Shoreline,4,2.5,1910,10300,1910,0,1.0,0,0,3,1921,1968,1,2014-07-08,458400.0
Woodinville,3,1.75,1180,16552,1180,0,1.0,0,0,4,1967,0,0,2014-07-08,390000.0
Auburn,3,1.0,1400,7360,1400,0,1.0,0,0,4,1968,0,0,2014-07-08,148226.0
Bellevue,4,3.0,3580,9316,2370,1210,2.5,0,0,3,1991,0,0,2014-07-08,711600.0
Federal Way,3,2.75,3176,13391,2726,450,2.0,0,3,4,1985,0,0,2014-07-08,819000.0
Seattle,2,2.0,1170,1890,1170,0,1.5,0,1,4,1927,0,0,2014-07-08,613000.0
Redmond,2,2.0,1570,4665,1570,0,1.0,0,0,3,2006,0,0,2014-07-08,592350.0
Auburn,3,1.5,1460,15000,1460,0,1.0,0,0,3,1966,0,0,2014-07-08,232000.0
Milton,3,1.75,1140,10400,1140,0,1.0,0,0,4,1983,0,0,2014-07-08,250000.0
Auburn,1,2.0,1150,9812,1150,0,1.0,0,0,4,1962,0,0,2014-07-08,115000.0
Bellevue,4,2.5,3180,31931,2390,790,1.0,0,0,4,1978,0,0,2014-07-08,1115000.0
Renton,4,2.5,2630,6185,2630,0,2.0,0,0,3,1999,0,0,2014-07-08,585000.0
Issaquah,3,2.25,1940,5980,1520,420,1.0,0,0,3,1987,0,0,2014-07-08,580000.0
Seattle,1,1.0,850,8050,850,0,1.0,0,0,2,1906,0,0,2014-07-08,165000.0
Seattle,3,2.0,1550,6039,830,720,1.0,0,0,5,1942,0,0,2014-07-08,430000.0
North Bend,3,2.25,2090,15000,2090,0,1.0,0,0,3,1961,0,0,2014-07-08,383000.0
Seattle,4,3.5,3960,6654,2850,1110,2.0,0,0,3,2006,0,0,2014-07-08,1195000.0
Seattle,3,1.0,1320,5000,1320,0,1.5,0,0,3,1912,0,0,2014-07-08,201500.0
Woodinville,4,2.5,3220,35400,3220,0,2.0,0,0,3,1991,0,0,2014-07-08,690000.0
Seattle,2,1.0,800,7260,800,0,1.0,0,0,3,1953,0,0,2014-07-08,325000.0
Woodinville,3,1.75,1660,9673,1130,530,1.0,0,0,3,1976,0,0,2014-07-08,375000.0
Kirkland,4,2.5,2250,11370,2250,0,2.0,0,0,3,1991,0,0,2014-07-08,600000.0
Auburn,3,2.25,2120,13090,2120,0,1.0,0,0,3,1997,0,0,2014-07-08,340000.0
Seattle,4,2.75,2310,4020,2310,0,3.0,0,0,5,1979,0,0,2014-07-08,890000.0
Newcastle,4,1.75,1920,7700,1920,0,2.0,0,0,4,1970,0,0,2014-07-08,415000.0
Black Diamond,3,1.75,1550,9720,1050,500,1.0,0,0,3,1976,0,0,2014-07-08,255000.0
Bellevue,2,2.5,1785,779,1595,190,2.0,0,0,3,1975,0,0,2014-07-08,530000.0
Newcastle,3,1.5,1830,9848,1830,0,1.0,0,0,5,1962,0,0,2014-07-08,468000.0
Seattle,5,2.75,3500,5040,2950,550,2.0,0,2,3,1927,2007,1,2014-07-08,970000.0
Redmond,3,2.0,2560,14680,1330,1230,1.0,0,0,3,1987,0,0,2014-07-08,599000.0
Seattle,4,1.75,1360,4840,1360,0,1.5,0,0,4,1928,0,0,2014-07-08,399500.0
Medina,4,5.25,6500,14986,5180,1320,2.0,0,0,3,2001,0,0,2014-07-08,2458000.0
Seattle,4,3.5,3150,5500,3150,0,2.0,0,0,3,2014,0,0,2014-07-08,1205000.0
Seattle,2,1.0,810,4080,810,0,1.0,0,0,4,1941,0,0,2014-07-08,325000.0
Renton,5,4.0,7320,217800,7320,0,2.0,0,0,3,1992,0,0,2014-07-08,1135250.0
Burien,4,1.75,2790,17476,1450,1340,1.0,0,2,3,1956,0,0,2014-07-08,568000.0
Seattle,2,1.5,1920,3408,960,960,1.0,0,0,4,1912,0,0,2014-07-08,517000.0
Duvall,4,2.75,2530,14178,2530,0,2.0,0,0,3,1997,0,0,2014-07-08,469950.0
Seattle,3,2.5,3490,8343,2150,1340,2.0,1,4,4,1939,1991,1,2014-07-08,1675000.0
Seattle,6,2.75,4710,11000,3690,1020,2.0,0,3,3,1931,0,0,2014-07-08,2180000.0
Mercer Island,3,1.75,2050,16313,2050,0,1.0,0,0,2,1973,0,0,2014-07-08,623000.0
Bellevue,4,2.25,2410,8400,2410,0,2.0,0,0,5,1965,0,0,2014-07-08,720000.0
Federal Way,3,1.0,1180,8240,1180,0,1.0,0,0,4,1967,0,0,2014-07-08,205000.0
Seattle,2,1.0,630,4200,630,0,1.0,0,0,3,1930,0,0,2014-07-08,148000.0
Seattle,3,2.5,3480,7800,1750,1730,1.0,0,0,4,1941,1998,1,2014-07-08,950000.0
Seattle,3,1.5,1010,7683,1010,0,1.5,0,0,5,1953,0,0,2014-07-08,405000.0
Kent,3,2.25,1910,3481,1910,0,2.0,0,0,3,2009,0,0,2014-07-08,293000.0
Issaquah,3,3.5,2490,3582,1720,770,2.0,0,0,3,2005,0,0,2014-07-08,550000.0
Renton,4,2.5,2150,3143,2150,0,2.0,0,0,3,2010,0,0,2014-07-08,435000.0
Maple Valley,4,2.75,3000,5470,3000,0,2.0,0,0,3,2005,0,0,2014-07-08,355000.0
Issaquah,3,2.75,2830,3496,2830,0,2.0,0,0,3,2012,0,0,2014-07-08,673000.0
North Bend,4,2.5,2680,5539,2680,0,2.0,0,0,3,2013,0,0,2014-07-08,449990.0
Kirkland,2,1.5,1090,2686,1090,0,2.0,0,0,3,1982,0,0,2014-07-08,249000.0
Des Moines,4,2.5,1984,32400,1564,420,1.0,0,0,3,1962,0,0,2014-07-08,380000.0
Sammamish,4,2.75,3090,5859,3090,0,2.0,0,0,3,2010,0,0,2014-07-08,760005.0
Seattle,4,2.5,2610,5140,2610,0,2.0,0,0,3,2006,0,0,2014-07-08,674600.0
Issaquah,4,3.5,3370,3634,2750,620,2.0,0,0,3,2007,0,0,2014-07-08,812000.0
Auburn,4,2.5,2250,3916,2250,0,2.0,0,0,3,2014,0,0,2014-07-08,333490.0
Seattle,3,3.25,1450,1387,1180,270,2.0,0,0,3,2013,0,0,2014-07-08,320000.0
Kirkland,4,2.5,3130,10849,3130,0,2.0,0,0,3,2013,0,0,2014-07-08,999000.0
Redmond,2,2.75,2700,8572,2700,0,1.0,0,0,3,2007,0,0,2014-07-08,810000.0
Seattle,5,2.75,1970,5400,1320,650,1.0,0,0,3,1986,0,0,2014-07-09,399950.0
Seattle,3,2.0,1970,4166,1270,700,2.0,0,3,5,1929,0,0,2014-07-09,550000.0
Federal Way,3,1.5,1950,15954,1950,0,1.0,0,0,4,1959,0,0,2014-07-09,290000.0
Federal Way,3,1.5,1940,9887,1140,800,1.0,0,0,4,1969,0,0,2014-07-09,232500.0
Bellevue,4,3.5,3550,11000,2260,1290,1.0,0,2,3,1999,0,0,2014-07-09,1355000.0
Woodinville,3,2.5,2500,7394,2500,0,2.0,0,0,3,1990,0,0,2014-07-09,565000.0
Shoreline,4,2.75,2910,18700,2210,700,1.0,0,0,3,1957,1995,1,2014-07-09,749950.0
Redmond,4,2.5,3350,35298,3350,0,2.0,0,0,4,1985,0,0,2014-07-09,720500.0
Renton,3,1.75,2140,40098,1490,650,1.0,0,0,5,1950,0,0,2014-07-09,507000.0
Sammamish,5,4.5,4030,13474,4030,0,2.0,0,0,3,2000,0,0,2014-07-09,989000.0
Kirkland,4,2.5,1980,6660,1980,0,2.0,0,0,4,1974,0,0,2014-07-09,463000.0
Des Moines,3,1.5,1460,9908,1460,0,1.0,0,0,3,1952,0,0,2014-07-09,310000.0
Seattle,4,1.75,1880,8800,1130,750,1.0,0,0,3,1960,0,0,2014-07-09,284000.0
Seattle,3,1.75,2320,10900,2320,0,2.0,0,0,3,1935,1974,1,2014-07-09,737500.0
Seattle,3,3.25,2220,8227,1770,450,1.5,0,0,5,1929,0,0,2014-07-09,569000.0
Seattle,3,1.0,1410,7200,1410,0,2.0,0,0,4,1901,0,0,2014-07-09,700000.0
Seattle,3,1.0,1240,3500,1240,0,1.0,0,0,4,1927,0,0,2014-07-09,660000.0
Tukwila,4,2.0,2030,8426,2030,0,2.0,0,0,3,1944,0,0,2014-07-09,275000.0
Renton,6,3.75,4000,6015,3080,920,2.0,0,2,3,2004,0,0,2014-07-09,570000.0
Skykomish,3,0.75,490,38500,490,0,1.5,0,0,4,1959,0,0,2014-07-09,150000.0
Snoqualmie,3,2.5,1590,3411,1590,0,2.0,0,0,3,2000,0,0,2014-07-09,356000.0
Redmond,3,2.5,2630,5827,2630,0,2.0,0,0,3,2001,0,0,2014-07-09,610000.0
Redmond,2,1.75,1350,4614,1350,0,1.0,0,0,3,2008,0,0,2014-07-09,498800.0
Seattle,3,1.0,990,4440,990,0,1.0,0,0,3,1943,0,0,2014-07-09,226550.0
Snoqualmie,4,2.75,3710,7984,3710,0,2.0,0,0,3,1999,0,0,2014-07-09,692500.0
Des Moines,3,1.0,990,8062,990,0,1.0,0,0,4,1960,0,0,2014-07-09,250000.0
Sammamish,4,2.5,2510,4543,2510,0,2.0,0,0,3,2002,0,0,2014-07-09,660000.0
Shoreline,2,1.0,800,6500,800,0,1.0,0,0,4,1953,0,0,2014-07-09,295000.0
Auburn,4,1.0,1600,10183,1600,0,1.0,0,0,4,1966,0,0,2014-07-09,154950.0
Kent,5,3.25,3320,11340,2480,840,2.0,0,0,4,1999,0,0,2014-07-09,409124.0
Renton,5,1.5,1730,9230,1010,720,1.0,0,0,3,1962,0,0,2014-07-09,287000.0
Seattle,4,1.75,2000,3988,1000,1000,1.0,0,4,4,1958,0,0,2014-07-09,810000.0
Bothell,4,2.75,2910,6308,1640,1270,1.0,0,0,3,1985,0,0,2014-07-09,525000.0
Bellevue,4,1.75,1710,10440,1710,0,1.0,0,0,4,1955,0,0,2014-07-09,525000.0
Seattle,3,1.0,1200,7800,1200,0,1.0,0,0,4,1954,0,0,2014-07-09,275000.0
Renton,3,2.5,2600,5100,2600,0,2.0,0,1,3,1998,0,0,2014-07-09,583000.0
Covington,2,1.75,1460,7926,1460,0,1.0,0,0,4,1987,0,0,2014-07-09,237950.0
Kirkland,4,3.75,4260,9800,4260,0,2.0,0,0,3,2008,0,0,2014-07-09,1065000.0
Seattle,4,2.75,2100,4480,1780,320,1.5,0,0,4,1928,0,0,2014-07-09,679000.0
Seattle,6,4.5,4230,6420,2360,1870,2.0,0,3,4,1916,0,0,2014-07-09,1465000.0
Seattle,3,1.75,1660,6250,830,830,1.0,0,0,3,1980,0,0,2014-07-09,410000.0
Kirkland,3,1.0,1450,7200,1010,440,1.0,0,0,3,1969,0,0,2014-07-09,306000.0
Enumclaw,4,1.5,1860,5040,1860,0,1.5,0,0,5,1920,0,0,2014-07-09,215000.0
Sammamish,4,2.5,2720,10006,2720,0,2.0,0,0,3,1989,0,0,2014-07-09,594950.0
Seattle,4,2.5,2920,5500,2030,890,1.0,0,3,3,1957,0,0,2014-07-09,1250000.0
Federal Way,3,1.5,1800,12196,1800,0,1.0,0,0,4,1966,0,0,2014-07-09,305000.0
Seattle,2,1.0,1320,8830,1020,300,1.0,0,0,3,1939,0,0,2014-07-09,425000.0
Federal Way,3,1.75,1770,29004,1770,0,1.0,0,0,3,1959,0,0,2014-07-09,215000.0
Newcastle,5,2.75,2550,7725,1390,1160,1.0,0,0,5,1967,0,0,2014-07-09,480000.0
Redmond,4,1.75,2150,9000,1110,1040,1.0,0,0,4,1966,0,0,2014-07-09,550000.0
Sammamish,4,2.5,3020,7465,3020,0,2.0,0,0,3,2004,0,0,2014-07-09,750000.0
Renton,3,1.0,960,27442,960,0,1.0,0,0,4,1970,0,0,2014-07-09,137124.0
Seattle,3,2.0,2783,11177,2783,0,2.0,0,0,3,1910,1999,1,2014-07-09,840000.0
Mercer Island,3,2.0,2250,14274,1500,750,1.0,0,0,4,1964,0,0,2014-07-09,624800.0
Kirkland,3,1.75,1710,8767,1710,0,1.0,0,0,4,1986,0,0,2014-07-09,630000.0
Lake Forest Park,3,2.5,2650,9380,1680,970,1.0,0,0,5,1975,0,0,2014-07-09,590000.0
Seattle,3,3.25,1830,1804,1830,0,3.0,0,0,3,2014,0,0,2014-07-09,599950.0
Seattle,3,2.5,1460,3044,1460,0,2.0,0,0,3,2000,0,0,2014-07-09,299880.0
Woodinville,3,2.0,1760,6875,1760,0,1.0,0,0,4,1967,0,0,2014-07-09,400000.0
Sammamish,3,2.5,1960,6058,1960,0,2.0,0,0,3,2002,0,0,2014-07-09,560000.0
Federal Way,4,2.25,2010,7688,1170,840,1.0,0,0,3,1979,0,0,2014-07-09,229000.0
Renton,4,2.5,3670,9958,3670,0,2.0,0,0,3,2005,0,0,2014-07-09,525000.0
Redmond,2,2.25,2290,9772,2290,0,1.0,0,0,3,2007,0,0,2014-07-09,737000.0
Seattle,3,2.0,1780,5720,980,800,1.0,0,0,5,1925,0,0,2014-07-09,680000.0
Redmond,4,2.5,3080,35430,3080,0,2.0,0,0,3,1997,0,0,2014-07-09,635000.0
Redmond,4,2.5,3360,15091,3360,0,2.0,0,0,3,1997,0,0,2014-07-09,740000.0
Seattle,3,1.0,1370,6780,1370,0,2.0,0,0,3,1930,0,0,2014-07-09,335500.0
Des Moines,4,2.5,1660,8063,1660,0,1.0,0,0,4,1978,0,0,2014-07-09,270000.0
Newcastle,4,3.5,4440,10660,4440,0,2.0,0,0,3,2003,0,0,2014-07-09,1037000.0
Renton,5,2.5,2850,209523,1930,920,1.0,0,0,4,1925,1968,1,2014-07-09,450000.0
Kirkland,3,2.5,1530,2913,1530,0,2.0,0,0,4,1986,0,0,2014-07-09,379000.0
Woodinville,4,2.5,2100,8400,1240,860,1.0,0,0,4,1976,0,0,2014-07-09,468000.0
Seattle,1,1.0,730,1942,730,0,1.0,0,0,3,2008,0,0,2014-07-09,321500.0
Bothell,3,2.25,1920,8223,1920,0,2.0,0,0,4,1989,0,0,2014-07-09,443000.0
Renton,3,1.0,1600,7324,1600,0,1.0,0,0,4,1958,0,0,2014-07-09,340000.0
Kenmore,4,2.25,2380,17199,1530,850,2.0,0,0,3,1979,0,0,2014-07-09,470000.0
Renton,3,2.5,2760,17377,2760,0,2.0,0,0,3,2002,0,0,2014-07-09,545000.0
Shoreline,4,1.5,1840,11367,1840,0,1.5,0,0,4,1950,0,0,2014-07-09,415000.0
Seattle,7,2.5,2580,5750,1880,700,1.0,0,0,4,1901,0,0,2014-07-09,599000.0
Seattle,4,1.75,2100,4750,1340,760,1.0,0,0,3,1975,0,0,2014-07-09,759000.0
Seattle,4,1.75,1820,5015,1190,630,1.0,0,0,4,1926,0,0,2014-07-09,300000.0
Mercer Island,5,5.25,4830,18707,3930,900,2.0,0,1,5,1952,1998,1,2014-07-09,1681000.0
Seattle,3,1.5,1550,4980,1080,470,1.0,0,0,3,1978,0,0,2014-07-09,359000.0
Seattle,4,1.0,1440,3600,1440,0,1.5,0,0,4,1924,0,0,2014-07-09,550000.0
Seattle,2,1.0,930,6380,930,0,1.0,0,0,4,1940,0,0,2014-07-09,395000.0
Federal Way,4,2.5,3560,12047,3560,0,2.0,0,0,3,1988,0,0,2014-07-09,486000.0
Burien,2,1.0,840,11600,840,0,1.0,0,0,3,1952,0,0,2014-07-09,187000.0
Auburn,4,3.25,4280,47179,3050,1230,2.0,0,0,3,2002,0,0,2014-07-09,734950.0
Renton,3,1.5,1500,10018,1500,0,1.0,0,0,4,1957,0,0,2014-07-09,284000.0
North Bend,4,3.5,3650,38546,2550,1100,2.0,0,0,3,1996,0,0,2014-07-09,696000.0
Seattle,2,1.0,780,3910,780,0,1.0,0,0,3,1918,0,0,2014-07-09,380000.0
Seattle,4,1.0,1600,5500,1600,0,1.5,0,0,4,1946,0,0,2014-07-09,625000.0
Renton,4,1.75,1120,8250,1120,0,1.0,0,0,4,1966,0,0,2014-07-09,252000.0
Kirkland,2,1.0,1010,9219,1010,0,1.0,0,0,4,1960,0,0,2014-07-09,560000.0
Vashon,4,2.75,1970,37026,1970,0,1.0,0,0,4,1961,0,0,2014-07-09,395000.0
Seattle,4,2.5,2230,4372,1540,690,2.0,0,0,5,1935,0,0,2014-07-09,900000.0
Medina,5,3.0,4290,20445,4290,0,2.0,0,0,4,1985,0,0,2014-07-09,2680000.0
Auburn,3,1.75,3160,76230,2160,1000,1.0,0,0,4,1978,0,0,2014-07-09,625000.0
Seattle,3,1.75,1850,5100,1020,830,1.0,0,0,3,1909,0,0,2014-07-09,580000.0
Des Moines,3,2.25,1980,8755,1300,680,1.0,0,0,4,1963,0,0,2014-07-09,309000.0
Federal Way,4,3.5,3360,9767,2450,910,2.0,0,0,3,1990,0,0,2014-07-09,412000.0
Enumclaw,3,2.0,2660,192099,2660,0,1.0,0,0,4,1964,0,0,2014-07-09,495000.0
Kent,3,1.0,1200,7280,1200,0,1.0,0,0,4,1967,0,0,2014-07-09,215000.0
Redmond,2,2.5,2150,5760,2150,0,1.0,0,0,3,2010,0,0,2014-07-09,741500.0
Redmond,3,2.75,2820,5348,2820,0,2.0,0,0,3,2008,0,0,2014-07-09,749000.0
Renton,4,2.75,3510,9400,3510,0,2.0,0,0,3,2014,0,0,2014-07-09,659950.0
Issaquah,3,2.5,1790,3078,1790,0,2.0,0,0,3,2010,0,0,2014-07-09,530000.0
Seattle,4,2.75,2700,6000,2100,600,2.0,0,0,4,1910,0,0,2014-07-09,749000.0
Mercer Island,5,4.75,5780,17004,4260,1520,2.0,0,0,3,2006,0,0,2014-07-09,2321000.0
Seattle,4,3.25,3730,4560,2760,970,2.0,0,0,3,2013,0,0,2014-07-09,595000.0
Seattle,4,2.5,2540,5001,2540,0,2.0,0,0,3,2005,0,0,2014-07-09,487000.0
Seattle,4,2.25,3300,8365,3300,0,3.0,0,0,3,2014,0,0,2014-07-09,760000.0
Bellevue,5,3.5,5430,10327,4010,1420,2.0,0,2,3,2007,0,0,2014-07-09,1240000.0
Renton,4,2.5,2550,5200,2550,0,2.0,0,0,3,2009,0,0,2014-07-09,435000.0
Seattle,3,2.25,1390,1484,1390,0,3.0,0,0,3,2007,0,0,2014-07-09,374950.0
Seattle,3,1.5,1270,1413,1270,0,3.0,0,0,3,2007,0,0,2014-07-09,440000.0
Maple Valley,4,2.5,2380,5000,2380,0,2.0,0,0,3,2005,0,0,2014-07-10,360000.0
Sammamish,4,2.5,3360,22111,3360,0,2.0,0,0,3,1994,0,0,2014-07-10,879000.0
Fall City,5,4.25,6070,171626,6070,0,2.0,0,0,3,1999,0,0,2014-07-10,1550000.0
Sammamish,2,1.0,1240,57000,1240,0,1.0,0,0,3,1962,0,0,2014-07-10,505000.0
Vashon,2,2.0,2930,14057,1680,1250,1.0,0,2,4,1980,0,0,2014-07-10,545000.0
Fall City,2,2.5,2410,102366,1940,470,1.0,0,0,4,1912,1989,1,2014-07-10,600000.0
Seattle,6,2.75,2980,5000,2480,500,1.5,0,0,3,1916,0,0,2014-07-10,775000.0
Seattle,2,1.75,1950,2719,1010,940,1.0,0,0,5,1919,0,0,2014-07-10,725000.0
Sammamish,4,2.75,2600,36583,1580,1020,1.0,0,0,5,1976,0,0,2014-07-10,610000.0
Seattle,4,1.0,1170,8147,1170,0,1.5,0,0,3,1959,0,0,2014-07-10,350000.0
Burien,3,1.0,1470,6500,1470,0,1.0,0,0,4,1953,0,0,2014-07-10,410000.0
Seattle,4,2.0,1840,5419,920,920,1.0,0,0,4,1942,0,0,2014-07-10,639000.0
Kirkland,4,2.0,1560,7500,1560,0,1.0,0,0,4,1968,0,0,2014-07-10,439000.0
Kirkland,4,1.75,1520,7700,1520,0,1.0,0,0,4,1967,0,0,2014-07-10,499950.0
Seattle,3,2.75,2220,4000,1700,520,2.0,0,0,3,1914,2000,1,2014-07-10,800000.0
Federal Way,4,2.5,2800,9538,2800,0,2.0,0,0,3,1993,0,0,2014-07-10,350000.0
Seattle,2,1.0,670,6300,670,0,1.0,0,0,5,1942,0,0,2014-07-10,279000.0
Federal Way,3,2.25,1720,7885,1720,0,2.0,0,0,3,1983,0,0,2014-07-10,290256.0
Kent,3,2.5,2110,4038,2110,0,2.0,0,0,4,1989,0,0,2014-07-10,355000.0
Maple Valley,3,1.75,1580,9187,1180,400,1.0,0,0,3,1993,0,0,2014-07-10,263000.0
Seattle,6,2.5,2640,3680,1760,880,2.0,0,0,5,1922,0,0,2014-07-10,880000.0
Renton,4,2.5,2700,6515,2700,0,2.0,0,0,3,1998,0,0,2014-07-10,426500.0
Issaquah,3,2.5,2820,8159,2820,0,2.0,0,0,3,2004,0,0,2014-07-10,735000.0
Snoqualmie,4,2.5,3340,8930,3340,0,2.0,0,2,3,1999,0,0,2014-07-10,720000.0
Maple Valley,3,2.5,1530,6000,1530,0,2.0,0,0,4,1991,0,0,2014-07-10,265000.0
Carnation,4,3.5,3840,85728,3840,0,2.0,0,0,3,1998,0,0,2014-07-10,840000.0
Bellevue,3,2.0,2320,10960,1510,810,1.0,0,0,3,1956,0,0,2014-07-10,657500.0
Bellevue,5,2.0,2310,13430,2310,0,1.5,0,0,4,1966,0,0,2014-07-10,850000.0
seattle,3,2.5,1770,1235,1600,170,3.0,0,0,3,2007,0,0,2014-05-02,436110.0
Woodenville,2,3.0,3160,66646,3160,0,2.0,0,0,3,1993,0,0,2014-05-08,589900.0
Seatle,3,1.5,1620,6630,1280,340,1.0,0,0,3,1954,0,0,2014-05-12,620000.0
Seaattle,4,2.0,1510,4235,1510,0,1.0,0,0,3,1955,0,0,2014-05-16,254000.0
Redmund,3,1.75,960,8106,960,0,1.0,0,0,3,1962,0,0,2014-06-05,375000.0
Belleview,4,2.25,1740,8449,1170,570,1.0,0,0,4,1958,0,0,2014-06-06,455000.0
Bellvue,4,2.0,1470,8395,1470,0,1.0,0,0,4,1965,0,0,2014-06-06,445000.0
Samamish,4,2.5,2460,4200,2460,0,2.0,0,0,3,1998,0,0,2014-06-07,568500.0
Sureline,3,1.75,1170,8182,1170,0,1.0,0,0,3,1962,0,0,2014-06-11,352500.0
Kirklund,2,1.75,1210,7507,1210,0,1.0,0,0,3,1982,0,0,2014-06-24,342500.0
Auburnt,3,2.5,1870,7942,1870,0,2.0,0,0,3,1990,0,0,2014-06-25,299950.0
Snogualmie,3,2.5,1950,5689,1950,0,2.0,0,0,3,2009,0,0,2014-07-01,425000.0
Issaguah,4,2.5,2570,5250,2570,0,2.0,0,0,3,1990,0,0,2014-07-09,561000.0
Redmonde,3,2.0,1460,10311,1460,0,1.0,0,0,4,1975,0,0,2014-05-27,455500.0
Woodenville,3,2.5,2970,23100,1510,1460,1.0,0,0,3,1967,0,0,2014-06-24,400000.0
Coronation,4,2.5,2040,21781,2040,0,2.0,0,0,3,1994,0,0,2014-06-20,443500.0
seattle,5,3.25,3240,6551,2500,740,1.5,0,4,4,1939,0,0,2014-06-20,1234582.0
auburn,4,2.75,3150,67518,2250,900,1.0,0,0,4,1965,0,0,2014-05-22,370000.0
redmond,3,2.25,1820,8008,1240,580,1.0,0,0,3,1981,0,0,2014-05-22,475000.0
sammamish,4,2.5,2130,35752,1490,640,1.0,0,0,3,1980,0,0,2014-07-08,580000.0
Bellevue,3,1.05,1430,8000,1430,0,1.0,0,0,4,1956,0,0,2014-05-06,518000.0
Issaquah,3,2.55,2030,6970,2030,0,2.0,0,0,4,1991,0,0,2014-05-09,525000.0
Maple Valley,4,2.57,2000,5827,2000,0,2.0,0,0,3,1997,0,0,2014-06-24,236000.0
Federal Way,4,2.3,1940,6206,1940,0,2.0,0,0,3,1990,0,0,2014-06-10,278500.0
Seattle,2,1.7,880,6780,880,0,1.0,0,0,4,1945,0,0,2014-06-23,205425.0
Sammamish,3,2.5,2670,10496,2670,0,2.0,0,0,3,1989,0,0,2014-05-22,657500.0
Seattle,3,2.5,1280,1438,1280,1420,2.0,0,0,3,2003,0,0,2014-07-10,670000.0
Seattle,1,1.0,890,833,590,0,1.0,0,0,4,1926,0,0,2014-07-01,202000.0
Bellevue,4,2.25,2160,8119,1080,1080,1.0,0,0,3,1966,1913,1,2014-05-02,440000.0
Redmond,4,2.5,2700,8810,2700,0,2.0,0,0,3,2004,2003,1,2014-05-26,690000.0
Kent,6,2.25,3206,5793,3206,0,2.0,0,0,3,2012,1912,1,2014-05-08,375000.0
Seattle,3,1.75,1560,9788,1560,0,1.0,0,0,3,1964,2000,1,2014-05-20,291000.0
Kent,3,1.75,1400,6956,1400,0,1.0,0,0,4,1957,2001,1,2014-06-16,230000.0
Shoreline,4,3.25,3090,6744,3090,0,2.0,0,4,3,2013,1923,1,2014-05-22,850000.0
Yarrow Point,4,2.0,2630,16475,2630,0,2.0,0,0,4,1953,0,0,2014-06-01,84350.0
Seattle,3,2.5,2190,11394,1550,640,1.0,0,0,3,1956,0,0,2014-06-23,12899000.0
Tukwila,4,1.0,2100,9200,1050,1050,1.0,0,0,3,1959,0,0,2014-05-08,2110000.0
Covington,4,1.5,1120,5427,1120,0,1.0,0,0,3,1969,2014,1,2014-05-05,2199900.0
Medina,4,2.75,3260,19542,2170,1090,1.0,0,0,4,1968,0,0,2014-05-14,188000.0
Kent,3,2.0,1180,7793,1180,0,1.0,0,0,4,1992,0,0,2014-07-03,26590000.0
Tukwila,2,1.0,780,16344,780,0,1.0,0,0,1,1942,0,0,2014-05-06,7800.0
Auburn,4,2.5,2200,9397,2200,0,2.0,0,0,3,1987,0,0,2014-05-02,0.0
Duvall,3,1.0,1340,306848,1340,0,1.0,0,0,3,1953,0,0,2014-05-05,0.0
Federal Way,3,1.75,1490,10125,1490,0,1.0,0,0,4,1962,0,0,2014-05-05,0.0
Seattle,4,2.5,2800,5900,1660,1140,1.0,0,0,3,1963,0,0,2014-05-05,0.0
Seattle,4,2.75,2600,5390,1300,1300,1.0,0,0,4,1960,0,0,2014-05-05,0.0
Burien,6,2.75,3200,9200,1600,1600,1.0,0,2,4,1953,0,0,2014-05-05,0.0
Issaquah,5,3.5,3480,36615,2490,990,2.0,0,0,4,1983,0,0,2014-05-06,0.0
Seattle,3,3.5,3020,4082,2080,940,2.0,0,0,3,1954,2004,1,2014-05-06,0.0
Lake Forest Park,3,2.25,1970,11088,1180,790,1.0,0,0,4,1967,0,0,2014-05-06,0.0
Burien,5,1.5,1500,7112,760,740,1.0,0,0,5,1920,0,0,2014-05-07,0.0
Sammamish,4,4.0,3680,18804,3680,0,2.0,0,0,3,1990,0,0,2014-05-07,0.0
Shoreline,3,2.0,1570,7200,1570,0,1.0,0,0,4,1952,0,0,2014-05-07,0.0
Issaquah,3,2.5,2280,2289,1880,400,2.0,0,0,3,2006,0,0,2014-05-07,0.0
Renton,3,2.5,1600,3573,1600,0,2.0,0,0,3,2013,0,0,2014-05-07,0.0
Seattle,3,3.0,1680,1570,1680,0,3.0,0,0,3,2014,0,0,2014-05-07,0.0
Kent,3,1.75,1890,13860,1890,0,1.0,0,0,5,1966,0,0,2014-05-08,0.0
SeaTac,2,1.0,520,22334,520,0,1.0,0,0,2,1951,0,0,2014-05-08,0.0
North Bend,3,2.25,1780,191228,1780,0,2.0,0,2,3,1988,0,0,2014-05-08,0.0
Bellevue,4,3.0,2920,33976,1460,1460,1.0,0,3,5,1964,0,0,2014-05-08,0.0
Renton,3,2.25,2430,73151,2430,0,1.0,0,0,3,1974,0,0,2014-05-08,0.0
Sammamish,3,2.75,3010,1842,3010,0,2.0,0,0,3,2011,0,0,2014-05-08,0.0
Bellevue,3,1.0,1620,30736,1620,0,1.5,0,0,4,1911,1977,1,2014-05-09,0.0
Enumclaw,2,2.5,2200,188200,2200,0,1.0,0,3,3,2007,0,0,2014-05-09,0.0
Sammamish,3,2.25,2950,78843,2950,0,1.5,0,0,3,2006,0,0,2014-05-09,0.0
Normandy Park,4,2.25,2170,10500,1270,900,1.0,0,2,4,1960,0,0,2014-05-09,0.0
Bellevue,3,1.5,1770,17208,1160,610,1.0,0,0,3,1959,0,0,2014-05-12,0.0
Kenmore,3,1.0,1830,8209,1830,0,1.0,0,0,3,1942,0,0,2014-05-12,0.0
Kent,4,2.5,2380,7066,2380,0,2.0,0,0,4,1997,0,0,2014-05-12,0.0
Bellevue,4,2.5,2550,10000,1290,1260,1.0,0,0,3,1964,0,0,2014-05-12,0.0
Sammamish,3,2.5,3720,11610,3720,0,2.0,0,0,3,1982,0,0,2014-05-12,0.0
Snoqualmie,5,4.5,4630,6324,3210,1420,2.0,0,0,3,2006,0,0,2014-05-12,0.0
Bellevue,5,4.0,4430,9000,4430,0,2.0,0,0,3,2013,0,0,2014-05-13,0.0
Seattle,3,2.5,1490,1709,1490,0,3.0,0,0,3,2004,0,0,2014-05-13,0.0
Mercer Island,4,4.5,5030,11023,3250,1780,2.0,0,2,3,2008,0,0,2014-05-13,0.0
Kent,4,1.5,2180,22870,1280,900,1.0,0,0,4,1954,1975,1,2014-05-13,0.0
Enumclaw,4,1.5,1590,131551,1590,0,1.0,0,3,4,1966,0,0,2014-05-14,0.0
Seattle,3,2.0,1510,7066,1230,280,1.0,0,2,3,1973,0,0,2014-05-15,0.0
Bellevue,4,3.5,4210,10308,4210,0,2.0,0,0,3,2006,0,0,2014-05-15,0.0
Sammamish,3,2.0,1640,9972,1640,0,1.0,0,0,4,1977,0,0,2014-05-15,0.0
Seattle,4,2.5,1840,1562,1400,440,2.0,0,0,3,2004,0,0,2014-05-15,0.0
Seattle,3,1.0,1040,5000,1040,0,1.0,0,0,3,1959,0,0,2014-05-15,0.0
Seattle,3,1.0,1250,4800,1250,0,1.0,0,0,4,1951,0,0,2014-05-16,0.0
Lake Forest Park,5,3.25,3690,12353,3690,0,2.0,0,0,5,1977,0,0,2014-05-16,0.0
Seattle,4,1.0,1530,7200,1400,130,1.5,0,0,3,1948,0,0,2014-05-16,0.0
Seattle,4,2.5,2110,3750,2110,0,2.0,0,0,3,2000,0,0,2014-05-16,0.0
Seattle,3,1.75,2150,4333,1200,950,1.0,0,0,3,1956,0,0,2014-05-16,0.0
Seattle,5,3.75,5340,10655,3740,1600,2.5,0,3,4,1912,0,0,2014-05-19,0.0
Issaquah,4,1.75,2420,7672,1480,940,1.0,0,0,3,1979,0,0,2014-05-19,0.0
Bellevue,4,3.25,5010,34460,5010,0,2.0,0,0,3,1988,0,0,2014-05-19,0.0
Renton,2,1.0,910,9612,910,0,1.0,0,0,4,1981,0,0,2014-05-19,0.0
Seattle,3,1.5,2200,5000,2200,0,1.5,0,0,3,1932,0,0,2014-05-19,0.0
Woodinville,4,2.5,3430,64441,3430,0,2.0,0,0,3,2013,0,0,2014-05-19,0.0
Kent,4,2.5,1860,6687,1220,640,1.0,0,0,4,1983,0,0,2014-05-20,0.0
Seattle,4,3.75,3300,4545,2600,700,1.5,0,4,3,1926,1999,1,2014-05-20,0.0
Renton,3,1.75,1280,10716,1280,0,1.0,0,0,4,1969,0,0,2014-05-20,0.0
Covington,3,2.0,1490,7770,1490,0,1.0,0,0,4,1990,0,0,2014-05-20,0.0
Covington,5,2.25,2880,11965,2880,0,2.0,0,0,4,1990,0,0,2014-05-21,0.0
Seattle,4,1.0,1310,5200,1160,150,1.5,0,0,3,1945,0,0,2014-05-21,0.0
Federal Way,4,2.5,1980,7403,1980,0,2.0,0,0,3,1988,0,0,2014-05-22,0.0
SeaTac,5,2.25,2000,7900,1300,700,1.0,0,0,4,1986,0,0,2014-05-22,0.0
Seattle,3,3.0,1860,7440,1040,820,1.0,0,0,5,1954,0,0,2014-05-22,0.0
Federal Way,4,3.0,1990,6180,1990,0,2.0,0,0,3,1990,0,0,2014-05-22,0.0
Federal Way,4,2.25,1720,8300,1720,0,1.0,0,0,4,1973,0,0,2014-05-22,0.0
Covington,3,2.0,1370,78408,1370,0,1.0,0,0,5,1964,0,0,2014-05-23,0.0
Auburn,4,3.0,4060,35621,2030,2030,1.0,0,0,3,1989,0,0,2014-05-23,0.0
Kent,4,2.5,1960,9898,1960,0,2.0,0,0,3,2001,0,0,2014-05-23,0.0
Auburn,4,2.5,1720,9600,1120,600,1.0,0,0,3,1961,0,0,2014-05-27,0.0
Sammamish,4,2.5,2740,12899,2740,0,2.0,0,0,4,1990,0,0,2014-05-27,0.0
Kenmore,4,1.0,1360,13372,1360,0,1.0,0,0,3,1955,0,0,2014-05-27,0.0
Bothell,3,2.5,1870,5449,1870,0,2.0,0,0,3,2003,0,0,2014-05-27,0.0
Renton,2,1.0,720,4222,720,0,1.0,0,0,4,1942,0,0,2014-05-28,0.0
Sammamish,3,2.25,2180,7741,2180,0,2.0,0,0,3,1986,0,0,2014-05-28,0.0
Burien,3,1.5,1430,8960,1430,0,1.0,0,0,4,1953,0,0,2014-05-28,0.0
Auburn,2,1.0,780,6685,780,0,1.0,0,0,4,1948,0,0,2014-05-28,0.0
Shoreline,3,1.0,1180,5002,1180,0,1.5,0,0,3,1946,0,0,2014-05-28,0.0
Seattle,3,2.0,1300,3731,900,400,1.0,0,0,3,1993,0,0,2014-05-28,0.0
Mercer Island,4,3.0,4260,18000,4260,0,2.0,0,2,3,2000,0,0,2014-05-28,0.0
Bellevue,2,1.75,2050,11900,2050,0,1.0,0,0,4,1950,0,0,2014-05-28,0.0
Woodinville,3,1.75,2930,19876,2030,900,1.0,0,0,3,1993,0,0,2014-05-29,0.0
Renton,2,1.0,1500,4120,880,620,1.5,0,0,3,1928,0,0,2014-05-29,0.0
Bellevue,5,3.5,5960,13703,4770,1190,2.0,0,2,3,1984,0,0,2014-05-29,0.0
Seattle,2,1.0,810,4800,810,0,1.0,0,0,3,1919,0,0,2014-05-29,0.0
Renton,4,2.75,2320,4344,2320,0,2.0,0,0,3,2012,0,0,2014-05-29,0.0
Seattle,2,1.0,1090,5000,730,360,1.0,0,0,4,1942,0,0,2014-05-30,0.0
Seattle,2,1.0,1000,4776,1000,0,1.0,0,0,4,1942,0,0,2014-05-30,0.0
Renton,3,2.5,2260,19821,2260,0,2.0,0,0,3,1994,0,0,2014-05-30,0.0
Seattle,4,1.0,1290,5000,1290,0,1.5,0,0,3,1957,0,0,2014-05-30,0.0
Renton,3,2.0,2120,7560,2120,0,1.0,0,0,3,1991,0,0,2014-05-30,0.0
Kenmore,3,2.25,1490,4522,1490,0,2.0,0,0,3,2009,0,0,2014-05-30,0.0
Seattle,4,2.5,2310,5100,2310,0,2.0,0,0,3,2013,0,0,2014-05-30,0.0
Seattle,1,1.0,720,6000,720,0,1.0,0,0,3,1940,0,0,2014-06-02,0.0
Seattle,3,2.5,1840,3035,920,920,1.0,0,0,3,1926,0,0,2014-06-02,0.0
Sammamish,5,2.75,2910,36250,1590,1320,1.0,0,0,3,1977,0,0,2014-06-02,0.0
Kirkland,4,2.75,3270,12880,3270,0,2.0,0,0,3,2014,0,0,2014-06-02,0.0
Bellevue,5,2.75,3040,10257,3040,0,2.0,0,0,3,1993,0,0,2014-06-03,0.0
Maple Valley,3,1.0,1200,9936,1200,0,1.0,0,0,4,1969,0,0,2014-06-03,0.0
Seattle,5,2.75,2740,5616,1670,1070,1.5,0,0,5,1925,0,0,2014-06-03,0.0
Seattle,4,2.25,2290,5350,2120,170,2.0,0,0,4,1958,0,0,2014-06-03,0.0
Seattle,4,2.0,2580,6000,1300,1280,1.0,0,0,5,1950,0,0,2014-06-03,0.0
Maple Valley,3,1.75,1590,27200,1590,0,1.5,0,0,4,1926,0,0,2014-06-03,0.0
Seattle,3,1.0,1040,6860,1040,0,2.0,0,0,3,1942,0,0,2014-06-03,0.0
Mercer Island,3,1.0,1300,6710,1300,0,1.0,0,0,4,1952,0,0,2014-06-03,0.0
Maple Valley,5,2.5,2090,4698,2090,0,2.0,0,0,3,1998,0,0,2014-06-03,0.0
Renton,5,2.75,2670,3800,2670,0,2.0,0,0,3,2014,0,0,2014-06-03,0.0
Kent,4,1.0,1540,115434,1540,0,1.5,0,0,4,1923,0,0,2014-06-04,0.0
Woodinville,4,2.75,3370,12447,3370,0,2.0,0,0,3,1991,0,0,2014-06-04,0.0
Kent,3,1.75,1730,11325,1730,0,1.0,0,0,5,1972,0,0,2014-06-04,0.0
Redmond,3,2.5,1640,29970,1640,0,2.0,0,0,3,1992,0,0,2014-06-05,0.0
Seattle,4,2.25,2980,8051,2020,960,1.5,0,2,4,1935,0,0,2014-06-05,0.0
Kirkland,3,2.0,1330,8100,1330,0,1.0,0,0,4,1969,0,0,2014-06-05,0.0
Kent,4,2.25,2192,12128,2192,0,2.0,0,0,3,2006,0,0,2014-06-05,0.0
Auburn,4,2.5,2068,7242,2068,0,2.0,0,0,4,1976,0,0,2014-06-05,0.0
Seattle,3,1.75,1980,6250,1090,890,1.0,0,1,5,1910,0,0,2014-06-05,0.0
Seattle,3,2.5,1710,1664,1300,410,2.0,0,0,5,2003,0,0,2014-06-05,0.0
Seattle,2,1.0,890,4590,890,0,1.0,0,0,3,1923,0,0,2014-06-06,0.0
Bellevue,4,3.5,4280,9583,4280,0,2.0,0,0,3,2005,0,0,2014-06-06,0.0
Maple Valley,3,2.5,3080,12476,3080,0,2.0,0,0,3,1990,0,0,2014-06-06,0.0
Kirkland,4,2.25,2070,7500,2070,0,2.0,0,0,4,1977,0,0,2014-06-06,0.0
Kirkland,4,2.75,3010,7215,3010,0,2.0,0,0,3,2014,0,0,2014-06-06,0.0
Redmond,4,2.0,2030,9300,2030,0,1.0,0,0,4,1976,0,0,2014-06-09,0.0
Sammamish,4,3.75,4060,19290,4060,0,2.0,0,0,3,2002,0,0,2014-06-09,0.0
Sammamish,3,2.75,2340,16500,1500,840,1.0,0,0,4,1972,0,0,2014-06-10,0.0
Kenmore,3,2.5,2340,5957,2340,0,2.0,0,0,3,1995,0,0,2014-06-10,0.0
Seattle,2,1.0,1470,7137,1020,450,1.0,0,0,3,1941,0,0,2014-06-10,0.0
Bellevue,4,2.5,3700,21755,2620,1080,1.0,0,4,3,1988,0,0,2014-06-10,0.0
Seattle,4,1.0,1200,7200,1200,0,1.5,0,0,3,1944,0,0,2014-06-10,0.0
Woodinville,5,2.75,2910,53898,1510,1400,1.0,0,0,5,1979,0,0,2014-06-11,0.0
Seattle,5,2.0,1910,7200,1110,800,1.0,0,0,4,1951,0,0,2014-06-11,0.0
Clyde Hill,3,2.5,2880,13500,1520,1360,1.0,0,4,5,1950,0,0,2014-06-11,0.0
Renton,5,2.75,3240,6863,3240,0,2.0,0,0,3,2013,0,0,2014-06-11,0.0
Kirkland,3,1.75,1590,8219,970,620,1.5,0,0,5,1938,0,0,2014-06-12,0.0
Sammamish,5,3.5,3690,11928,2540,1150,2.0,0,0,3,2006,0,0,2014-06-12,0.0
Redmond,3,2.5,2480,5137,2480,0,2.0,0,0,3,2000,0,0,2014-06-12,0.0
Redmond,4,2.5,2683,40386,2683,0,2.0,0,0,4,1987,0,0,2014-06-12,0.0
Shoreline,2,1.0,1100,8281,1100,0,1.0,0,0,4,1947,0,0,2014-06-12,0.0
Seattle,4,1.0,2080,3500,1260,820,1.5,0,0,5,1926,0,0,2014-06-12,0.0
Kent,3,2.5,2210,10119,1450,760,1.0,0,0,4,1966,0,0,2014-06-12,0.0
Seattle,4,3.25,2420,4000,1870,550,1.5,0,0,5,1911,0,0,2014-06-12,0.0
Seattle,3,3.5,1240,1666,1000,240,2.0,0,0,3,2008,0,0,2014-06-12,0.0
Seattle,3,2.5,2300,3060,1510,790,1.5,0,0,3,1930,2002,1,2014-06-13,0.0
Bellevue,3,1.75,1760,12874,1230,530,1.0,0,0,4,1967,0,0,2014-06-13,0.0
Seattle,3,2.0,2020,8555,1220,800,1.0,0,0,4,1957,0,0,2014-06-13,0.0
Seattle,4,3.25,2500,5801,1960,540,1.5,0,0,3,1926,0,0,2014-06-15,0.0
Seattle,2,1.0,760,5500,760,0,1.5,0,0,3,1947,0,0,2014-06-16,0.0
Seattle,4,1.75,1580,5340,1130,450,1.0,0,0,3,1947,0,0,2014-06-16,0.0
Kirkland,3,2.5,2670,10481,2670,0,2.0,0,0,3,2003,0,0,2014-06-17,0.0
Renton,3,1.0,1140,8366,1140,0,1.0,0,0,5,1943,0,0,2014-06-17,0.0
Sammamish,5,3.75,3870,8225,3870,0,2.0,0,0,3,1998,0,0,2014-06-17,0.0
Bellevue,3,2.75,2750,18029,1810,940,1.0,0,2,5,1978,0,0,2014-06-17,0.0
Seattle,3,2.0,1570,7000,1050,520,2.0,0,2,4,1971,0,0,2014-06-17,0.0
Kenmore,3,1.75,1160,22470,1160,0,1.0,0,0,4,1976,0,0,2014-06-17,0.0
Federal Way,3,2.25,2110,7665,1360,750,1.0,0,0,4,1973,0,0,2014-06-17,0.0
Seattle,3,2.5,1270,2509,1270,0,2.0,0,0,3,2004,0,0,2014-06-17,0.0
Renton,4,2.5,3250,4500,3250,0,2.0,0,0,3,2009,0,0,2014-06-17,0.0
Seattle,2,1.0,940,9839,940,0,1.0,0,0,3,1910,0,0,2014-06-18,0.0
Black Diamond,4,1.5,2310,68824,2310,0,2.0,0,0,4,1968,0,0,2014-06-18,0.0
Renton,3,1.0,1130,12519,1130,0,1.0,0,0,3,1958,0,0,2014-06-18,0.0
Mercer Island,6,3.0,3020,13783,3020,0,2.0,0,0,3,1952,2002,1,2014-06-18,0.0
Sammamish,4,2.5,3210,14910,3210,0,2.0,0,0,3,1995,0,0,2014-06-18,0.0
Redmond,3,2.5,2650,40705,2650,0,2.0,0,0,3,1994,0,0,2014-06-19,0.0
Kent,3,1.75,1150,8079,1150,0,1.0,0,0,4,1983,0,0,2014-06-19,0.0
Carnation,3,3.0,3910,19023,3910,0,2.0,0,0,3,1985,0,0,2014-06-19,0.0
Covington,4,2.5,3490,5000,3490,0,2.0,0,0,3,2003,0,0,2014-06-19,0.0
Mercer Island,5,3.0,3330,19126,2610,720,2.0,0,0,4,1977,0,0,2014-06-19,0.0
Seattle,4,1.0,1940,5753,1940,0,1.5,0,0,3,1947,0,0,2014-06-19,0.0
Seattle,3,2.5,1800,2700,1800,0,2.0,0,0,3,2011,0,0,2014-06-19,0.0
Auburn,3,1.75,1880,11249,1330,550,1.0,0,0,3,1985,0,0,2014-06-20,0.0
Seattle,4,2.25,2870,6280,1980,890,1.5,0,0,4,1905,0,0,2014-06-20,0.0
Auburn,4,2.5,1960,11600,980,980,1.0,0,0,5,1931,0,0,2014-06-20,0.0
Seattle,4,1.0,1810,7500,1410,400,1.0,0,0,2,1959,0,0,2014-06-20,0.0
Seattle,2,2.25,1490,6770,1490,0,1.5,0,0,3,1926,0,0,2014-06-22,0.0
Mercer Island,3,4.5,5230,17826,3740,1490,2.0,1,4,3,2005,0,0,2014-06-23,0.0
Renton,5,2.5,3390,9760,1750,1640,1.0,0,0,5,1978,0,0,2014-06-23,0.0
Seattle,2,1.0,880,6413,880,0,1.0,0,0,3,1950,0,0,2014-06-23,0.0
Des Moines,2,1.0,2550,21675,1610,940,1.0,0,1,4,1958,0,0,2014-06-23,0.0
Mercer Island,4,2.5,3160,13194,3160,0,2.0,0,0,5,1965,0,0,2014-06-23,0.0
Sammamish,4,5.0,4550,18641,2600,1950,1.0,1,4,3,2002,0,0,2014-06-24,0.0
Mercer Island,5,2.75,3831,13800,3831,0,2.0,1,4,3,1959,1980,1,2014-06-24,0.0
Seattle,2,1.75,1240,3000,1240,0,1.5,0,0,3,1906,0,0,2014-06-24,0.0
Duvall,4,2.75,2520,14021,2520,0,2.0,0,0,3,1999,0,0,2014-06-24,0.0
Mercer Island,4,2.25,2420,10200,2420,0,2.0,0,0,4,1973,0,0,2014-06-24,0.0
Bellevue,4,1.75,1250,7400,1250,0,1.0,0,0,5,1959,0,0,2014-06-24,0.0
Bellevue,3,2.75,1310,7300,1310,0,1.0,0,0,3,1957,0,0,2014-06-24,0.0
Seattle,3,1.0,1410,8053,1410,0,1.0,0,0,4,1951,0,0,2014-06-24,0.0
Woodinville,3,1.0,990,9798,990,0,1.0,0,0,3,1968,0,0,2014-06-24,0.0
Enumclaw,3,1.0,1000,8512,1000,0,1.0,0,0,3,1991,0,0,2014-06-24,0.0
Renton,3,1.75,2000,7560,1300,700,1.0,0,0,4,1968,0,0,2014-06-24,0.0
Seattle,2,1.0,1120,5650,1120,0,1.0,0,0,3,1944,0,0,2014-06-25,0.0
Kirkland,5,3.25,3370,7947,3370,0,2.0,0,0,3,2001,0,0,2014-06-25,0.0
Redmond,3,2.75,2210,4000,2210,0,2.0,0,0,3,2008,0,0,2014-06-25,0.0
Snoqualmie,5,3.5,2640,6895,2640,0,2.0,0,0,3,2001,0,0,2014-06-25,0.0
Seattle,3,2.5,1150,887,1150,0,3.0,0,0,3,2007,0,0,2014-06-25,0.0
Redmond,4,2.5,2150,27540,2150,0,2.0,0,0,3,1997,0,0,2014-06-26,0.0
Woodinville,4,2.75,4230,31747,4230,0,2.0,0,0,4,1985,0,0,2014-06-26,0.0
Burien,3,1.75,1570,15330,1080,490,1.0,0,0,3,1956,0,0,2014-06-26,0.0
Kent,3,2.5,1630,7700,1120,510,1.0,0,0,3,1978,0,0,2014-06-26,0.0
Issaquah,4,2.5,2770,10274,2770,0,2.0,0,0,3,1989,0,0,2014-06-26,0.0
Burien,3,1.0,1750,7800,1150,600,1.0,0,0,4,1956,0,0,2014-06-26,0.0
Renton,3,1.5,1090,8160,1090,0,1.0,0,0,3,1967,2014,1,2014-06-26,0.0
Seattle,2,1.0,930,7740,930,0,1.0,0,0,3,1924,0,0,2014-06-26,0.0
Lake Forest Park,4,2.0,2100,4857,2100,0,2.0,0,0,3,1965,1984,1,2014-06-26,0.0
Redmond,4,2.5,2540,38677,2540,0,2.0,0,0,3,1987,0,0,2014-06-27,0.0
Federal Way,2,1.0,810,8424,810,0,1.0,0,0,4,1959,0,0,2014-06-27,0.0
Seattle,2,1.5,1520,8040,1520,0,1.0,0,0,5,1951,0,0,2014-06-27,0.0
Seattle,1,1.0,690,1950,690,0,1.0,0,0,3,1928,0,0,2014-06-27,0.0
Seattle,4,3.0,2370,3672,1650,720,1.5,0,0,5,1916,0,0,2014-06-27,0.0
Seattle,4,4.25,3500,8750,2140,1360,1.0,0,4,5,1951,0,0,2014-06-28,0.0
Seattle,2,1.0,840,3400,840,0,1.0,0,2,4,1924,0,0,2014-06-29,0.0
Kent,4,2.25,1830,8734,1830,0,2.0,0,0,4,1991,0,0,2014-06-30,0.0
Seattle,3,2.25,1370,1524,1370,0,3.0,0,0,3,2005,0,0,2014-06-30,0.0
Mercer Island,5,2.75,2520,16100,1570,950,1.0,0,3,4,1960,0,0,2014-06-30,0.0
Seattle,2,2.25,2130,4920,1530,600,1.5,0,4,4,1941,0,0,2014-07-01,0.0
Bothell,4,2.5,2590,8483,2590,0,2.0,0,0,3,1991,0,0,2014-07-01,0.0
Sammamish,4,2.5,1820,20011,1820,0,2.0,0,0,3,1987,0,0,2014-07-01,0.0
Seattle,3,2.5,1530,3210,1010,520,1.5,0,0,5,1928,0,0,2014-07-01,0.0
Clyde Hill,4,2.5,4080,18362,4080,0,2.0,0,2,4,1983,0,0,2014-07-02,0.0
Burien,2,1.0,1050,6600,1050,0,1.5,0,0,3,1964,0,0,2014-07-02,0.0
Kent,4,2.5,1954,4805,1954,0,2.0,0,0,3,2005,0,0,2014-07-02,0.0
Seattle,2,1.75,1530,3503,830,700,1.0,0,1,4,1916,0,0,2014-07-02,0.0
Seattle,4,2.0,1660,4800,1660,0,1.5,0,0,3,1922,0,0,2014-07-02,0.0
Seattle,6,4.5,3830,4800,3050,780,3.0,0,0,3,1919,2004,1,2014-07-02,0.0
Seattle,3,1.75,1490,1036,1090,400,2.0,0,0,3,2008,0,0,2014-07-02,0.0
Bellevue,3,1.0,1520,9030,1520,0,1.0,0,0,3,1956,0,0,2014-07-02,0.0
Bellevue,5,6.25,8020,21738,8020,0,2.0,0,0,3,2001,0,0,2014-07-02,0.0
Seattle,3,3.0,2470,7410,1860,610,2.0,0,0,5,1977,0,0,2014-07-02,0.0
Seattle,2,1.0,870,4600,870,0,1.0,0,0,4,1942,0,0,2014-07-03,0.0
Mercer Island,4,2.25,2110,12653,2110,0,2.0,0,0,4,1972,0,0,2014-07-05,0.0
Seattle,2,1.75,1990,4000,1090,900,1.0,0,0,5,1952,0,0,2014-07-06,0.0
Shoreline,3,1.0,1560,7552,910,650,1.0,0,0,4,1948,0,0,2014-07-07,0.0
Seattle,3,1.5,1740,4200,1640,100,1.5,0,0,4,1920,0,0,2014-07-07,0.0
Seattle,2,1.0,1290,4650,1290,0,1.0,0,0,4,1906,0,0,2014-07-07,0.0
Bellevue,4,2.0,1700,8640,850,850,1.0,0,0,3,1955,2010,1,2014-07-07,0.0
Bellevue,3,1.75,1880,10032,1880,0,1.0,0,0,4,1984,0,0,2014-07-07,0.0
Seattle,3,1.0,1890,3330,1390,500,1.5,0,0,4,1901,0,0,2014-07-07,0.0
Issaquah,3,2.25,1620,1075,1540,80,3.0,0,0,3,2009,0,0,2014-07-07,0.0
Shoreline,2,1.0,770,8149,770,0,1.0,0,0,3,1948,0,0,2014-07-08,0.0
Renton,4,2.25,2890,18226,2890,0,3.0,1,4,3,1984,0,0,2014-07-08,0.0
Federal Way,3,1.0,1040,8892,800,240,1.0,0,0,4,1958,0,0,2014-07-08,0.0
Renton,4,2.5,2620,8331,2620,0,2.0,0,0,3,1991,0,0,2014-07-08,0.0
Seattle,3,1.75,1880,5752,940,940,1.0,0,0,4,1945,0,0,2014-07-08,0.0
Federal Way,4,2.5,2530,8169,2530,0,2.0,0,0,3,1993,0,0,2014-07-08,0.0
Auburn,3,2.5,2538,4600,2538,0,2.0,0,0,3,2013,0,0,2014-07-08,0.0
Kent,3,2.5,1610,7223,1610,0,2.0,0,0,3,1994,0,0,2014-07-09,0.0
Seattle,3,1.75,1510,6360,1510,0,1.0,0,0,4,1954,0,0,2014-07-09,0.0
Bellevue,3,2.5,1460,7573,1460,0,2.0,0,0,3,1983,0,0,2014-07-09,0.0
Renton,3,2.5,3010,7014,3010,0,2.0,0,0,3,2009,0,0,2014-07-09,0.0
Seattle,4,2.0,2090,6630,1070,1020,1.0,0,0,3,1974,0,0,2014-07-10,0.0
Covington,3,2.5,1490,8102,1490,0,2.0,0,0,4,1990,0,0,2014-07-10,0.0
